backbone,dataset,protocol,seed,target_set,layer_name,layer_group,layer_index,split_source,batch_size,task,matrix_rows,matrix_cols,n_batches,sha256_integrity_all_pass,loss_mean,loss_mean_trainedhead,loss_median,loss_median_trainedhead,loss_std,loss_std_trainedhead,loss_iqr,loss_iqr_trainedhead,grad_erank_mean,grad_erank_mean_trainedhead,grad_erank_median,grad_erank_median_trainedhead,grad_erank_std,grad_erank_std_trainedhead,grad_erank_iqr,grad_erank_iqr_trainedhead,grad_erank_norm_mean,grad_erank_norm_mean_trainedhead,grad_erank_norm_median,grad_erank_norm_median_trainedhead,grad_erank_norm_std,grad_erank_norm_std_trainedhead,grad_erank_norm_iqr,grad_erank_norm_iqr_trainedhead,grad_stable_rank_mean,grad_stable_rank_mean_trainedhead,grad_stable_rank_median,grad_stable_rank_median_trainedhead,grad_stable_rank_std,grad_stable_rank_std_trainedhead,grad_stable_rank_iqr,grad_stable_rank_iqr_trainedhead,grad_top4_energy_mean,grad_top4_energy_mean_trainedhead,grad_top4_energy_median,grad_top4_energy_median_trainedhead,grad_top4_energy_std,grad_top4_energy_std_trainedhead,grad_top4_energy_iqr,grad_top4_energy_iqr_trainedhead,grad_top8_energy_mean,grad_top8_energy_mean_trainedhead,grad_top8_energy_median,grad_top8_energy_median_trainedhead,grad_top8_energy_std,grad_top8_energy_std_trainedhead,grad_top8_energy_iqr,grad_top8_energy_iqr_trainedhead,grad_top16_energy_mean,grad_top16_energy_mean_trainedhead,grad_top16_energy_median,grad_top16_energy_median_trainedhead,grad_top16_energy_std,grad_top16_energy_std_trainedhead,grad_top16_energy_iqr,grad_top16_energy_iqr_trainedhead,grad_sv_entropy_mean,grad_sv_entropy_mean_trainedhead,grad_sv_entropy_median,grad_sv_entropy_median_trainedhead,grad_sv_entropy_std,grad_sv_entropy_std_trainedhead,grad_sv_entropy_iqr,grad_sv_entropy_iqr_trainedhead,grad_spectral_entropy_norm_mean,grad_spectral_entropy_norm_mean_trainedhead,grad_spectral_entropy_norm_median,grad_spectral_entropy_norm_median_trainedhead,grad_spectral_entropy_norm_std,grad_spectral_entropy_norm_std_trainedhead,grad_spectral_entropy_norm_iqr,grad_spectral_entropy_norm_iqr_trainedhead,alignment_A4_mean,alignment_A4_mean_trainedhead,alignment_A4_median,alignment_A4_median_trainedhead,alignment_A4_std,alignment_A4_std_trainedhead,alignment_A4_iqr,alignment_A4_iqr_trainedhead,alignment_A8_mean,alignment_A8_mean_trainedhead,alignment_A8_median,alignment_A8_median_trainedhead,alignment_A8_std,alignment_A8_std_trainedhead,alignment_A8_iqr,alignment_A8_iqr_trainedhead,alignment_A16_mean,alignment_A16_mean_trainedhead,alignment_A16_median,alignment_A16_median_trainedhead,alignment_A16_std,alignment_A16_std_trainedhead,alignment_A16_iqr,alignment_A16_iqr_trainedhead,fisher_target_fraction_mean,fisher_target_fraction_mean_trainedhead,fisher_target_fraction_median,fisher_target_fraction_median_trainedhead,fisher_target_fraction_std,fisher_target_fraction_std_trainedhead,fisher_target_fraction_iqr,fisher_target_fraction_iqr_trainedhead,fisher_layer_trace_mean,fisher_layer_trace_mean_trainedhead,fisher_layer_trace_median,fisher_layer_trace_median_trainedhead,fisher_layer_trace_std,fisher_layer_trace_std_trainedhead,fisher_layer_trace_iqr,fisher_layer_trace_iqr_trainedhead
graphmvp_gin,bace,scaffold,0,expanded,molecule_model.gnns.0.mlp.0,gin_mlp_in,0,dumped/n4_full_ft_splits/bace_scaffold_seed0.json,32,classification,600,300,5,True,0.7042055487600001,0.7042055487600001,0.7055829763,0.7055829763,0.0038371256627905983,0.0038371256627905983,0.003215491700000017,0.003215491700000017,7.780457134200001,7.780457134200001,7.545788762,7.545788762,0.5977736845573512,0.5977736845573512,0.3688816770000001,0.3688816770000001,0.025934857114,0.025934857114,0.025152629206666666,0.025152629206666666,0.0019925789485245042,0.0019925789485245042,0.0012296055899999984,0.0012296055899999984,2.3681899026,2.3681899026,2.381911779,2.381911779,0.3175982613402805,0.3175982613402805,0.34049606,0.34049606,0.9235315041200002,0.9235315041200002,0.9326268701,0.9326268701,0.024350182958377344,0.024350182958377344,0.012706463699999948,0.012706463699999948,0.99243147644,0.99243147644,0.9956005258,0.9956005258,0.005941069102384915,0.005941069102384915,0.001224470000000033,0.001224470000000033,1.0,1.0,1.0,1.0,0.0,0.0,0.0,0.0,2.0488030698,2.0488030698,2.020989628,2.020989628,0.07409527457175664,0.07409527457175664,0.04828535300000025,0.04828535300000025,0.3592007722776091,0.3592007722776091,0.3543244569686744,0.3543244569686744,0.01299055055149571,0.01299055055149571,0.008465496924987603,0.008465496924987603,0.09208530139200001,0.09208530139200001,0.08776217863,0.08776217863,0.02001115924182785,0.02001115924182785,0.026163622060000002,0.026163622060000002,0.23448592136,0.23448592136,0.2175753955,0.2175753955,0.029461677369561137,0.029461677369561137,0.041662000099999985,0.041662000099999985,0.43383565616,0.43383565616,0.4463291064,0.4463291064,0.039921036409428665,0.039921036409428665,0.053904611599999985,0.053904611599999985,0.008876867778,0.008876867778,0.009902174574,0.009902174574,0.0026508937946831098,0.0026508937946831098,0.004222772442999999,0.004222772442999999,3.4654118644000004e-05,3.4654118644000004e-05,3.993599239e-05,3.993599239e-05,1.1479099514228055e-05,1.1479099514228055e-05,2.2469384930000002e-05,2.2469384930000002e-05
graphmvp_gin,bace,scaffold,0,expanded,molecule_model.gnns.0.mlp.2,gin_mlp_out,0,dumped/n4_full_ft_splits/bace_scaffold_seed0.json,32,classification,300,600,5,True,0.7042055487600001,0.7042055487600001,0.7055829763,0.7055829763,0.0038371256627905983,0.0038371256627905983,0.003215491700000017,0.003215491700000017,16.054587711999996,16.054587711999996,15.82322817,15.82322817,1.2547678559293305,1.2547678559293305,2.49155764,2.49155764,0.053515292373333335,0.053515292373333335,0.052744093900000004,0.052744093900000004,0.004182559519764435,0.004182559519764435,0.008305192133333333,0.008305192133333333,2.2198663382,2.2198663382,2.344442464,2.344442464,0.4354303540205375,0.4354303540205375,0.7363357939999997,0.7363357939999997,0.8796167913199999,0.8796167913199999,0.8905254462,0.8905254462,0.026299732138963285,0.026299732138963285,0.05012657269999998,0.05012657269999998,0.96990521426,0.96990521426,0.9718486099,0.9718486099,0.008487801691559644,0.008487801691559644,0.012007325000000013,0.012007325000000013,0.9959117576600001,0.9959117576600001,0.9964410229,0.9964410229,0.0012015149408186397,0.0012015149408186397,0.002325020000000011,0.002325020000000011,2.7729538259999997,2.7729538259999997,2.761478998,2.761478998,0.07789062520976477,0.07789062520976477,0.15541730200000003,0.15541730200000003,0.48616051511802116,0.48616051511802116,0.4841487224083611,0.4841487224083611,0.013655959980216414,0.013655959980216414,0.027248111703167266,0.027248111703167266,0.06795237271,0.06795237271,0.06095981999,0.06095981999,0.024385815198868795,0.024385815198868795,0.023607708189999993,0.023607708189999993,0.120237713612,0.120237713612,0.120516291,0.120516291,0.022713700221829978,0.022713700221829978,0.008277015400000004,0.008277015400000004,0.27294517434,0.27294517434,0.2718683599,0.2718683599,0.02383346200763063,0.02383346200763063,0.016980016099999995,0.016980016099999995,0.020392010762,0.020392010762,0.01823047948,0.01823047948,0.006025073064250371,0.006025073064250371,0.007320142009999999,0.007320142009999999,7.9440313132e-05,7.9440313132e-05,6.966888759e-05,6.966888759e-05,2.6870779379557096e-05,2.6870779379557096e-05,5.474586214e-05,5.474586214e-05
graphmvp_gin,bace,scaffold,0,expanded,molecule_model.gnns.1.mlp.0,gin_mlp_in,1,dumped/n4_full_ft_splits/bace_scaffold_seed0.json,32,classification,600,300,5,True,0.7042055487600001,0.7042055487600001,0.7055829763,0.7055829763,0.0038371256627905983,0.0038371256627905983,0.003215491700000017,0.003215491700000017,20.816234164,20.816234164,20.34059164,20.34059164,1.4756798756463276,1.4756798756463276,2.6345061800000025,2.6345061800000025,0.06938744721333333,0.06938744721333333,0.06780197213333333,0.06780197213333333,0.004918932918821096,0.004918932918821096,0.008781687266666685,0.008781687266666685,2.8771242337999996,2.8771242337999996,2.8626051,2.8626051,0.7014853704508673,0.7014853704508673,1.5176341089999998,1.5176341089999998,0.78865149602,0.78865149602,0.8080116609,0.8080116609,0.04422306230463544,0.04422306230463544,0.05502895050000001,0.05502895050000001,0.9374381539199999,0.9374381539199999,0.9452986576,0.9452986576,0.01577466875622358,0.01577466875622358,0.02308335039999998,0.02308335039999998,0.98949247128,0.98949247128,0.9902107019,0.9902107019,0.0029179126350487444,0.0029179126350487444,0.005003742500000019,0.005003742500000019,3.0332358174,3.0332358174,3.012618478,3.012618478,0.0705598211948841,0.0705598211948841,0.1257603810000001,0.1257603810000001,0.5317937405358064,0.5317937405358064,0.5281790621199289,0.5281790621199289,0.012370706896415635,0.012370706896415635,0.02204859346561605,0.02204859346561605,0.024167347564,0.024167347564,0.02234616977,0.02234616977,0.009114826093039175,0.009114826093039175,0.006211140069999999,0.006211140069999999,0.079783853512,0.079783853512,0.07210337971,0.07210337971,0.01886311791598202,0.01886311791598202,0.03371756541,0.03371756541,0.24576436214,0.24576436214,0.2383443947,0.2383443947,0.02987017208206982,0.02987017208206982,0.026527272900000037,0.026527272900000037,0.028663894202000002,0.028663894202000002,0.02780225424,0.02780225424,0.006418401191899888,0.006418401191899888,0.005112441540000002,0.005112441540000002,0.00011106461024399999,0.00011106461024399999,0.0001062480078,0.0001062480078,2.8340527296933e-05,2.8340527296933e-05,6.032881359e-05,6.032881359e-05
graphmvp_gin,bace,scaffold,0,expanded,molecule_model.gnns.1.mlp.2,gin_mlp_out,1,dumped/n4_full_ft_splits/bace_scaffold_seed0.json,32,classification,300,600,5,True,0.7042055487600001,0.7042055487600001,0.7055829763,0.7055829763,0.0038371256627905983,0.0038371256627905983,0.003215491700000017,0.003215491700000017,39.00443148,39.00443148,37.46467059,37.46467059,2.5987920191435916,2.5987920191435916,5.184707100000004,5.184707100000004,0.1300147716,0.1300147716,0.12488223529999999,0.12488223529999999,0.00866264006381197,0.00866264006381197,0.017282357000000012,0.017282357000000012,3.0501528010000003,3.0501528010000003,2.908159039,2.908159039,0.46765495500838766,0.46765495500838766,0.4771322419999997,0.4771322419999997,0.75420671244,0.75420671244,0.771583178,0.771583178,0.04961770480480424,0.04961770480480424,0.06655115119999999,0.06655115119999999,0.8995209902399999,0.8995209902399999,0.9131788019,0.9131788019,0.02143838438293412,0.02143838438293412,0.035444809300000046,0.035444809300000046,0.97115078934,0.97115078934,0.9757025978,0.9757025978,0.006373413279377547,0.006373413279377547,0.011122981700000034,0.011122981700000034,3.6614841064000005,3.6614841064000005,3.623398371,3.623398371,0.06597564278934182,0.06597564278934182,0.13133208200000013,0.13133208200000013,0.6419396466588951,0.6419396466588951,0.6352623696818667,0.6352623696818667,0.011566998405442987,0.011566998405442987,0.023025436643762665,0.023025436643762665,0.009380344516200002,0.009380344516200002,0.009562416953,0.009562416953,0.0028303738134771734,0.0028303738134771734,0.0052223619480000006,0.0052223619480000006,0.040920557268,0.040920557268,0.04055228805,0.04055228805,0.0032990019333530283,0.0032990019333530283,0.0025352975600000036,0.0025352975600000036,0.11615026864,0.11615026864,0.1162324412,0.1162324412,0.00441666221041215,0.00441666221041215,0.008423179199999992,0.008423179199999992,0.05276838830999999,0.05276838830999999,0.05262283182,0.05262283182,0.008027135596163476,0.008027135596163476,0.010443735949999998,0.010443735949999998,0.00020534742216,0.00020534742216,0.0002011013567,0.0002011013567,4.615469670018086e-05,4.615469670018086e-05,5.8304533e-05,5.8304533e-05
graphmvp_gin,bace,scaffold,0,expanded,molecule_model.gnns.2.mlp.0,gin_mlp_in,2,dumped/n4_full_ft_splits/bace_scaffold_seed0.json,32,classification,600,300,5,True,0.7042055487600001,0.7042055487600001,0.7055829763,0.7055829763,0.0038371256627905983,0.0038371256627905983,0.003215491700000017,0.003215491700000017,37.949195812,37.949195812,37.90216942,37.90216942,1.612925821162556,1.612925821162556,2.0774633899999984,2.0774633899999984,0.12649731937333333,0.12649731937333333,0.12634056473333333,0.12634056473333333,0.005376419403875189,0.005376419403875189,0.006924877966666673,0.006924877966666673,3.0044622436,3.0044622436,2.733163024,2.733163024,0.5512797006945765,0.5512797006945765,0.11549930799999997,0.11549930799999997,0.7140612691600001,0.7140612691600001,0.7251312371,0.7251312371,0.03830745476188418,0.03830745476188418,0.031409335500000024,0.031409335500000024,0.8877078993400002,0.8877078993400002,0.8920419089,0.8920419089,0.01984048264973338,0.01984048264973338,0.013646532400000022,0.013646532400000022,0.97198883874,0.97198883874,0.9723397319,0.9723397319,0.004381439120435944,0.004381439120435944,0.0049787307999999975,0.0049787307999999975,3.6353550542,3.6353550542,3.635008351,3.635008351,0.042151699147943915,0.042151699147943915,0.05527469699999976,0.05527469699999976,0.6373586423313107,0.6373586423313107,0.6372978575448045,0.6372978575448045,0.007390130906155316,0.007390130906155316,0.00969088446931543,0.00969088446931543,0.009181313646200001,0.009181313646200001,0.0077989694,0.0077989694,0.004402319415950964,0.004402319415950964,0.0033280529699999993,0.0033280529699999993,0.04466176493,0.04466176493,0.04224459098,0.04224459098,0.005279964083858895,0.005279964083858895,0.005856827409999994,0.005856827409999994,0.13166275514,0.13166275514,0.1294905714,0.1294905714,0.010089294610406615,0.010089294610406615,0.012122536300000014,0.012122536300000014,0.046163328658000005,0.046163328658000005,0.04675580324,0.04675580324,0.006114690577042604,0.006114690577042604,0.0034670322000000045,0.0034670322000000045,0.00017902760592,0.00017902760592,0.0001700260618,0.0001700260618,3.4440877997130975e-05,3.4440877997130975e-05,5.643344780000001e-05,5.643344780000001e-05
graphmvp_gin,bace,scaffold,0,expanded,molecule_model.gnns.2.mlp.2,gin_mlp_out,2,dumped/n4_full_ft_splits/bace_scaffold_seed0.json,32,classification,300,600,5,True,0.7042055487600001,0.7042055487600001,0.7055829763,0.7055829763,0.0038371256627905983,0.0038371256627905983,0.003215491700000017,0.003215491700000017,54.387869014,54.387869014,54.96587968,54.96587968,2.4412145278054016,2.4412145278054016,3.160108909999998,3.160108909999998,0.18129289671333332,0.18129289671333332,0.18321959893333334,0.18321959893333334,0.008137381759351336,0.008137381759351336,0.01053369636666665,0.01053369636666665,3.505191387,3.505191387,3.357594337,3.357594337,0.6953313104441425,0.6953313104441425,0.6732133119999997,0.6732133119999997,0.6780873594799999,0.6780873594799999,0.6627255287,0.6627255287,0.04911921954200877,0.04911921954200877,0.07508156850000003,0.07508156850000003,0.85402175814,0.85402175814,0.8500542164,0.8500542164,0.021858064583354694,0.021858064583354694,0.022182307000000012,0.022182307000000012,0.9490575339199999,0.9490575339199999,0.945258298,0.945258298,0.006488812652719444,0.006488812652719444,0.008303462799999939,0.008303462799999939,3.995110202,3.995110202,4.006712623,4.006712623,0.04567226981545476,0.04567226981545476,0.057470377999999656,0.057470377999999656,0.700431725745433,0.700431725745433,0.7024658883474527,0.7024658883474527,0.0080073652910839,0.0080073652910839,0.010075836211384193,0.010075836211384193,0.008986784511,0.008986784511,0.00813274114,0.00813274114,0.004983961476941417,0.004983961476941417,0.0030191193090000007,0.0030191193090000007,0.034738201422,0.034738201422,0.03128372394,0.03128372394,0.010831113946215028,0.010831113946215028,0.017020863200000003,0.017020863200000003,0.10552502622599999,0.10552502622599999,0.1066479372,0.1066479372,0.009209386124534518,0.009209386124534518,0.020021589549999996,0.020021589549999996,0.045878734412,0.045878734412,0.04751914902,0.04751914902,0.0034021620875023567,0.0034021620875023567,0.002540081639999997,0.002540081639999997,0.0001777453959,0.0001777453959,0.0001662769064,0.0001662769064,2.6019521095099047e-05,2.6019521095099047e-05,2.414056510000002e-05,2.414056510000002e-05
graphmvp_gin,bace,scaffold,0,expanded,molecule_model.gnns.3.mlp.0,gin_mlp_in,3,dumped/n4_full_ft_splits/bace_scaffold_seed0.json,32,classification,600,300,5,True,0.7042055487600001,0.7042055487600001,0.7055829763,0.7055829763,0.0038371256627905983,0.0038371256627905983,0.003215491700000017,0.003215491700000017,46.67231484,46.67231484,46.59793643,46.59793643,2.4483238023524927,2.4483238023524927,2.3969024199999964,2.3969024199999964,0.1555743828,0.1555743828,0.15532645476666665,0.15532645476666665,0.008161079341174975,0.008161079341174975,0.007989674733333313,0.007989674733333313,3.0142097566,3.0142097566,3.148110732,3.148110732,0.3686478536209776,0.3686478536209776,0.21049403499999997,0.21049403499999997,0.6997998396,0.6997998396,0.7036954166,0.7036954166,0.03999638741734161,0.03999638741734161,0.03345189039999996,0.03345189039999996,0.86179829344,0.86179829344,0.855132408,0.855132408,0.021153023049931725,0.021153023049931725,0.011359306600000063,0.011359306600000063,0.9560974871399999,0.9560974871399999,0.9542736137,0.9542736137,0.0069393134180960785,0.0069393134180960785,0.0048775654999999585,0.0048775654999999585,3.8417316012000002,3.8417316012000002,3.841556258,3.841556258,0.05370384106542046,0.05370384106542046,0.05026172399999984,0.05026172399999984,0.6735410437319601,0.6735410437319601,0.6735103021669059,0.6735103021669059,0.009415478466095853,0.009415478466095853,0.00881199874352312,0.00881199874352312,0.0080365428854,0.0080365428854,0.007900450228,0.007900450228,0.0038300252186375143,0.0038300252186375143,0.0034898904509999993,0.0034898904509999993,0.047542444852,0.047542444852,0.04571329742,0.04571329742,0.012546465574935597,0.012546465574935597,0.019533120369999997,0.019533120369999997,0.11788912071799999,0.11788912071799999,0.1060040317,0.1060040317,0.02142976638900809,0.02142976638900809,0.032017171600000005,0.032017171600000005,0.055014911538,0.055014911538,0.05615505824,0.05615505824,0.002989155868020118,0.002989155868020118,0.002578222180000006,0.002578222180000006,0.00021281360532,0.00021281360532,0.0002074527729,0.0002074527729,2.593786549204571e-05,2.593786549204571e-05,1.6168414799999983e-05,1.6168414799999983e-05
graphmvp_gin,bace,scaffold,0,expanded,molecule_model.gnns.3.mlp.2,gin_mlp_out,3,dumped/n4_full_ft_splits/bace_scaffold_seed0.json,32,classification,300,600,5,True,0.7042055487600001,0.7042055487600001,0.7055829763,0.7055829763,0.0038371256627905983,0.0038371256627905983,0.003215491700000017,0.003215491700000017,53.457395494000004,53.457395494000004,55.38282099,55.38282099,3.2603939687342534,3.2603939687342534,4.804018450000001,4.804018450000001,0.17819131831333332,0.17819131831333332,0.1846094033,0.1846094033,0.010867979895780849,0.010867979895780849,0.016013394833333333,0.016013394833333333,2.4629864846,2.4629864846,2.596708027,2.596708027,0.3067386036859509,0.3067386036859509,0.560442691,0.560442691,0.72759276434,0.72759276434,0.7102749496,0.7102749496,0.04295130035918812,0.04295130035918812,0.0663342441,0.0663342441,0.8645820104,0.8645820104,0.8591118999,0.8591118999,0.019386224130469483,0.019386224130469483,0.035395833499999974,0.035395833499999974,0.9504984427200001,0.9504984427200001,0.9460056826,0.9460056826,0.009970113519472497,0.009970113519472497,0.013244080400000025,0.013244080400000025,3.9769672851999998,3.9769672851999998,4.014269455,4.014269455,0.06240351810706692,0.06240351810706692,0.08942872299999971,0.08942872299999971,0.6972508686772306,0.6972508686772306,0.7037907691670803,0.7037907691670803,0.010940725454441238,0.010940725454441238,0.015678845292112942,0.015678845292112942,0.0038294941764,0.0038294941764,0.004422510562,0.004422510562,0.0010361683465340988,0.0010361683465340988,0.0017150599020000004,0.0017150599020000004,0.016295196102400003,0.016295196102400003,0.01772579099,0.01772579099,0.0037322102859561755,0.0037322102859561755,0.0021572579100000017,0.0021572579100000017,0.059602275802000004,0.059602275802000004,0.0512013296,0.0512013296,0.015189346421480282,0.015189346421480282,0.012799949259999999,0.012799949259999999,0.081349908816,0.081349908816,0.08371866148,0.08371866148,0.0071167535085694955,0.0071167535085694955,0.009763718360000007,0.009763718360000007,0.00031687634766,0.00031687634766,0.000319216575,0.000319216575,5.986758244150904e-05,5.986758244150904e-05,5.580519789999996e-05,5.580519789999996e-05
graphmvp_gin,bace,scaffold,0,expanded,molecule_model.gnns.4.mlp.0,gin_mlp_in,4,dumped/n4_full_ft_splits/bace_scaffold_seed0.json,32,classification,600,300,5,True,0.7042055487600001,0.7042055487600001,0.7055829763,0.7055829763,0.0038371256627905983,0.0038371256627905983,0.003215491700000017,0.003215491700000017,35.491856378,35.491856378,35.89403682,35.89403682,2.872093421179649,2.872093421179649,1.5043964099999982,1.5043964099999982,0.11830618792666665,0.11830618792666665,0.1196467894,0.1196467894,0.009573644737265494,0.009573644737265494,0.005014654699999996,0.005014654699999996,1.609632084,1.609632084,1.580447007,1.580447007,0.11125884872506275,0.11125884872506275,0.15356841900000018,0.15356841900000018,0.8471924661800001,0.8471924661800001,0.8415546389,0.8415546389,0.029742596250038503,0.029742596250038503,0.03225774020000005,0.03225774020000005,0.9286498525400001,0.9286498525400001,0.9285934611,0.9285934611,0.014735656715441612,0.014735656715441612,0.015151016300000042,0.015151016300000042,0.9760690306,0.9760690306,0.9754978969,0.9754978969,0.005490348025946428,0.005490348025946428,0.0013428212999999634,0.0013428212999999634,3.5658307868000003,3.5658307868000003,3.580571176,3.580571176,0.08458197494722627,0.08458197494722627,0.041414228999999914,0.041414228999999914,0.6251694910603919,0.6251694910603919,0.6277538093203354,0.6277538093203354,0.014829102498745698,0.014829102498745698,0.007260835977532021,0.007260835977532021,0.0065270469899999985,0.0065270469899999985,0.005020040284,0.005020040284,0.0024013518779343285,0.0024013518779343285,0.0022829443919999996,0.0022829443919999996,0.019537851014,0.019537851014,0.01892550212,0.01892550212,0.0023572828201020575,0.0023572828201020575,0.0024506191400000023,0.0024506191400000023,0.06426723579199999,0.06426723579199999,0.05856463302,0.05856463302,0.013249030950918443,0.013249030950918443,0.00494995032,0.00494995032,0.14592075042000002,0.14592075042000002,0.1472454324,0.1472454324,0.007407994919434142,0.007407994919434142,0.012777821100000003,0.012777821100000003,0.0005653671862,0.0005653671862,0.0005354535533,0.0005354535533,7.441427261422145e-05,7.441427261422145e-05,0.0001274586539,0.0001274586539
graphmvp_gin,bace,scaffold,0,expanded,molecule_model.gnns.4.mlp.2,gin_mlp_out,4,dumped/n4_full_ft_splits/bace_scaffold_seed0.json,32,classification,300,600,5,True,0.7042055487600001,0.7042055487600001,0.7055829763,0.7055829763,0.0038371256627905983,0.0038371256627905983,0.003215491700000017,0.003215491700000017,6.450823818399999,6.450823818399999,6.425236239,6.425236239,0.33004259840483163,0.33004259840483163,0.31413732100000047,0.31413732100000047,0.021502746061333337,0.021502746061333337,0.02141745413,0.02141745413,0.0011001419946827726,0.0011001419946827726,0.0010471244033333355,0.0010471244033333355,1.0621254107999998,1.0621254107999998,1.059683224,1.059683224,0.0035820216213835396,0.0035820216213835396,0.005519226000000099,0.005519226000000099,0.9930637822200001,0.9930637822200001,0.9935985256,0.9935985256,0.0012239308077698506,0.0012239308077698506,0.001094492899999966,0.001094492899999966,0.9976044764,0.9976044764,0.9976220767,0.9976220767,0.0003372654216073407,0.0003372654216073407,0.00025010179999995774,0.00025010179999995774,0.9995182929800001,0.9995182929800001,0.9995171149,0.9995171149,6.49338119277555e-05,6.49338119277555e-05,3.394879999996103e-05,3.394879999996103e-05,1.8629033876,1.8629033876,1.860233399,1.860233399,0.05104132208108902,0.05104132208108902,0.04878038299999998,0.04878038299999998,0.3266084209693301,0.3266084209693301,0.326140312549722,0.326140312549722,0.00894867963634352,0.00894867963634352,0.008552286700404088,0.008552286700404088,0.0005553251189599999,0.0005553251189599999,0.0002569277293,0.0002569277293,0.0005923882298598055,0.0005923882298598055,0.00047476087249999994,0.00047476087249999994,0.00112813026012,0.00112813026012,0.0009566154222,0.0009566154222,0.0007656766254790306,0.0007656766254790306,0.0005417279912,0.0005417279912,0.004829802743400001,0.004829802743400001,0.004376938224,0.004376938224,0.001031145359044183,0.001031145359044183,0.0010240675929999998,0.0010240675929999998,0.5149712050999999,0.5149712050999999,0.5104628916,0.5104628916,0.02764110005567474,0.02764110005567474,0.01920469810000003,0.01920469810000003,0.0020015251592,0.0020015251592,0.001950765029,0.001950765029,0.00030620787091581133,0.00030620787091581133,0.0005219267909999999,0.0005219267909999999
graphmvp_gin,bace,scaffold,0,historical,molecule_model.gnns.0.mlp.0,gin_mlp_in,0,dumped/n4_full_ft_splits/bace_scaffold_seed0.json,32,classification,600,300,5,True,0.7042055487600001,0.7042055487600001,0.7055829763,0.7055829763,0.0038371256627905983,0.0038371256627905983,0.003215491700000017,0.003215491700000017,7.780457134200001,7.780457134200001,7.545788762,7.545788762,0.5977736845573512,0.5977736845573512,0.3688816770000001,0.3688816770000001,0.025934857114,0.025934857114,0.025152629206666666,0.025152629206666666,0.0019925789485245042,0.0019925789485245042,0.0012296055899999984,0.0012296055899999984,2.3681899026,2.3681899026,2.381911779,2.381911779,0.3175982613402805,0.3175982613402805,0.34049606,0.34049606,0.9235315041200002,0.9235315041200002,0.9326268701,0.9326268701,0.024350182958377344,0.024350182958377344,0.012706463699999948,0.012706463699999948,0.99243147644,0.99243147644,0.9956005258,0.9956005258,0.005941069102384915,0.005941069102384915,0.001224470000000033,0.001224470000000033,1.0,1.0,1.0,1.0,0.0,0.0,0.0,0.0,2.0488030698,2.0488030698,2.020989628,2.020989628,0.07409527457175664,0.07409527457175664,0.04828535300000025,0.04828535300000025,0.3592007722776091,0.3592007722776091,0.3543244569686744,0.3543244569686744,0.01299055055149571,0.01299055055149571,0.008465496924987603,0.008465496924987603,0.09208530139200001,0.09208530139200001,0.08776217863,0.08776217863,0.02001115924182785,0.02001115924182785,0.026163622060000002,0.026163622060000002,0.23448592136,0.23448592136,0.2175753955,0.2175753955,0.029461677369561137,0.029461677369561137,0.041662000099999985,0.041662000099999985,0.43383565616,0.43383565616,0.4463291064,0.4463291064,0.039921036409428665,0.039921036409428665,0.053904611599999985,0.053904611599999985,0.030933522084,0.030933522084,0.03487572137,0.03487572137,0.008357566437210485,0.008357566437210485,0.014889464929999999,0.014889464929999999,3.4654118644000004e-05,3.4654118644000004e-05,3.993599239e-05,3.993599239e-05,1.1479099514228055e-05,1.1479099514228055e-05,2.2469384930000002e-05,2.2469384930000002e-05
graphmvp_gin,bace,scaffold,0,historical,molecule_model.gnns.1.mlp.0,gin_mlp_in,1,dumped/n4_full_ft_splits/bace_scaffold_seed0.json,32,classification,600,300,5,True,0.7042055487600001,0.7042055487600001,0.7055829763,0.7055829763,0.0038371256627905983,0.0038371256627905983,0.003215491700000017,0.003215491700000017,20.816234164,20.816234164,20.34059164,20.34059164,1.4756798756463276,1.4756798756463276,2.6345061800000025,2.6345061800000025,0.06938744721333333,0.06938744721333333,0.06780197213333333,0.06780197213333333,0.004918932918821096,0.004918932918821096,0.008781687266666685,0.008781687266666685,2.8771242337999996,2.8771242337999996,2.8626051,2.8626051,0.7014853704508673,0.7014853704508673,1.5176341089999998,1.5176341089999998,0.78865149602,0.78865149602,0.8080116609,0.8080116609,0.04422306230463544,0.04422306230463544,0.05502895050000001,0.05502895050000001,0.9374381539199999,0.9374381539199999,0.9452986576,0.9452986576,0.01577466875622358,0.01577466875622358,0.02308335039999998,0.02308335039999998,0.98949247128,0.98949247128,0.9902107019,0.9902107019,0.0029179126350487444,0.0029179126350487444,0.005003742500000019,0.005003742500000019,3.0332358174,3.0332358174,3.012618478,3.012618478,0.0705598211948841,0.0705598211948841,0.1257603810000001,0.1257603810000001,0.5317937405358064,0.5317937405358064,0.5281790621199289,0.5281790621199289,0.012370706896415635,0.012370706896415635,0.02204859346561605,0.02204859346561605,0.024167347564,0.024167347564,0.02234616977,0.02234616977,0.009114826093039175,0.009114826093039175,0.006211140069999999,0.006211140069999999,0.079783853512,0.079783853512,0.07210337971,0.07210337971,0.01886311791598202,0.01886311791598202,0.03371756541,0.03371756541,0.24576436214,0.24576436214,0.2383443947,0.2383443947,0.02987017208206982,0.02987017208206982,0.026527272900000037,0.026527272900000037,0.10000889483599999,0.10000889483599999,0.09733424969,0.09733424969,0.018790126534593662,0.018790126534593662,0.01899791226,0.01899791226,0.00011106461024399999,0.00011106461024399999,0.0001062480078,0.0001062480078,2.8340527296933e-05,2.8340527296933e-05,6.032881359e-05,6.032881359e-05
graphmvp_gin,bace,scaffold,0,historical,molecule_model.gnns.2.mlp.0,gin_mlp_in,2,dumped/n4_full_ft_splits/bace_scaffold_seed0.json,32,classification,600,300,5,True,0.7042055487600001,0.7042055487600001,0.7055829763,0.7055829763,0.0038371256627905983,0.0038371256627905983,0.003215491700000017,0.003215491700000017,37.949195812,37.949195812,37.90216942,37.90216942,1.612925821162556,1.612925821162556,2.0774633899999984,2.0774633899999984,0.12649731937333333,0.12649731937333333,0.12634056473333333,0.12634056473333333,0.005376419403875189,0.005376419403875189,0.006924877966666673,0.006924877966666673,3.0044622436,3.0044622436,2.733163024,2.733163024,0.5512797006945765,0.5512797006945765,0.11549930799999997,0.11549930799999997,0.7140612691600001,0.7140612691600001,0.7251312371,0.7251312371,0.03830745476188418,0.03830745476188418,0.031409335500000024,0.031409335500000024,0.8877078993400002,0.8877078993400002,0.8920419089,0.8920419089,0.01984048264973338,0.01984048264973338,0.013646532400000022,0.013646532400000022,0.97198883874,0.97198883874,0.9723397319,0.9723397319,0.004381439120435944,0.004381439120435944,0.0049787307999999975,0.0049787307999999975,3.6353550542,3.6353550542,3.635008351,3.635008351,0.042151699147943915,0.042151699147943915,0.05527469699999976,0.05527469699999976,0.6373586423313107,0.6373586423313107,0.6372978575448045,0.6372978575448045,0.007390130906155316,0.007390130906155316,0.00969088446931543,0.00969088446931543,0.009181313646200001,0.009181313646200001,0.0077989694,0.0077989694,0.004402319415950964,0.004402319415950964,0.0033280529699999993,0.0033280529699999993,0.04466176493,0.04466176493,0.04224459098,0.04224459098,0.005279964083858895,0.005279964083858895,0.005856827409999994,0.005856827409999994,0.13166275514,0.13166275514,0.1294905714,0.1294905714,0.010089294610406615,0.010089294610406615,0.012122536300000014,0.012122536300000014,0.16184331944,0.16184331944,0.1609209397,0.1609209397,0.01846571986859371,0.01846571986859371,0.01981291099999999,0.01981291099999999,0.00017902760592,0.00017902760592,0.0001700260618,0.0001700260618,3.4440877997130975e-05,3.4440877997130975e-05,5.643344780000001e-05,5.643344780000001e-05
graphmvp_gin,bace,scaffold,0,historical,molecule_model.gnns.3.mlp.0,gin_mlp_in,3,dumped/n4_full_ft_splits/bace_scaffold_seed0.json,32,classification,600,300,5,True,0.7042055487600001,0.7042055487600001,0.7055829763,0.7055829763,0.0038371256627905983,0.0038371256627905983,0.003215491700000017,0.003215491700000017,46.67231484,46.67231484,46.59793643,46.59793643,2.4483238023524927,2.4483238023524927,2.3969024199999964,2.3969024199999964,0.1555743828,0.1555743828,0.15532645476666665,0.15532645476666665,0.008161079341174975,0.008161079341174975,0.007989674733333313,0.007989674733333313,3.0142097566,3.0142097566,3.148110732,3.148110732,0.3686478536209776,0.3686478536209776,0.21049403499999997,0.21049403499999997,0.6997998396,0.6997998396,0.7036954166,0.7036954166,0.03999638741734161,0.03999638741734161,0.03345189039999996,0.03345189039999996,0.86179829344,0.86179829344,0.855132408,0.855132408,0.021153023049931725,0.021153023049931725,0.011359306600000063,0.011359306600000063,0.9560974871399999,0.9560974871399999,0.9542736137,0.9542736137,0.0069393134180960785,0.0069393134180960785,0.0048775654999999585,0.0048775654999999585,3.8417316012000002,3.8417316012000002,3.841556258,3.841556258,0.05370384106542046,0.05370384106542046,0.05026172399999984,0.05026172399999984,0.6735410437319601,0.6735410437319601,0.6735103021669059,0.6735103021669059,0.009415478466095853,0.009415478466095853,0.00881199874352312,0.00881199874352312,0.0080365428854,0.0080365428854,0.007900450228,0.007900450228,0.0038300252186375143,0.0038300252186375143,0.0034898904509999993,0.0034898904509999993,0.047542444852,0.047542444852,0.04571329742,0.04571329742,0.012546465574935597,0.012546465574935597,0.019533120369999997,0.019533120369999997,0.11788912071799999,0.11788912071799999,0.1060040317,0.1060040317,0.02142976638900809,0.02142976638900809,0.032017171600000005,0.032017171600000005,0.19325117688,0.19325117688,0.1924124278,0.1924124278,0.0064514877018170425,0.0064514877018170425,0.012925652799999993,0.012925652799999993,0.00021281360532,0.00021281360532,0.0002074527729,0.0002074527729,2.593786549204571e-05,2.593786549204571e-05,1.6168414799999983e-05,1.6168414799999983e-05
graphmvp_gin,bace,scaffold,0,historical,molecule_model.gnns.4.mlp.0,gin_mlp_in,4,dumped/n4_full_ft_splits/bace_scaffold_seed0.json,32,classification,600,300,5,True,0.7042055487600001,0.7042055487600001,0.7055829763,0.7055829763,0.0038371256627905983,0.0038371256627905983,0.003215491700000017,0.003215491700000017,35.491856378,35.491856378,35.89403682,35.89403682,2.872093421179649,2.872093421179649,1.5043964099999982,1.5043964099999982,0.11830618792666665,0.11830618792666665,0.1196467894,0.1196467894,0.009573644737265494,0.009573644737265494,0.005014654699999996,0.005014654699999996,1.609632084,1.609632084,1.580447007,1.580447007,0.11125884872506275,0.11125884872506275,0.15356841900000018,0.15356841900000018,0.8471924661800001,0.8471924661800001,0.8415546389,0.8415546389,0.029742596250038503,0.029742596250038503,0.03225774020000005,0.03225774020000005,0.9286498525400001,0.9286498525400001,0.9285934611,0.9285934611,0.014735656715441612,0.014735656715441612,0.015151016300000042,0.015151016300000042,0.9760690306,0.9760690306,0.9754978969,0.9754978969,0.005490348025946428,0.005490348025946428,0.0013428212999999634,0.0013428212999999634,3.5658307868000003,3.5658307868000003,3.580571176,3.580571176,0.08458197494722627,0.08458197494722627,0.041414228999999914,0.041414228999999914,0.6251694910603919,0.6251694910603919,0.6277538093203354,0.6277538093203354,0.014829102498745698,0.014829102498745698,0.007260835977532021,0.007260835977532021,0.0065270469899999985,0.0065270469899999985,0.005020040284,0.005020040284,0.0024013518779343285,0.0024013518779343285,0.0022829443919999996,0.0022829443919999996,0.019537851014,0.019537851014,0.01892550212,0.01892550212,0.0023572828201020575,0.0023572828201020575,0.0024506191400000023,0.0024506191400000023,0.06426723579199999,0.06426723579199999,0.05856463302,0.05856463302,0.013249030950918443,0.013249030950918443,0.00494995032,0.00494995032,0.5139630867599999,0.5139630867599999,0.4883753383,0.4883753383,0.04079459757229706,0.04079459757229706,0.039243427699999944,0.039243427699999944,0.0005653671862,0.0005653671862,0.0005354535533,0.0005354535533,7.441427261422145e-05,7.441427261422145e-05,0.0001274586539,0.0001274586539
graphmvp_gin,bace,scaffold,1,expanded,molecule_model.gnns.0.mlp.0,gin_mlp_in,0,dumped/n4_full_ft_splits/bace_scaffold_seed1.json,32,classification,600,300,5,True,0.70157712698,0.70157712698,0.7050882578,0.7050882578,0.007714831185915794,0.007714831185915794,0.014057815099999926,0.014057815099999926,8.059172950199999,8.059172950199999,7.914873452,7.914873452,0.6885167079338507,0.6885167079338507,0.5879842800000006,0.5879842800000006,0.026863909834,0.026863909834,0.026382911506666665,0.026382911506666665,0.002295055693112835,0.002295055693112835,0.001959947600000001,0.001959947600000001,2.5368277917999995,2.5368277917999995,2.628581955,2.628581955,0.34420071236684674,0.34420071236684674,0.1359341839999999,0.1359341839999999,0.9170478147599999,0.9170478147599999,0.9322743733,0.9322743733,0.02789530905052378,0.02789530905052378,0.015321125499999977,0.015321125499999977,0.99312235658,0.99312235658,0.9939767945,0.9939767945,0.0030389609274099703,0.0030389609274099703,0.002407261400000027,0.002407261400000027,1.0,1.0,1.0,1.0,0.0,0.0,0.0,0.0,2.0833403538,2.0833403538,2.068743705,2.068743705,0.08227871871693986,0.08227871871693986,0.07522370100000009,0.07522370100000009,0.36525592675684476,0.36525592675684476,0.36269680938782556,0.36269680938782556,0.014425290424824495,0.014425290424824495,0.013188388816411545,0.013188388816411545,0.0981982614,0.0981982614,0.09333372806,0.09333372806,0.04142116233323654,0.04142116233323654,0.025535214540000004,0.025535214540000004,0.27825154455999995,0.27825154455999995,0.2625304798,0.2625304798,0.041919660026345944,0.041919660026345944,0.058122751500000014,0.058122751500000014,0.43032375354,0.43032375354,0.4155915043,0.4155915043,0.03037449115441269,0.03037449115441269,0.031150150399999965,0.031150150399999965,0.00690886533,0.00690886533,0.006586511558,0.006586511558,0.0012867657861250282,0.0012867657861250282,0.0017415049400000002,0.0017415049400000002,2.6059563242000002e-05,2.6059563242000002e-05,2.433142436e-05,2.433142436e-05,5.797481499785187e-06,5.797481499785187e-06,2.90854041e-06,2.90854041e-06
graphmvp_gin,bace,scaffold,1,expanded,molecule_model.gnns.0.mlp.2,gin_mlp_out,0,dumped/n4_full_ft_splits/bace_scaffold_seed1.json,32,classification,300,600,5,True,0.70157712698,0.70157712698,0.7050882578,0.7050882578,0.007714831185915794,0.007714831185915794,0.014057815099999926,0.014057815099999926,16.962624964,16.962624964,16.50145241,16.50145241,1.560435990763552,1.560435990763552,0.9208490000000005,0.9208490000000005,0.05654208321333334,0.05654208321333334,0.05500484136666666,0.05500484136666666,0.005201453302545172,0.005201453302545172,0.003069496666666671,0.003069496666666671,2.74756475,2.74756475,2.69823619,2.69823619,0.5764079422900843,0.5764079422900843,0.6360650539999999,0.6360650539999999,0.86360547868,0.86360547868,0.8832918789,0.8832918789,0.03820513241146351,0.03820513241146351,0.014933721499999941,0.014933721499999941,0.96644282954,0.96644282954,0.9675657194,0.9675657194,0.009093479598198104,0.009093479598198104,0.008897893300000015,0.008897893300000015,0.9950975724600001,0.9950975724600001,0.995530897,0.995530897,0.0014617930516378315,0.0014617930516378315,0.0014779977999999083,0.0014779977999999083,2.8270574464,2.8270574464,2.803448402,2.803448402,0.08744139893265476,0.08744139893265476,0.05635065500000014,0.05635065500000014,0.4956460837981734,0.4956460837981734,0.49150689291827865,0.49150689291827865,0.015330423157121782,0.015330423157121782,0.009879523851125949,0.009879523851125949,0.058002630788,0.058002630788,0.05890805254,0.05890805254,0.0207790425326046,0.0207790425326046,0.042780059610000004,0.042780059610000004,0.128769193132,0.128769193132,0.1360842655,0.1360842655,0.02619056892128086,0.02619056892128086,0.04194677699999999,0.04194677699999999,0.25115815756000004,0.25115815756000004,0.2512638579,0.2512638579,0.024691880608514814,0.024691880608514814,0.020827130299999996,0.020827130299999996,0.016654650115999998,0.016654650115999998,0.01626444714,0.01626444714,0.003735035392509681,0.003735035392509681,0.005622099659999999,0.005622099659999999,6.2687492028e-05,6.2687492028e-05,5.653185872e-05,5.653185872e-05,1.562266113928715e-05,1.562266113928715e-05,1.3962613590000003e-05,1.3962613590000003e-05
graphmvp_gin,bace,scaffold,1,expanded,molecule_model.gnns.1.mlp.0,gin_mlp_in,1,dumped/n4_full_ft_splits/bace_scaffold_seed1.json,32,classification,600,300,5,True,0.70157712698,0.70157712698,0.7050882578,0.7050882578,0.007714831185915794,0.007714831185915794,0.014057815099999926,0.014057815099999926,21.658446548,21.658446548,21.60099261,21.60099261,1.2895629699466975,1.2895629699466975,1.2662857299999999,1.2662857299999999,0.07219482182666667,0.07219482182666667,0.07200330869999999,0.07200330869999999,0.004298543233155656,0.004298543233155656,0.004220952433333328,0.004220952433333328,3.2622084838,3.2622084838,3.136289011,3.136289011,0.9171674314885814,0.9171674314885814,0.8795996089999996,0.8795996089999996,0.76574218592,0.76574218592,0.7801550559,0.7801550559,0.05607798629567844,0.05607798629567844,0.0526475837,0.0526475837,0.9309718947200001,0.9309718947200001,0.9335907877,0.9335907877,0.01113113506748601,0.01113113506748601,0.01634322509999997,0.01634322509999997,0.98883383448,0.98883383448,0.9891006528,0.9891006528,0.0013085797295026738,0.0013085797295026738,0.001069324299999952,0.001069324299999952,3.0736701325999998,3.0736701325999998,3.072739268,3.072739268,0.05835280429051678,0.05835280429051678,0.059667955999999744,0.059667955999999744,0.5388827758171594,0.5388827758171594,0.538719574537283,0.538719574537283,0.0102305451776602,0.0102305451776602,0.010461120539768887,0.010461120539768887,0.025408771484000003,0.025408771484000003,0.01999147336,0.01999147336,0.012683997896064772,0.012683997896064772,0.0076350725599999975,0.0076350725599999975,0.077802136696,0.077802136696,0.06294296503,0.06294296503,0.021030942545020782,0.021030942545020782,0.03826158766999999,0.03826158766999999,0.23654551074,0.23654551074,0.2335632492,0.2335632492,0.01965681273029403,0.01965681273029403,0.011499234999999997,0.011499234999999997,0.027213443614,0.027213443614,0.02653763481,0.02653763481,0.005311524809819239,0.005311524809819239,0.004648486400000002,0.004648486400000002,0.00010300572466199998,0.00010300572466199998,9.870383656e-05,9.870383656e-05,2.525772726019158e-05,2.525772726019158e-05,1.8071645179999998e-05,1.8071645179999998e-05
graphmvp_gin,bace,scaffold,1,expanded,molecule_model.gnns.1.mlp.2,gin_mlp_out,1,dumped/n4_full_ft_splits/bace_scaffold_seed1.json,32,classification,300,600,5,True,0.70157712698,0.70157712698,0.7050882578,0.7050882578,0.007714831185915794,0.007714831185915794,0.014057815099999926,0.014057815099999926,40.475415642,40.475415642,40.50880415,40.50880415,2.8656527713998465,2.8656527713998465,1.515101610000002,1.515101610000002,0.13491805214000002,0.13491805214000002,0.13502934716666667,0.13502934716666667,0.009552175904666154,0.009552175904666154,0.005050338700000018,0.005050338700000018,3.2148090728,3.2148090728,3.445384586,3.445384586,0.5942297119659887,0.5942297119659887,0.1094066680000001,0.1094066680000001,0.74182258438,0.74182258438,0.7400750509,0.7400750509,0.04938482986852816,0.04938482986852816,0.03566440829999995,0.03566440829999995,0.8965732513800001,0.8965732513800001,0.8919371374,0.8919371374,0.018197610892004647,0.018197610892004647,0.015868649299999982,0.015868649299999982,0.9687506853799999,0.9687506853799999,0.9662778355,0.9662778355,0.0058003726761336185,0.0058003726761336185,0.004487639500000085,0.004487639500000085,3.6981116839999997,3.6981116839999997,3.701519337,3.701519337,0.07244032282481103,0.07244032282481103,0.03696598900000003,0.03696598900000003,0.6483612761236841,0.6483612761236841,0.6489587135286241,0.6489587135286241,0.012700400680896838,0.012700400680896838,0.006480960514229306,0.006480960514229306,0.0103762088604,0.0103762088604,0.01137886834,0.01137886834,0.0035729274143929063,0.0035729274143929063,0.004581710875,0.004581710875,0.04501071156400001,0.04501071156400001,0.03711305715,0.03711305715,0.015739647797773395,0.015739647797773395,0.007671179360000002,0.007671179360000002,0.11320786732400001,0.11320786732400001,0.1081423245,0.1081423245,0.016585960015823742,0.016585960015823742,0.003034552300000007,0.003034552300000007,0.054590470096,0.054590470096,0.05404202371,0.05404202371,0.014316270471113569,0.014316270471113569,0.00782240394,0.00782240394,0.00020748389944000002,0.00020748389944000002,0.0001961630769,0.0001961630769,6.650479379616263e-05,6.650479379616263e-05,5.4302014200000004e-05,5.4302014200000004e-05
graphmvp_gin,bace,scaffold,1,expanded,molecule_model.gnns.2.mlp.0,gin_mlp_in,2,dumped/n4_full_ft_splits/bace_scaffold_seed1.json,32,classification,600,300,5,True,0.70157712698,0.70157712698,0.7050882578,0.7050882578,0.007714831185915794,0.007714831185915794,0.014057815099999926,0.014057815099999926,40.727231024,40.727231024,40.19096343,40.19096343,3.461302890346168,3.461302890346168,4.616944490000002,4.616944490000002,0.13575743674666668,0.13575743674666668,0.1339698781,0.1339698781,0.011537676301153895,0.011537676301153895,0.015389814966666665,0.015389814966666665,3.2997421052,3.2997421052,3.511941192,3.511941192,0.9116697463347706,0.9116697463347706,0.6608254259999997,0.6608254259999997,0.70620212582,0.70620212582,0.7173551998,0.7173551998,0.06903956637099169,0.06903956637099169,0.08934589019999994,0.08934589019999994,0.8776986784,0.8776986784,0.8787471794,0.8787471794,0.027978683122054395,0.027978683122054395,0.03179644679999993,0.03179644679999993,0.96591602816,0.96591602816,0.9670237714,0.9670237714,0.008408843887538237,0.008408843887538237,0.008486216200000007,0.008486216200000007,3.7032015792000004,3.7032015792000004,3.69364218,3.69364218,0.0864787930160487,0.0864787930160487,0.11099978500000018,0.11099978500000018,0.6492536480229661,0.6492536480229661,0.6475776726079717,0.6475776726079717,0.015161656918071958,0.015161656918071958,0.01946073250394964,0.01946073250394964,0.0114925149554,0.0114925149554,0.009567391885,0.009567391885,0.003358985447207293,0.003358985447207293,0.0026468509589999984,0.0026468509589999984,0.034253632248,0.034253632248,0.03572146073,0.03572146073,0.005227600827525022,0.005227600827525022,0.003038885670000005,0.003038885670000005,0.11259543400000001,0.11259543400000001,0.110759258,0.110759258,0.014984807348243841,0.014984807348243841,0.010420385599999998,0.010420385599999998,0.045696061646,0.045696061646,0.04139744024,0.04139744024,0.012688307653757346,0.012688307653757346,0.007192571629999998,0.007192571629999998,0.00017505015568,0.00017505015568,0.0001705071627,0.0001705071627,6.11428068333764e-05,6.11428068333764e-05,5.034502830000002e-05,5.034502830000002e-05
graphmvp_gin,bace,scaffold,1,expanded,molecule_model.gnns.2.mlp.2,gin_mlp_out,2,dumped/n4_full_ft_splits/bace_scaffold_seed1.json,32,classification,300,600,5,True,0.70157712698,0.70157712698,0.7050882578,0.7050882578,0.007714831185915794,0.007714831185915794,0.014057815099999926,0.014057815099999926,57.210559818,57.210559818,55.52542826,55.52542826,4.201903952386776,4.201903952386776,7.252052429999999,7.252052429999999,0.19070186606,0.19070186606,0.18508476086666667,0.18508476086666667,0.014006346507955918,0.014006346507955918,0.02417350809999999,0.02417350809999999,3.5940496172000005,3.5940496172000005,3.602586269,3.602586269,0.6731683493365225,0.6731683493365225,1.124608377,1.124608377,0.6734117359799999,0.6734117359799999,0.6774798926,0.6774798926,0.062217230454846915,0.062217230454846915,0.11892750119999995,0.11892750119999995,0.8406710482799999,0.8406710482799999,0.8508542758,0.8508542758,0.029392045604762145,0.029392045604762145,0.04671154099999997,0.04671154099999997,0.9423345551200001,0.9423345551200001,0.9486323861,0.9486323861,0.011228698785057683,0.011228698785057683,0.019851979300000044,0.019851979300000044,4.0440784648,4.0440784648,4.016841083,4.016841083,0.07267983382340297,0.07267983382340297,0.12669327500000005,0.12669327500000005,0.7090169519558613,0.7090169519558613,0.7042416327845878,0.7042416327845878,0.012742392289036905,0.012742392289036905,0.022212150544474785,0.022212150544474785,0.0113412066356,0.0113412066356,0.007423396633,0.007423396633,0.005236663173885835,0.005236663173885835,0.007368444355,0.007368444355,0.032290390184000005,0.032290390184000005,0.02879594022,0.02879594022,0.009548110463141319,0.009548110463141319,0.01186529335,0.01186529335,0.09118340820000001,0.09118340820000001,0.09239561335,0.09239561335,0.014796519645381818,0.014796519645381818,0.025647288350000005,0.025647288350000005,0.046242437408000006,0.046242437408000006,0.04509455791,0.04509455791,0.007379109259337942,0.007379109259337942,0.0028601408100000017,0.0028601408100000017,0.00017590791104,0.00017590791104,0.0001787881192,0.0001787881192,4.036517613424993e-05,4.036517613424993e-05,4.2585626899999997e-05,4.2585626899999997e-05
graphmvp_gin,bace,scaffold,1,expanded,molecule_model.gnns.3.mlp.0,gin_mlp_in,3,dumped/n4_full_ft_splits/bace_scaffold_seed1.json,32,classification,600,300,5,True,0.70157712698,0.70157712698,0.7050882578,0.7050882578,0.007714831185915794,0.007714831185915794,0.014057815099999926,0.014057815099999926,49.13653615,49.13653615,47.89507998,47.89507998,3.599862466853826,3.599862466853826,4.854685709999998,4.854685709999998,0.16378845383333335,0.16378845383333335,0.1596502666,0.1596502666,0.01199954155617942,0.01199954155617942,0.016182285699999993,0.016182285699999993,3.2715153432,3.2715153432,3.308045081,3.308045081,0.6739322214088396,0.6739322214088396,0.9099027190000002,0.9099027190000002,0.67784316382,0.67784316382,0.6810955829,0.6810955829,0.07080864133342009,0.07080864133342009,0.14258523289999991,0.14258523289999991,0.8445733134400001,0.8445733134400001,0.8580220129,0.8580220129,0.032390485160794256,0.032390485160794256,0.057783326999999995,0.057783326999999995,0.9508558207,0.9508558207,0.9554521996,0.9554521996,0.008923491059038408,0.008923491059038408,0.013286414899999932,0.013286414899999932,3.8919225847999996,3.8919225847999996,3.869012785,3.869012785,0.07319806494760832,0.07319806494760832,0.09775974399999976,0.09775974399999976,0.6823406401091037,0.6823406401091037,0.678324042368605,0.678324042368605,0.012833249737845292,0.012833249737845292,0.017139458672272068,0.017139458672272068,0.0117757063142,0.0117757063142,0.009047277518,0.009047277518,0.006296443927399421,0.006296443927399421,0.004112423442,0.004112423442,0.04972971128,0.04972971128,0.05284819483,0.05284819483,0.01578928945046481,0.01578928945046481,0.026785610360000003,0.026785610360000003,0.11234604084199999,0.11234604084199999,0.1216010998,0.1216010998,0.01574335504578347,0.01574335504578347,0.028192360740000005,0.028192360740000005,0.055173825653999996,0.055173825653999996,0.05565703594,0.05565703594,0.0030917651992698903,0.0030917651992698903,0.0031417457000000037,0.0031417457000000037,0.00020952349298,0.00020952349298,0.0002107620385,0.0002107620385,3.209249447457759e-05,3.209249447457759e-05,3.176952309999999e-05,3.176952309999999e-05
graphmvp_gin,bace,scaffold,1,expanded,molecule_model.gnns.3.mlp.2,gin_mlp_out,3,dumped/n4_full_ft_splits/bace_scaffold_seed1.json,32,classification,300,600,5,True,0.70157712698,0.70157712698,0.7050882578,0.7050882578,0.007714831185915794,0.007714831185915794,0.014057815099999926,0.014057815099999926,55.66194674599999,55.66194674599999,53.5149417,53.5149417,4.53516430632824,4.53516430632824,7.441434369999996,7.441434369999996,0.18553982248666664,0.18553982248666664,0.178383139,0.178383139,0.015117214354427463,0.015117214354427463,0.024804781233333323,0.024804781233333323,2.5990322923999996,2.5990322923999996,2.87203471,2.87203471,0.608725731488394,0.608725731488394,0.8193480169999998,0.8193480169999998,0.69965585182,0.69965585182,0.6975811323,0.6975811323,0.07069720773855481,0.07069720773855481,0.1328601827,0.1328601827,0.85117019566,0.85117019566,0.8567993695,0.8567993695,0.035917418201423884,0.035917418201423884,0.07024879109999993,0.07024879109999993,0.94633725196,0.94633725196,0.9501841862,0.9501841862,0.01147821597696663,0.01147821597696663,0.019726110699999966,0.019726110699999966,4.0159754252,4.0159754252,3.979960899,3.979960899,0.08151318221001047,0.08151318221001047,0.13033111200000036,0.13033111200000036,0.7040898637078661,0.7040898637078661,0.6977757157963662,0.6977757157963662,0.014291074838881127,0.014291074838881127,0.02284994432713816,0.02284994432713816,0.0051330073342,0.0051330073342,0.003846430907,0.003846430907,0.0039034227736219397,0.0039034227736219397,0.003322735905,0.003322735905,0.019286944236,0.019286944236,0.01899992278,0.01899992278,0.008428772095666505,0.008428772095666505,0.005693242730000001,0.005693242730000001,0.05495521047600001,0.05495521047600001,0.04682367245,0.04682367245,0.014225750654989976,0.014225750654989976,0.021225638580000004,0.021225638580000004,0.08063568447200001,0.08063568447200001,0.07932433318,0.07932433318,0.006649249863492658,0.006649249863492658,0.004748831669999995,0.004748831669999995,0.00030789876182,0.00030789876182,0.0003109484969,0.0003109484969,5.799339306101847e-05,5.799339306101847e-05,3.9290142000000014e-05,3.9290142000000014e-05
graphmvp_gin,bace,scaffold,1,expanded,molecule_model.gnns.4.mlp.0,gin_mlp_in,4,dumped/n4_full_ft_splits/bace_scaffold_seed1.json,32,classification,600,300,5,True,0.70157712698,0.70157712698,0.7050882578,0.7050882578,0.007714831185915794,0.007714831185915794,0.014057815099999926,0.014057815099999926,37.018564482,37.018564482,38.83265246,38.83265246,3.289651544843788,3.289651544843788,3.226739809999998,3.226739809999998,0.12339521493999998,0.12339521493999998,0.12944217486666665,0.12944217486666665,0.01096550514947929,0.01096550514947929,0.010755799366666652,0.010755799366666652,1.5991185196,1.5991185196,1.603866747,1.603866747,0.06057266280706649,0.06057266280706649,0.007747329999999941,0.007747329999999941,0.83064357044,0.83064357044,0.8243797403,0.8243797403,0.03347878566207058,0.03347878566207058,0.03194033619999992,0.03194033619999992,0.92127199618,0.92127199618,0.9186994779,0.9186994779,0.01606056911847151,0.01606056911847151,0.015647350200000076,0.015647350200000076,0.97468063116,0.97468063116,0.9720536943,0.9720536943,0.005282758177363224,0.005282758177363224,0.0075093030999999755,0.0075093030999999755,3.6072315222,3.6072315222,3.659261451,3.659261451,0.09288080747174808,0.09288080747174808,0.08639072099999989,0.08639072099999989,0.6324279613095568,0.6324279613095568,0.6415499657042171,0.6415499657042171,0.01628407252282995,0.01628407252282995,0.01514621593370058,0.01514621593370058,0.0063912635626,0.0063912635626,0.005346294626,0.005346294626,0.0019910566437021425,0.0019910566437021425,0.002645970821,0.002645970821,0.019564746674799998,0.019564746674799998,0.02025036722,0.02025036722,0.005607892714457484,0.005607892714457484,0.003283805009999998,0.003283805009999998,0.060547279498,0.060547279498,0.0625818894,0.0625818894,0.011368157759969941,0.011368157759969941,0.004083180389999996,0.004083180389999996,0.14523004288000002,0.14523004288000002,0.148312609,0.148312609,0.010308277170961033,0.010308277170961033,0.0011531552000000056,0.0011531552000000056,0.00054890568136,0.00054890568136,0.0005616301205,0.0005616301205,7.166309552504299e-05,7.166309552504299e-05,9.299581870000006e-05,9.299581870000006e-05
graphmvp_gin,bace,scaffold,1,expanded,molecule_model.gnns.4.mlp.2,gin_mlp_out,4,dumped/n4_full_ft_splits/bace_scaffold_seed1.json,32,classification,300,600,5,True,0.70157712698,0.70157712698,0.7050882578,0.7050882578,0.007714831185915794,0.007714831185915794,0.014057815099999926,0.014057815099999926,6.562460885999999,6.562460885999999,6.534982847,6.534982847,0.5295087440029719,0.5295087440029719,0.4892737449999993,0.4892737449999993,0.021874869619999997,0.021874869619999997,0.021783276156666666,0.021783276156666666,0.0017650291466765724,0.0017650291466765724,0.00163091248333333,0.00163091248333333,1.0612500394000002,1.0612500394000002,1.059959072,1.059959072,0.01083027335818595,0.01083027335818595,0.00592580400000009,0.00592580400000009,0.9927647932999999,0.9927647932999999,0.9924240784,0.9924240784,0.0016382189628003278,0.0016382189628003278,0.002080525899999963,0.002080525899999963,0.9974250328200001,0.9974250328200001,0.9974824926,0.9974824926,0.0004948785393142274,0.0004948785393142274,0.0004436496999999928,0.0004436496999999928,0.9994599775599999,0.9994599775599999,0.9995008049,0.9995008049,9.362066263762824e-05,9.362066263762824e-05,8.123069999999011e-05,8.123069999999011e-05,1.8781913719999999,1.8781913719999999,1.877169722,1.877169722,0.07919567707777558,0.07919567707777558,0.07594964900000001,0.07594964900000001,0.32928874485403814,0.32928874485403814,0.32910962687320006,0.32910962687320006,0.01388476461535274,0.01388476461535274,0.013315663656085996,0.013315663656085996,0.00053125817356,0.00053125817356,0.0006062472199,0.0006062472199,0.0002641372106732591,0.0002641372106732591,0.00030549018540000004,0.00030549018540000004,0.00139727094966,0.00139727094966,0.001481549333,0.001481549333,0.00021059464872868347,0.00021059464872868347,0.00016255446699999995,0.00016255446699999995,0.004416727639599999,0.004416727639599999,0.004806578606,0.004806578606,0.001240527746878928,0.001240527746878928,0.0019333399440000002,0.0019333399440000002,0.5216545187799999,0.5216545187799999,0.5315865861,0.5315865861,0.04127484342652141,0.04127484342652141,0.012883040700000015,0.012883040700000015,0.0019715729402,0.0019715729402,0.00196982245,0.00196982245,0.00026788568409417295,0.00026788568409417295,0.0003282214749999999,0.0003282214749999999
graphmvp_gin,bace,scaffold,1,historical,molecule_model.gnns.0.mlp.0,gin_mlp_in,0,dumped/n4_full_ft_splits/bace_scaffold_seed1.json,32,classification,600,300,5,True,0.70157712698,0.70157712698,0.7050882578,0.7050882578,0.007714831185915794,0.007714831185915794,0.014057815099999926,0.014057815099999926,8.059172950199999,8.059172950199999,7.914873452,7.914873452,0.6885167079338507,0.6885167079338507,0.5879842800000006,0.5879842800000006,0.026863909834,0.026863909834,0.026382911506666665,0.026382911506666665,0.002295055693112835,0.002295055693112835,0.001959947600000001,0.001959947600000001,2.5368277917999995,2.5368277917999995,2.628581955,2.628581955,0.34420071236684674,0.34420071236684674,0.1359341839999999,0.1359341839999999,0.9170478147599999,0.9170478147599999,0.9322743733,0.9322743733,0.02789530905052378,0.02789530905052378,0.015321125499999977,0.015321125499999977,0.99312235658,0.99312235658,0.9939767945,0.9939767945,0.0030389609274099703,0.0030389609274099703,0.002407261400000027,0.002407261400000027,1.0,1.0,1.0,1.0,0.0,0.0,0.0,0.0,2.0833403538,2.0833403538,2.068743705,2.068743705,0.08227871871693986,0.08227871871693986,0.07522370100000009,0.07522370100000009,0.36525592675684476,0.36525592675684476,0.36269680938782556,0.36269680938782556,0.014425290424824495,0.014425290424824495,0.013188388816411545,0.013188388816411545,0.0981982614,0.0981982614,0.09333372806,0.09333372806,0.04142116233323654,0.04142116233323654,0.025535214540000004,0.025535214540000004,0.27825154455999995,0.27825154455999995,0.2625304798,0.2625304798,0.041919660026345944,0.041919660026345944,0.058122751500000014,0.058122751500000014,0.43032375354,0.43032375354,0.4155915043,0.4155915043,0.03037449115441269,0.03037449115441269,0.031150150399999965,0.031150150399999965,0.024533782790000003,0.024533782790000003,0.02320592998,0.02320592998,0.003685588014474402,0.003685588014474402,0.006264050090000001,0.006264050090000001,2.6059563242000002e-05,2.6059563242000002e-05,2.433142436e-05,2.433142436e-05,5.797481499785187e-06,5.797481499785187e-06,2.90854041e-06,2.90854041e-06
graphmvp_gin,bace,scaffold,1,historical,molecule_model.gnns.1.mlp.0,gin_mlp_in,1,dumped/n4_full_ft_splits/bace_scaffold_seed1.json,32,classification,600,300,5,True,0.70157712698,0.70157712698,0.7050882578,0.7050882578,0.007714831185915794,0.007714831185915794,0.014057815099999926,0.014057815099999926,21.658446548,21.658446548,21.60099261,21.60099261,1.2895629699466975,1.2895629699466975,1.2662857299999999,1.2662857299999999,0.07219482182666667,0.07219482182666667,0.07200330869999999,0.07200330869999999,0.004298543233155656,0.004298543233155656,0.004220952433333328,0.004220952433333328,3.2622084838,3.2622084838,3.136289011,3.136289011,0.9171674314885814,0.9171674314885814,0.8795996089999996,0.8795996089999996,0.76574218592,0.76574218592,0.7801550559,0.7801550559,0.05607798629567844,0.05607798629567844,0.0526475837,0.0526475837,0.9309718947200001,0.9309718947200001,0.9335907877,0.9335907877,0.01113113506748601,0.01113113506748601,0.01634322509999997,0.01634322509999997,0.98883383448,0.98883383448,0.9891006528,0.9891006528,0.0013085797295026738,0.0013085797295026738,0.001069324299999952,0.001069324299999952,3.0736701325999998,3.0736701325999998,3.072739268,3.072739268,0.05835280429051678,0.05835280429051678,0.059667955999999744,0.059667955999999744,0.5388827758171594,0.5388827758171594,0.538719574537283,0.538719574537283,0.0102305451776602,0.0102305451776602,0.010461120539768887,0.010461120539768887,0.025408771484000003,0.025408771484000003,0.01999147336,0.01999147336,0.012683997896064772,0.012683997896064772,0.0076350725599999975,0.0076350725599999975,0.077802136696,0.077802136696,0.06294296503,0.06294296503,0.021030942545020782,0.021030942545020782,0.03826158766999999,0.03826158766999999,0.23654551074,0.23654551074,0.2335632492,0.2335632492,0.01965681273029403,0.01965681273029403,0.011499234999999997,0.011499234999999997,0.096549776818,0.096549776818,0.0934987345,0.0934987345,0.01494237130238908,0.01494237130238908,0.01669459094999999,0.01669459094999999,0.00010300572466199998,0.00010300572466199998,9.870383656e-05,9.870383656e-05,2.525772726019158e-05,2.525772726019158e-05,1.8071645179999998e-05,1.8071645179999998e-05
graphmvp_gin,bace,scaffold,1,historical,molecule_model.gnns.2.mlp.0,gin_mlp_in,2,dumped/n4_full_ft_splits/bace_scaffold_seed1.json,32,classification,600,300,5,True,0.70157712698,0.70157712698,0.7050882578,0.7050882578,0.007714831185915794,0.007714831185915794,0.014057815099999926,0.014057815099999926,40.727231024,40.727231024,40.19096343,40.19096343,3.461302890346168,3.461302890346168,4.616944490000002,4.616944490000002,0.13575743674666668,0.13575743674666668,0.1339698781,0.1339698781,0.011537676301153895,0.011537676301153895,0.015389814966666665,0.015389814966666665,3.2997421052,3.2997421052,3.511941192,3.511941192,0.9116697463347706,0.9116697463347706,0.6608254259999997,0.6608254259999997,0.70620212582,0.70620212582,0.7173551998,0.7173551998,0.06903956637099169,0.06903956637099169,0.08934589019999994,0.08934589019999994,0.8776986784,0.8776986784,0.8787471794,0.8787471794,0.027978683122054395,0.027978683122054395,0.03179644679999993,0.03179644679999993,0.96591602816,0.96591602816,0.9670237714,0.9670237714,0.008408843887538237,0.008408843887538237,0.008486216200000007,0.008486216200000007,3.7032015792000004,3.7032015792000004,3.69364218,3.69364218,0.0864787930160487,0.0864787930160487,0.11099978500000018,0.11099978500000018,0.6492536480229661,0.6492536480229661,0.6475776726079717,0.6475776726079717,0.015161656918071958,0.015161656918071958,0.01946073250394964,0.01946073250394964,0.0114925149554,0.0114925149554,0.009567391885,0.009567391885,0.003358985447207293,0.003358985447207293,0.0026468509589999984,0.0026468509589999984,0.034253632248,0.034253632248,0.03572146073,0.03572146073,0.005227600827525022,0.005227600827525022,0.003038885670000005,0.003038885670000005,0.11259543400000001,0.11259543400000001,0.110759258,0.110759258,0.014984807348243841,0.014984807348243841,0.010420385599999998,0.010420385599999998,0.16154573592000002,0.16154573592000002,0.149471829,0.149471829,0.03751679783066562,0.03751679783066562,0.022008752300000017,0.022008752300000017,0.00017505015568,0.00017505015568,0.0001705071627,0.0001705071627,6.11428068333764e-05,6.11428068333764e-05,5.034502830000002e-05,5.034502830000002e-05
graphmvp_gin,bace,scaffold,1,historical,molecule_model.gnns.3.mlp.0,gin_mlp_in,3,dumped/n4_full_ft_splits/bace_scaffold_seed1.json,32,classification,600,300,5,True,0.70157712698,0.70157712698,0.7050882578,0.7050882578,0.007714831185915794,0.007714831185915794,0.014057815099999926,0.014057815099999926,49.13653615,49.13653615,47.89507998,47.89507998,3.599862466853826,3.599862466853826,4.854685709999998,4.854685709999998,0.16378845383333335,0.16378845383333335,0.1596502666,0.1596502666,0.01199954155617942,0.01199954155617942,0.016182285699999993,0.016182285699999993,3.2715153432,3.2715153432,3.308045081,3.308045081,0.6739322214088396,0.6739322214088396,0.9099027190000002,0.9099027190000002,0.67784316382,0.67784316382,0.6810955829,0.6810955829,0.07080864133342009,0.07080864133342009,0.14258523289999991,0.14258523289999991,0.8445733134400001,0.8445733134400001,0.8580220129,0.8580220129,0.032390485160794256,0.032390485160794256,0.057783326999999995,0.057783326999999995,0.9508558207,0.9508558207,0.9554521996,0.9554521996,0.008923491059038408,0.008923491059038408,0.013286414899999932,0.013286414899999932,3.8919225847999996,3.8919225847999996,3.869012785,3.869012785,0.07319806494760832,0.07319806494760832,0.09775974399999976,0.09775974399999976,0.6823406401091037,0.6823406401091037,0.678324042368605,0.678324042368605,0.012833249737845292,0.012833249737845292,0.017139458672272068,0.017139458672272068,0.0117757063142,0.0117757063142,0.009047277518,0.009047277518,0.006296443927399421,0.006296443927399421,0.004112423442,0.004112423442,0.04972971128,0.04972971128,0.05284819483,0.05284819483,0.01578928945046481,0.01578928945046481,0.026785610360000003,0.026785610360000003,0.11234604084199999,0.11234604084199999,0.1216010998,0.1216010998,0.01574335504578347,0.01574335504578347,0.028192360740000005,0.028192360740000005,0.19680757385999997,0.19680757385999997,0.1960936784,0.1960936784,0.004724365504950539,0.004724365504950539,0.005955029199999989,0.005955029199999989,0.00020952349298,0.00020952349298,0.0002107620385,0.0002107620385,3.209249447457759e-05,3.209249447457759e-05,3.176952309999999e-05,3.176952309999999e-05
graphmvp_gin,bace,scaffold,1,historical,molecule_model.gnns.4.mlp.0,gin_mlp_in,4,dumped/n4_full_ft_splits/bace_scaffold_seed1.json,32,classification,600,300,5,True,0.70157712698,0.70157712698,0.7050882578,0.7050882578,0.007714831185915794,0.007714831185915794,0.014057815099999926,0.014057815099999926,37.018564482,37.018564482,38.83265246,38.83265246,3.289651544843788,3.289651544843788,3.226739809999998,3.226739809999998,0.12339521493999998,0.12339521493999998,0.12944217486666665,0.12944217486666665,0.01096550514947929,0.01096550514947929,0.010755799366666652,0.010755799366666652,1.5991185196,1.5991185196,1.603866747,1.603866747,0.06057266280706649,0.06057266280706649,0.007747329999999941,0.007747329999999941,0.83064357044,0.83064357044,0.8243797403,0.8243797403,0.03347878566207058,0.03347878566207058,0.03194033619999992,0.03194033619999992,0.92127199618,0.92127199618,0.9186994779,0.9186994779,0.01606056911847151,0.01606056911847151,0.015647350200000076,0.015647350200000076,0.97468063116,0.97468063116,0.9720536943,0.9720536943,0.005282758177363224,0.005282758177363224,0.0075093030999999755,0.0075093030999999755,3.6072315222,3.6072315222,3.659261451,3.659261451,0.09288080747174808,0.09288080747174808,0.08639072099999989,0.08639072099999989,0.6324279613095568,0.6324279613095568,0.6415499657042171,0.6415499657042171,0.01628407252282995,0.01628407252282995,0.01514621593370058,0.01514621593370058,0.0063912635626,0.0063912635626,0.005346294626,0.005346294626,0.0019910566437021425,0.0019910566437021425,0.002645970821,0.002645970821,0.019564746674799998,0.019564746674799998,0.02025036722,0.02025036722,0.005607892714457484,0.005607892714457484,0.003283805009999998,0.003283805009999998,0.060547279498,0.060547279498,0.0625818894,0.0625818894,0.011368157759969941,0.011368157759969941,0.004083180389999996,0.004083180389999996,0.5205631306,0.5205631306,0.5334408181,0.5334408181,0.05606737945209575,0.05606737945209575,0.01552444180000001,0.01552444180000001,0.00054890568136,0.00054890568136,0.0005616301205,0.0005616301205,7.166309552504299e-05,7.166309552504299e-05,9.299581870000006e-05,9.299581870000006e-05
graphmvp_gin,bace,scaffold,2,expanded,molecule_model.gnns.0.mlp.0,gin_mlp_in,0,dumped/n4_full_ft_splits/bace_scaffold_seed2.json,32,classification,600,300,5,True,0.69661042692,0.69661042692,0.7012363672,0.7012363672,0.007833062816563229,0.007833062816563229,0.015493691000000087,0.015493691000000087,8.0486230704,8.0486230704,8.10399879,8.10399879,0.23000397214382043,0.23000397214382043,0.3341707930000002,0.3341707930000002,0.026828743568000003,0.026828743568000003,0.0270133293,0.0270133293,0.0007666799071460674,0.0007666799071460674,0.001113902643333331,0.001113902643333331,2.4285910139999998,2.4285910139999998,2.293326467,2.293326467,0.3371634467275694,0.3371634467275694,0.38469636100000004,0.38469636100000004,0.90272471466,0.90272471466,0.8991868189,0.8991868189,0.013546264291691335,0.013546264291691335,0.005787806900000025,0.005787806900000025,0.9913891617000001,0.9913891617000001,0.9911653456,0.9911653456,0.003089315456955253,0.003089315456955253,0.0047656583999999835,0.0047656583999999835,1.0,1.0,1.0,1.0,0.0,0.0,0.0,0.0,2.0850936426,2.0850936426,2.092357618,2.092357618,0.028528255222111172,0.028528255222111172,0.0418460869999997,0.0418460869999997,0.3655633173012406,0.3655633173012406,0.3668368538416462,0.3668368538416462,0.0050016380093160385,0.0050016380093160385,0.007336550295516275,0.007336550295516275,0.083129368984,0.083129368984,0.07773821643,0.07773821643,0.009652332397613934,0.009652332397613934,0.014126404910000001,0.014126404910000001,0.2618636966,0.2618636966,0.2602720253,0.2602720253,0.027282023795882997,0.027282023795882997,0.01905330229999999,0.01905330229999999,0.40762898818000004,0.40762898818000004,0.4220297591,0.4220297591,0.034518751871323215,0.034518751871323215,0.05322543689999998,0.05322543689999998,0.006284185821600001,0.006284185821600001,0.006516330893,0.006516330893,0.0006104853600822358,0.0006104853600822358,0.0005247283179999999,0.0005247283179999999,2.5389690928e-05,2.5389690928e-05,2.508017133e-05,2.508017133e-05,6.4660025558792275e-06,6.4660025558792275e-06,1.0837758969999998e-05,1.0837758969999998e-05
graphmvp_gin,bace,scaffold,2,expanded,molecule_model.gnns.0.mlp.2,gin_mlp_out,0,dumped/n4_full_ft_splits/bace_scaffold_seed2.json,32,classification,300,600,5,True,0.69661042692,0.69661042692,0.7012363672,0.7012363672,0.007833062816563229,0.007833062816563229,0.015493691000000087,0.015493691000000087,16.563039976000002,16.563039976000002,16.52455847,16.52455847,0.8580032471101874,0.8580032471101874,1.1900270199999987,1.1900270199999987,0.055210133253333335,0.055210133253333335,0.05508186156666666,0.05508186156666666,0.0028600108237006256,0.0028600108237006256,0.003966756733333333,0.003966756733333333,2.60874929,2.60874929,2.643190213,2.643190213,0.4464328455826091,0.4464328455826091,0.44954936199999995,0.44954936199999995,0.8568708807000001,0.8568708807000001,0.8442536406,0.8442536406,0.025445269478522343,0.025445269478522343,0.006046709599999978,0.006046709599999978,0.9678008891400001,0.9678008891400001,0.9693547323,0.9693547323,0.005310101122050607,0.005310101122050607,0.009511273000000098,0.009511273000000098,0.99550264718,0.99550264718,0.9954287529,0.9954287529,0.0005771535117249958,0.0005771535117249958,0.0008323035999999728,0.0008323035999999728,2.8058105216,2.8058105216,2.804847666,2.804847666,0.05242478462748601,0.05242478462748601,0.07092541899999993,0.07092541899999993,0.49192102505085844,0.49192102505085844,0.49175221503675315,0.49175221503675315,0.009191231408355207,0.009191231408355207,0.012434804327679905,0.012434804327679905,0.033424177926,0.033424177926,0.03612901595,0.03612901595,0.008990945304499454,0.008990945304499454,0.012592615560000003,0.012592615560000003,0.105157694848,0.105157694848,0.1005003429,0.1005003429,0.012257582560774513,0.012257582560774513,0.011576769229999992,0.011576769229999992,0.23043063465999997,0.23043063465999997,0.239999685,0.239999685,0.032249298915289264,0.032249298915289264,0.04259203310000004,0.04259203310000004,0.01684415073,0.01684415073,0.01561893423,0.01561893423,0.0021094701724801747,0.0021094701724801747,0.00253918807,0.00253918807,6.8705765446e-05,6.8705765446e-05,5.868980588e-05,5.868980588e-05,2.0980690774188486e-05,2.0980690774188486e-05,2.5853434629999998e-05,2.5853434629999998e-05
graphmvp_gin,bace,scaffold,2,expanded,molecule_model.gnns.1.mlp.0,gin_mlp_in,1,dumped/n4_full_ft_splits/bace_scaffold_seed2.json,32,classification,600,300,5,True,0.69661042692,0.69661042692,0.7012363672,0.7012363672,0.007833062816563229,0.007833062816563229,0.015493691000000087,0.015493691000000087,20.786585686,20.786585686,20.43183456,20.43183456,1.2008772354584833,1.2008772354584833,1.5413119900000005,1.5413119900000005,0.06928861895333334,0.06928861895333334,0.0681061152,0.0681061152,0.004002924118194941,0.004002924118194941,0.005137706633333336,0.005137706633333336,2.8797041546,2.8797041546,3.176213118,3.176213118,0.4788033819322808,0.4788033819322808,0.7320249200000002,0.7320249200000002,0.77880949836,0.77880949836,0.7725095512,0.7725095512,0.04241835517895141,0.04241835517895141,0.03117011720000007,0.03117011720000007,0.9322043004799999,0.9322043004799999,0.9331344198,0.9331344198,0.014477931267661682,0.014477931267661682,0.019587490900000004,0.019587490900000004,0.99009164894,0.99009164894,0.9901369274,0.9901369274,0.0014591252447584207,0.0014591252447584207,0.0027043123000000113,0.0027043123000000113,3.0326272775999996,3.0326272775999996,3.017094202,3.017094202,0.05808172931147047,0.05808172931147047,0.07315297600000026,0.07315297600000026,0.5316870499663986,0.5316870499663986,0.5289637561400616,0.5289637561400616,0.010183019701320455,0.010183019701320455,0.012825344641918424,0.012825344641918424,0.021408802424,0.021408802424,0.02293237574,0.02293237574,0.006190565000502248,0.006190565000502248,0.00798430575,0.00798430575,0.076419054996,0.076419054996,0.07743835563,0.07743835563,0.007096182090156954,0.007096182090156954,0.010607846500000004,0.010607846500000004,0.23895367464,0.23895367464,0.2413852339,0.2413852339,0.026660581717339905,0.026660581717339905,0.0391870671,0.0391870671,0.02784665447,0.02784665447,0.02637058419,0.02637058419,0.0031784880926326586,0.0031784880926326586,0.003052311280000001,0.003052311280000001,0.000113490612396,0.000113490612396,0.0001014955778,0.0001014955778,3.379286293958711e-05,3.379286293958711e-05,3.518148874000001e-05,3.518148874000001e-05
graphmvp_gin,bace,scaffold,2,expanded,molecule_model.gnns.1.mlp.2,gin_mlp_out,1,dumped/n4_full_ft_splits/bace_scaffold_seed2.json,32,classification,300,600,5,True,0.69661042692,0.69661042692,0.7012363672,0.7012363672,0.007833062816563229,0.007833062816563229,0.015493691000000087,0.015493691000000087,40.119179582,40.119179582,39.84830415,39.84830415,2.7907819552553894,2.7907819552553894,4.410253219999994,4.410253219999994,0.13373059860666667,0.13373059860666667,0.1328276805,0.1328276805,0.00930260651751796,0.00930260651751796,0.014700844066666635,0.014700844066666635,2.9318500102,2.9318500102,3.168280172,3.168280172,0.46209612859735716,0.46209612859735716,0.5186699020000001,0.5186699020000001,0.73621566384,0.73621566384,0.7314130424,0.7314130424,0.039410902098173474,0.039410902098173474,0.0681807888,0.0681807888,0.8913110284,0.8913110284,0.8879384731,0.8879384731,0.015255219767058773,0.015255219767058773,0.031063180600000018,0.031063180600000018,0.96980442236,0.96980442236,0.9701747178,0.9701747178,0.004752919622658063,0.004752919622658063,0.008885189699999962,0.008885189699999962,3.6894438208,3.6894438208,3.685079848,3.685079848,0.06937460396519823,0.06937460396519823,0.11030191600000006,0.11030191600000006,0.6468416068097659,0.6468416068097659,0.6460765052619087,0.6460765052619087,0.01216291194018228,0.01216291194018228,0.01933838053784631,0.01933838053784631,0.0082485791258,0.0082485791258,0.008850157676,0.008850157676,0.002257818790591982,0.002257818790591982,0.004128270278999999,0.004128270278999999,0.044827635884,0.044827635884,0.04334382898,0.04334382898,0.006041356023628182,0.006041356023628182,0.012113172509999999,0.012113172509999999,0.12021768834000002,0.12021768834000002,0.1119635108,0.1119635108,0.013492187408740908,0.013492187408740908,0.019878128999999994,0.019878128999999994,0.050778600048,0.050778600048,0.04985931938,0.04985931938,0.005971073798639638,0.005971073798639638,0.005835098130000001,0.005835098130000001,0.0002056060388,0.0002056060388,0.0001868455875,0.0001868455875,5.5905578211107914e-05,5.5905578211107914e-05,0.00011135434030000002,0.00011135434030000002
graphmvp_gin,bace,scaffold,2,expanded,molecule_model.gnns.2.mlp.0,gin_mlp_in,2,dumped/n4_full_ft_splits/bace_scaffold_seed2.json,32,classification,600,300,5,True,0.69661042692,0.69661042692,0.7012363672,0.7012363672,0.007833062816563229,0.007833062816563229,0.015493691000000087,0.015493691000000087,39.63491268200001,39.63491268200001,38.76895875,38.76895875,2.5173854500377257,2.5173854500377257,2.801716490000004,2.801716490000004,0.13211637560666664,0.13211637560666664,0.12922986250000001,0.12922986250000001,0.008391284833459082,0.008391284833459082,0.009339054966666677,0.009339054966666677,3.3824069729999997,3.3824069729999997,3.244791854,3.244791854,0.6889866577236322,0.6889866577236322,1.0657493980000003,1.0657493980000003,0.69898470154,0.69898470154,0.7106301419,0.7106301419,0.03357664956055274,0.03357664956055274,0.054848638299999974,0.054848638299999974,0.87710673184,0.87710673184,0.8781125448,0.8781125448,0.014585051599491854,0.014585051599491854,0.007187915400000078,0.007187915400000078,0.96820006404,0.96820006404,0.9692570046,0.9692570046,0.0050022750339948395,0.0050022750339948395,0.0053661389999999365,0.0053661389999999365,3.6777208454000005,3.6777208454000005,3.657619894,3.657619894,0.06286936215132119,0.06286936215132119,0.07068431200000003,0.07068431200000003,0.6447863083386043,0.6447863083386043,0.641262164230845,0.641262164230845,0.011022398282310145,0.011022398282310145,0.01239253290497555,0.01239253290497555,0.0093591889282,0.0093591889282,0.009813456558,0.009813456558,0.0019065135947138856,0.0019065135947138856,0.0007670056610000007,0.0007670056610000007,0.03701891708,0.03701891708,0.03447590406,0.03447590406,0.007936135848663253,0.007936135848663253,0.00923155732,0.00923155732,0.12075747302000002,0.12075747302000002,0.1144081407,0.1144081407,0.013373423236322497,0.013373423236322497,0.010227229700000007,0.010227229700000007,0.043044134572,0.043044134572,0.04482002427,0.04482002427,0.0037811341840278357,0.0037811341840278357,0.0017655287199999994,0.0017655287199999994,0.00017256674761999998,0.00017256674761999998,0.0001676001993,0.0001676001993,3.809953682859619e-05,3.809953682859619e-05,7.004781209999999e-05,7.004781209999999e-05
graphmvp_gin,bace,scaffold,2,expanded,molecule_model.gnns.2.mlp.2,gin_mlp_out,2,dumped/n4_full_ft_splits/bace_scaffold_seed2.json,32,classification,300,600,5,True,0.69661042692,0.69661042692,0.7012363672,0.7012363672,0.007833062816563229,0.007833062816563229,0.015493691000000087,0.015493691000000087,55.741788762,55.741788762,56.66835619,56.66835619,3.180064284217112,3.180064284217112,3.889100540000001,3.889100540000001,0.18580596253999998,0.18580596253999998,0.1888945206333333,0.1888945206333333,0.010600214280723701,0.010600214280723701,0.012963668466666661,0.012963668466666661,3.3081479026000005,3.3081479026000005,3.169250561,3.169250561,0.31883295563400105,0.31883295563400105,0.345500414,0.345500414,0.6800562605399999,0.6800562605399999,0.6736903605,0.6736903605,0.03557004218504174,0.03557004218504174,0.06393024759999999,0.06393024759999999,0.8483631085799999,0.8483631085799999,0.8433479978,0.8433479978,0.01676438847621474,0.01676438847621474,0.02723894030000007,0.02723894030000007,0.9472002638799999,0.9472002638799999,0.9455506981,0.9455506981,0.007172110304074967,0.007172110304074967,0.008093992599999988,0.008093992599999988,4.01909381,4.01909381,4.037215963,4.037215963,0.05728932637079072,0.05728932637079072,0.07037061199999961,0.07037061199999961,0.7046365859599604,0.7046365859599604,0.7078138026719447,0.7078138026719447,0.010044093831654055,0.010044093831654055,0.012337534313883736,0.012337534313883736,0.0069206004226,0.0069206004226,0.005940945648,0.005940945648,0.004108584087408227,0.004108584087408227,0.002038552616,0.002038552616,0.028346792086,0.028346792086,0.02460871846,0.02460871846,0.008135355427148532,0.008135355427148532,0.015170328930000004,0.015170328930000004,0.09403118085199999,0.09403118085199999,0.08621421957,0.08621421957,0.014154271957970999,0.014154271957970999,0.012196689479999995,0.012196689479999995,0.045393523254,0.045393523254,0.04798573037,0.04798573037,0.004314751439619668,0.004314751439619668,0.006988537770000004,0.006988537770000004,0.00018128709924,0.00018128709924,0.0001875628077,0.0001875628077,3.7587691320344135e-05,3.7587691320344135e-05,4.5493579799999996e-05,4.5493579799999996e-05
graphmvp_gin,bace,scaffold,2,expanded,molecule_model.gnns.3.mlp.0,gin_mlp_in,3,dumped/n4_full_ft_splits/bace_scaffold_seed2.json,32,classification,600,300,5,True,0.69661042692,0.69661042692,0.7012363672,0.7012363672,0.007833062816563229,0.007833062816563229,0.015493691000000087,0.015493691000000087,47.9159412,47.9159412,48.44073714,48.44073714,2.6975773459277166,2.6975773459277166,2.1523483900000002,2.1523483900000002,0.15971980400000002,0.15971980400000002,0.1614691238,0.1614691238,0.008991924486425721,0.008991924486425721,0.007174494633333334,0.007174494633333334,3.0881570532000002,3.0881570532000002,3.24347047,3.24347047,0.4950833455418129,0.4950833455418129,0.57179731,0.57179731,0.67515075516,0.67515075516,0.6684212925,0.6684212925,0.03787522118705865,0.03787522118705865,0.015211463400000014,0.015211463400000014,0.85177161722,0.85177161722,0.8445337984,0.8445337984,0.019170863845321025,0.019170863845321025,0.00839003160000007,0.00839003160000007,0.9545429650399999,0.9545429650399999,0.9531156666,0.9531156666,0.0059888830075779925,0.0059888830075779925,0.001283237100000001,0.001283237100000001,3.8677963220000002,3.8677963220000002,3.880341136,3.880341136,0.0580805000747025,0.0580805000747025,0.04408058199999987,0.04408058199999987,0.6781107693334911,0.6781107693334911,0.6803101544004604,0.6803101544004604,0.010182804188759585,0.010182804188759585,0.00772830699555338,0.00772830699555338,0.0063102674904,0.0063102674904,0.00586922386,0.00586922386,0.0025439042537231307,0.0025439042537231307,0.002765867654,0.002765867654,0.047620291298,0.047620291298,0.0460474636,0.0460474636,0.014778143018653133,0.014778143018653133,0.004269357639999999,0.004269357639999999,0.10216782927999998,0.10216782927999998,0.09721369351,0.09721369351,0.015498116397033785,0.015498116397033785,0.023757741240000005,0.023757741240000005,0.054040110074,0.054040110074,0.05225570728,0.05225570728,0.004445094799028407,0.004445094799028407,0.007157306420000002,0.007157306420000002,0.0002169121988,0.0002169121988,0.0002011227043,0.0002011227043,5.055005644659297e-05,5.055005644659297e-05,3.605983509999999e-05,3.605983509999999e-05
graphmvp_gin,bace,scaffold,2,expanded,molecule_model.gnns.3.mlp.2,gin_mlp_out,3,dumped/n4_full_ft_splits/bace_scaffold_seed2.json,32,classification,300,600,5,True,0.69661042692,0.69661042692,0.7012363672,0.7012363672,0.007833062816563229,0.007833062816563229,0.015493691000000087,0.015493691000000087,54.81147245,54.81147245,54.60382594,54.60382594,3.243486156367772,3.243486156367772,2.7911621300000036,2.7911621300000036,0.18270490816666668,0.18270490816666668,0.18201275313333334,0.18201275313333334,0.010811620521225912,0.010811620521225912,0.009303873766666693,0.009303873766666693,2.4909992568,2.4909992568,2.524685792,2.524685792,0.24407393056732118,0.24407393056732118,0.5285442410000001,0.5285442410000001,0.7135739298,0.7135739298,0.7123685937,0.7123685937,0.03715847762865698,0.03715847762865698,0.04339019759999996,0.04339019759999996,0.86404982464,0.86404982464,0.8581396596,0.8581396596,0.018380280904357567,0.018380280904357567,0.013850050100000066,0.013850050100000066,0.9500259853799999,0.9500259853799999,0.9498046718,0.9498046718,0.006700252990723334,0.006700252990723334,0.00518647910000003,0.00518647910000003,4.0021042368,4.0021042368,4.000103952,4.000103952,0.060306018433366304,0.060306018433366304,0.05016434099999989,0.05016434099999989,0.7016579356913903,0.7016579356913903,0.7013072412515361,0.7013072412515361,0.010572987083803753,0.010572987083803753,0.008794925336458204,0.008794925336458204,0.003972154362,0.003972154362,0.004311526985,0.004311526985,0.0010310941182087375,0.0010310941182087375,0.0004408917580000001,0.0004408917580000001,0.015300000872,0.015300000872,0.01536402738,0.01536402738,0.0036826300047600115,0.0036826300047600115,0.0046632811,0.0046632811,0.05431766391,0.05431766391,0.04934779493,0.04934779493,0.01045630359112426,0.01045630359112426,0.01951127768,0.01951127768,0.07883660984400001,0.07883660984400001,0.07765964168,0.07765964168,0.004837213691905281,0.004837213691905281,0.004217083090000004,0.004217083090000004,0.00031858626462,0.00031858626462,0.0002988978231,0.0002988978231,7.793967433767305e-05,7.793967433767305e-05,8.061149860000001e-05,8.061149860000001e-05
graphmvp_gin,bace,scaffold,2,expanded,molecule_model.gnns.4.mlp.0,gin_mlp_in,4,dumped/n4_full_ft_splits/bace_scaffold_seed2.json,32,classification,600,300,5,True,0.69661042692,0.69661042692,0.7012363672,0.7012363672,0.007833062816563229,0.007833062816563229,0.015493691000000087,0.015493691000000087,35.85446056400001,35.85446056400001,35.31131857,35.31131857,1.787144798643426,1.787144798643426,2.1538793799999993,2.1538793799999993,0.11951486854666667,0.11951486854666667,0.11770439523333333,0.11770439523333333,0.005957149328811422,0.005957149328811422,0.007179597933333337,0.007179597933333337,1.6001691389999997,1.6001691389999997,1.567762076,1.567762076,0.05817497985199795,0.05817497985199795,0.08210247199999987,0.08210247199999987,0.8367637021200001,0.8367637021200001,0.8514225101,0.8514225101,0.03141754605983371,0.03141754605983371,0.052900397500000085,0.052900397500000085,0.9284553543399999,0.9284553543399999,0.9273660836,0.9273660836,0.011046757401670305,0.011046757401670305,0.019641121200000056,0.019641121200000056,0.97747366534,0.97747366534,0.9772681853,0.9772681853,0.0026574426658772885,0.0026574426658772885,0.002262624400000024,0.002262624400000024,3.5782228456,3.5782228456,3.564203552,3.564203552,0.049934840053973126,0.049934840053973126,0.0595426240000001,0.0595426240000001,0.6273420947413811,0.6273420947413811,0.6248842005874066,0.6248842005874066,0.008754688713296852,0.008754688713296852,0.010439147051025777,0.010439147051025777,0.003262594752,0.003262594752,0.003391133013,0.003391133013,0.0010712457172184597,0.0010712457172184597,0.0014755513280000003,0.0014755513280000003,0.0140497369994,0.0140497369994,0.01305828394,0.01305828394,0.006479826176894313,0.006479826176894313,0.004525378094999999,0.004525378094999999,0.04742103747800001,0.04742103747800001,0.04230620531,0.04230620531,0.011098279193463192,0.011098279193463192,0.011989016320000004,0.011989016320000004,0.14847098906,0.14847098906,0.1490503472,0.1490503472,0.0034553314378523545,0.0034553314378523545,0.0034552354000000063,0.0034552354000000063,0.0005934036569599999,0.0005934036569599999,0.0005789045244,0.0005789045244,0.00010686802899692934,0.00010686802899692934,0.00013698375550000004,0.00013698375550000004
graphmvp_gin,bace,scaffold,2,expanded,molecule_model.gnns.4.mlp.2,gin_mlp_out,4,dumped/n4_full_ft_splits/bace_scaffold_seed2.json,32,classification,300,600,5,True,0.69661042692,0.69661042692,0.7012363672,0.7012363672,0.007833062816563229,0.007833062816563229,0.015493691000000087,0.015493691000000087,6.5070070644,6.5070070644,6.265408459,6.265408459,0.349564795470238,0.349564795470238,0.5708169080000003,0.5708169080000003,0.021690023548000002,0.021690023548000002,0.02088469486333333,0.02088469486333333,0.0011652159849007933,0.0011652159849007933,0.0019027230266666674,0.0019027230266666674,1.064053571,1.064053571,1.063836094,1.063836094,0.006508814390362255,0.006508814390362255,0.00933622199999995,0.00933622199999995,0.9931947730199999,0.9931947730199999,0.9933418555,0.9933418555,0.0006229685099117108,0.0006229685099117108,0.0007300189000000179,0.0007300189000000179,0.9976831376399999,0.9976831376399999,0.9978454693,0.9978454693,0.0003835175993917624,0.0003835175993917624,0.00035211799999990134,0.00035211799999990134,0.9994822324599999,0.9994822324599999,0.9995181509,0.9995181509,9.667529513466668e-05,9.667529513466668e-05,9.975470000000985e-05,9.975470000000985e-05,1.8714604877999999,1.8714604877999999,1.835043783,1.835043783,0.05304927935147397,0.05304927935147397,0.0875439130000002,0.0875439130000002,0.32810867106442443,0.32810867106442443,0.32172401229424663,0.32172401229424663,0.009300719230999687,0.009300719230999687,0.01534839615447936,0.01534839615447936,0.00039843445864,0.00039843445864,0.0003589031119,0.0003589031119,0.00027087197516478985,0.00027087197516478985,0.0002823910518,0.0002823910518,0.00173819823624,0.00173819823624,0.001548334743,0.001548334743,0.0008617835250683673,0.0008617835250683673,0.0004665594270000001,0.0004665594270000001,0.005215890544799999,0.005215890544799999,0.004198672495,0.004198672495,0.0021476340385148678,0.0021476340385148678,0.0007826177790000001,0.0007826177790000001,0.5284610421,0.5284610421,0.5266883702,0.5266883702,0.022052564946673306,0.022052564946673306,0.012702858200000056,0.012702858200000056,0.0021065694746,0.0021065694746,0.002133119153,0.002133119153,0.0003500921741283241,0.0003500921741283241,0.00029000174199999987,0.00029000174199999987
graphmvp_gin,bace,scaffold,2,historical,molecule_model.gnns.0.mlp.0,gin_mlp_in,0,dumped/n4_full_ft_splits/bace_scaffold_seed2.json,32,classification,600,300,5,True,0.69661042692,0.69661042692,0.7012363672,0.7012363672,0.007833062816563229,0.007833062816563229,0.015493691000000087,0.015493691000000087,8.0486230704,8.0486230704,8.10399879,8.10399879,0.23000397214382043,0.23000397214382043,0.3341707930000002,0.3341707930000002,0.026828743568000003,0.026828743568000003,0.0270133293,0.0270133293,0.0007666799071460674,0.0007666799071460674,0.001113902643333331,0.001113902643333331,2.4285910139999998,2.4285910139999998,2.293326467,2.293326467,0.3371634467275694,0.3371634467275694,0.38469636100000004,0.38469636100000004,0.90272471466,0.90272471466,0.8991868189,0.8991868189,0.013546264291691335,0.013546264291691335,0.005787806900000025,0.005787806900000025,0.9913891617000001,0.9913891617000001,0.9911653456,0.9911653456,0.003089315456955253,0.003089315456955253,0.0047656583999999835,0.0047656583999999835,1.0,1.0,1.0,1.0,0.0,0.0,0.0,0.0,2.0850936426,2.0850936426,2.092357618,2.092357618,0.028528255222111172,0.028528255222111172,0.0418460869999997,0.0418460869999997,0.3655633173012406,0.3655633173012406,0.3668368538416462,0.3668368538416462,0.0050016380093160385,0.0050016380093160385,0.007336550295516275,0.007336550295516275,0.083129368984,0.083129368984,0.07773821643,0.07773821643,0.009652332397613934,0.009652332397613934,0.014126404910000001,0.014126404910000001,0.2618636966,0.2618636966,0.2602720253,0.2602720253,0.027282023795882997,0.027282023795882997,0.01905330229999999,0.01905330229999999,0.40762898818000004,0.40762898818000004,0.4220297591,0.4220297591,0.034518751871323215,0.034518751871323215,0.05322543689999998,0.05322543689999998,0.02242441129,0.02242441129,0.02334769796,0.02334769796,0.0015737429880641992,0.0015737429880641992,0.0018782904900000001,0.0018782904900000001,2.5389690928e-05,2.5389690928e-05,2.508017133e-05,2.508017133e-05,6.4660025558792275e-06,6.4660025558792275e-06,1.0837758969999998e-05,1.0837758969999998e-05
graphmvp_gin,bace,scaffold,2,historical,molecule_model.gnns.1.mlp.0,gin_mlp_in,1,dumped/n4_full_ft_splits/bace_scaffold_seed2.json,32,classification,600,300,5,True,0.69661042692,0.69661042692,0.7012363672,0.7012363672,0.007833062816563229,0.007833062816563229,0.015493691000000087,0.015493691000000087,20.786585686,20.786585686,20.43183456,20.43183456,1.2008772354584833,1.2008772354584833,1.5413119900000005,1.5413119900000005,0.06928861895333334,0.06928861895333334,0.0681061152,0.0681061152,0.004002924118194941,0.004002924118194941,0.005137706633333336,0.005137706633333336,2.8797041546,2.8797041546,3.176213118,3.176213118,0.4788033819322808,0.4788033819322808,0.7320249200000002,0.7320249200000002,0.77880949836,0.77880949836,0.7725095512,0.7725095512,0.04241835517895141,0.04241835517895141,0.03117011720000007,0.03117011720000007,0.9322043004799999,0.9322043004799999,0.9331344198,0.9331344198,0.014477931267661682,0.014477931267661682,0.019587490900000004,0.019587490900000004,0.99009164894,0.99009164894,0.9901369274,0.9901369274,0.0014591252447584207,0.0014591252447584207,0.0027043123000000113,0.0027043123000000113,3.0326272775999996,3.0326272775999996,3.017094202,3.017094202,0.05808172931147047,0.05808172931147047,0.07315297600000026,0.07315297600000026,0.5316870499663986,0.5316870499663986,0.5289637561400616,0.5289637561400616,0.010183019701320455,0.010183019701320455,0.012825344641918424,0.012825344641918424,0.021408802424,0.021408802424,0.02293237574,0.02293237574,0.006190565000502248,0.006190565000502248,0.00798430575,0.00798430575,0.076419054996,0.076419054996,0.07743835563,0.07743835563,0.007096182090156954,0.007096182090156954,0.010607846500000004,0.010607846500000004,0.23895367464,0.23895367464,0.2413852339,0.2413852339,0.026660581717339905,0.026660581717339905,0.0391870671,0.0391870671,0.09941303373000002,0.09941303373000002,0.09497570675,0.09497570675,0.009189234853249439,0.009189234853249439,0.0065407001799999975,0.0065407001799999975,0.000113490612396,0.000113490612396,0.0001014955778,0.0001014955778,3.379286293958711e-05,3.379286293958711e-05,3.518148874000001e-05,3.518148874000001e-05
graphmvp_gin,bace,scaffold,2,historical,molecule_model.gnns.2.mlp.0,gin_mlp_in,2,dumped/n4_full_ft_splits/bace_scaffold_seed2.json,32,classification,600,300,5,True,0.69661042692,0.69661042692,0.7012363672,0.7012363672,0.007833062816563229,0.007833062816563229,0.015493691000000087,0.015493691000000087,39.63491268200001,39.63491268200001,38.76895875,38.76895875,2.5173854500377257,2.5173854500377257,2.801716490000004,2.801716490000004,0.13211637560666664,0.13211637560666664,0.12922986250000001,0.12922986250000001,0.008391284833459082,0.008391284833459082,0.009339054966666677,0.009339054966666677,3.3824069729999997,3.3824069729999997,3.244791854,3.244791854,0.6889866577236322,0.6889866577236322,1.0657493980000003,1.0657493980000003,0.69898470154,0.69898470154,0.7106301419,0.7106301419,0.03357664956055274,0.03357664956055274,0.054848638299999974,0.054848638299999974,0.87710673184,0.87710673184,0.8781125448,0.8781125448,0.014585051599491854,0.014585051599491854,0.007187915400000078,0.007187915400000078,0.96820006404,0.96820006404,0.9692570046,0.9692570046,0.0050022750339948395,0.0050022750339948395,0.0053661389999999365,0.0053661389999999365,3.6777208454000005,3.6777208454000005,3.657619894,3.657619894,0.06286936215132119,0.06286936215132119,0.07068431200000003,0.07068431200000003,0.6447863083386043,0.6447863083386043,0.641262164230845,0.641262164230845,0.011022398282310145,0.011022398282310145,0.01239253290497555,0.01239253290497555,0.0093591889282,0.0093591889282,0.009813456558,0.009813456558,0.0019065135947138856,0.0019065135947138856,0.0007670056610000007,0.0007670056610000007,0.03701891708,0.03701891708,0.03447590406,0.03447590406,0.007936135848663253,0.007936135848663253,0.00923155732,0.00923155732,0.12075747302000002,0.12075747302000002,0.1144081407,0.1144081407,0.013373423236322497,0.013373423236322497,0.010227229700000007,0.010227229700000007,0.15363471414000002,0.15363471414000002,0.156022811,0.156022811,0.009301816347555678,0.009301816347555678,0.004955067399999985,0.004955067399999985,0.00017256674761999998,0.00017256674761999998,0.0001676001993,0.0001676001993,3.809953682859619e-05,3.809953682859619e-05,7.004781209999999e-05,7.004781209999999e-05
graphmvp_gin,bace,scaffold,2,historical,molecule_model.gnns.3.mlp.0,gin_mlp_in,3,dumped/n4_full_ft_splits/bace_scaffold_seed2.json,32,classification,600,300,5,True,0.69661042692,0.69661042692,0.7012363672,0.7012363672,0.007833062816563229,0.007833062816563229,0.015493691000000087,0.015493691000000087,47.9159412,47.9159412,48.44073714,48.44073714,2.6975773459277166,2.6975773459277166,2.1523483900000002,2.1523483900000002,0.15971980400000002,0.15971980400000002,0.1614691238,0.1614691238,0.008991924486425721,0.008991924486425721,0.007174494633333334,0.007174494633333334,3.0881570532000002,3.0881570532000002,3.24347047,3.24347047,0.4950833455418129,0.4950833455418129,0.57179731,0.57179731,0.67515075516,0.67515075516,0.6684212925,0.6684212925,0.03787522118705865,0.03787522118705865,0.015211463400000014,0.015211463400000014,0.85177161722,0.85177161722,0.8445337984,0.8445337984,0.019170863845321025,0.019170863845321025,0.00839003160000007,0.00839003160000007,0.9545429650399999,0.9545429650399999,0.9531156666,0.9531156666,0.0059888830075779925,0.0059888830075779925,0.001283237100000001,0.001283237100000001,3.8677963220000002,3.8677963220000002,3.880341136,3.880341136,0.0580805000747025,0.0580805000747025,0.04408058199999987,0.04408058199999987,0.6781107693334911,0.6781107693334911,0.6803101544004604,0.6803101544004604,0.010182804188759585,0.010182804188759585,0.00772830699555338,0.00772830699555338,0.0063102674904,0.0063102674904,0.00586922386,0.00586922386,0.0025439042537231307,0.0025439042537231307,0.002765867654,0.002765867654,0.047620291298,0.047620291298,0.0460474636,0.0460474636,0.014778143018653133,0.014778143018653133,0.004269357639999999,0.004269357639999999,0.10216782927999998,0.10216782927999998,0.09721369351,0.09721369351,0.015498116397033785,0.015498116397033785,0.023757741240000005,0.023757741240000005,0.19307661707999998,0.19307661707999998,0.1901956008,0.1901956008,0.012304261351187312,0.012304261351187312,0.013988951500000013,0.013988951500000013,0.0002169121988,0.0002169121988,0.0002011227043,0.0002011227043,5.055005644659297e-05,5.055005644659297e-05,3.605983509999999e-05,3.605983509999999e-05
graphmvp_gin,bace,scaffold,2,historical,molecule_model.gnns.4.mlp.0,gin_mlp_in,4,dumped/n4_full_ft_splits/bace_scaffold_seed2.json,32,classification,600,300,5,True,0.69661042692,0.69661042692,0.7012363672,0.7012363672,0.007833062816563229,0.007833062816563229,0.015493691000000087,0.015493691000000087,35.85446056400001,35.85446056400001,35.31131857,35.31131857,1.787144798643426,1.787144798643426,2.1538793799999993,2.1538793799999993,0.11951486854666667,0.11951486854666667,0.11770439523333333,0.11770439523333333,0.005957149328811422,0.005957149328811422,0.007179597933333337,0.007179597933333337,1.6001691389999997,1.6001691389999997,1.567762076,1.567762076,0.05817497985199795,0.05817497985199795,0.08210247199999987,0.08210247199999987,0.8367637021200001,0.8367637021200001,0.8514225101,0.8514225101,0.03141754605983371,0.03141754605983371,0.052900397500000085,0.052900397500000085,0.9284553543399999,0.9284553543399999,0.9273660836,0.9273660836,0.011046757401670305,0.011046757401670305,0.019641121200000056,0.019641121200000056,0.97747366534,0.97747366534,0.9772681853,0.9772681853,0.0026574426658772885,0.0026574426658772885,0.002262624400000024,0.002262624400000024,3.5782228456,3.5782228456,3.564203552,3.564203552,0.049934840053973126,0.049934840053973126,0.0595426240000001,0.0595426240000001,0.6273420947413811,0.6273420947413811,0.6248842005874066,0.6248842005874066,0.008754688713296852,0.008754688713296852,0.010439147051025777,0.010439147051025777,0.003262594752,0.003262594752,0.003391133013,0.003391133013,0.0010712457172184597,0.0010712457172184597,0.0014755513280000003,0.0014755513280000003,0.0140497369994,0.0140497369994,0.01305828394,0.01305828394,0.006479826176894313,0.006479826176894313,0.004525378094999999,0.004525378094999999,0.04742103747800001,0.04742103747800001,0.04230620531,0.04230620531,0.011098279193463192,0.011098279193463192,0.011989016320000004,0.011989016320000004,0.5314512237000001,0.5314512237000001,0.5389152971,0.5389152971,0.021870101048474793,0.021870101048474793,0.014966803900000047,0.014966803900000047,0.0005934036569599999,0.0005934036569599999,0.0005789045244,0.0005789045244,0.00010686802899692934,0.00010686802899692934,0.00013698375550000004,0.00013698375550000004
graphmvp_gin,bbbp,scaffold,0,expanded,molecule_model.gnns.0.mlp.0,gin_mlp_in,0,dumped/n4_full_ft_splits/bbbp_scaffold_seed0.json,32,classification,600,300,5,True,0.6685064435,0.6685064435,0.6683791876,0.6683791876,0.008807909563522936,0.008807909563522936,0.004003405500000001,0.004003405500000001,7.622284048999999,7.622284048999999,7.80086278,7.80086278,0.6951138496886741,0.6951138496886741,0.7648249920000003,0.7648249920000003,0.025407613496666665,0.025407613496666665,0.026002875933333332,0.026002875933333332,0.0023170461656289135,0.0023170461656289135,0.0025494166399999997,0.0025494166399999997,2.0373177084000003,2.0373177084000003,2.111951504,2.111951504,0.41100879266729806,0.41100879266729806,0.3557065070000003,0.3557065070000003,0.9060988973399999,0.9060988973399999,0.9208508949,0.9208508949,0.046982280311703525,0.046982280311703525,0.07815846449999997,0.07815846449999997,0.9949702436200001,0.9949702436200001,0.9966305224,0.9966305224,0.00344944080701587,0.00344944080701587,0.0012537122999999317,0.0012537122999999317,1.0,1.0,1.0,1.0,0.0,0.0,0.0,0.0,2.026757521,2.026757521,2.05423434,2.05423434,0.09383945807904386,0.09383945807904386,0.09976969499999999,0.09976969499999999,0.35533569697048517,0.35533569697048517,0.3601529948113633,0.3601529948113633,0.016452145308136098,0.016452145308136098,0.017491847812098338,0.017491847812098338,0.05651489254599999,0.05651489254599999,0.04478049986,0.04478049986,0.02203560901371,0.02203560901371,0.02320063594,0.02320063594,0.23367666701999998,0.23367666701999998,0.2320042031,0.2320042031,0.016146042105327895,0.016146042105327895,0.009593379000000013,0.009593379000000013,0.47248502449999996,0.47248502449999996,0.4236043118,0.4236043118,0.06902756904122488,0.06902756904122488,0.1001863549,0.1001863549,0.006543772939000001,0.006543772939000001,0.006128860268,0.006128860268,0.002630612472725313,0.002630612472725313,0.0031628031920000006,0.0031628031920000006,5.6564684202e-05,5.6564684202e-05,5.765551396e-05,5.765551396e-05,1.2251721251958123e-05,1.2251721251958123e-05,1.760634041e-05,1.760634041e-05
graphmvp_gin,bbbp,scaffold,0,expanded,molecule_model.gnns.0.mlp.2,gin_mlp_out,0,dumped/n4_full_ft_splits/bbbp_scaffold_seed0.json,32,classification,300,600,5,True,0.6685064435,0.6685064435,0.6683791876,0.6683791876,0.008807909563522936,0.008807909563522936,0.004003405500000001,0.004003405500000001,16.927077054,16.927077054,16.26581296,16.26581296,1.4086763289799993,1.4086763289799993,2.077064029999999,2.077064029999999,0.05642359018,0.05642359018,0.054219376533333336,0.054219376533333336,0.0046955877632666645,0.0046955877632666645,0.006923546766666663,0.006923546766666663,2.6678345744,2.6678345744,2.394378931,2.394378931,0.41066300009747464,0.41066300009747464,0.531175127,0.531175127,0.8586437553799999,0.8586437553799999,0.8808861267,0.8808861267,0.04116670939693878,0.04116670939693878,0.07139032460000005,0.07139032460000005,0.9715841840999999,0.9715841840999999,0.9764380767,0.9764380767,0.008626553096865348,0.008626553096865348,0.007502124700000001,0.007502124700000001,0.9956901871799999,0.9956901871799999,0.9960808917,0.9960808917,0.000999573776263776,0.000999573776263776,0.0015894549000000646,0.0015894549000000646,2.8254916504,2.8254916504,2.789065541,2.789065541,0.0824971289442847,0.0824971289442847,0.12158462100000023,0.12158462100000023,0.49537156491408946,0.49537156491408946,0.48898525730824133,0.48898525730824133,0.014463582598187561,0.014463582598187561,0.02131648981009371,0.02131648981009371,0.030535209318000002,0.030535209318000002,0.02922543621,0.02922543621,0.007824237442751293,0.007824237442751293,0.00436725189,0.00436725189,0.097899515942,0.097899515942,0.1012326066,0.1012326066,0.022304414214705148,0.022304414214705148,0.033214715699999994,0.033214715699999994,0.2213035857,0.2213035857,0.2136747907,0.2136747907,0.026377336680849607,0.026377336680849607,0.03474475469999999,0.03474475469999999,0.014791148283799998,0.014791148283799998,0.01522955422,0.01522955422,0.002895629578257417,0.002895629578257417,0.0006383811,0.0006383811,0.00013346474734,0.00013346474734,0.0001486572728,0.0001486572728,2.1548199066076368e-05,2.1548199066076368e-05,3.845641910000001e-05,3.845641910000001e-05
graphmvp_gin,bbbp,scaffold,0,expanded,molecule_model.gnns.1.mlp.0,gin_mlp_in,1,dumped/n4_full_ft_splits/bbbp_scaffold_seed0.json,32,classification,600,300,5,True,0.6685064435,0.6685064435,0.6683791876,0.6683791876,0.008807909563522936,0.008807909563522936,0.004003405500000001,0.004003405500000001,20.926620726,20.926620726,20.42664222,20.42664222,1.346035958268329,1.346035958268329,1.7701730599999976,1.7701730599999976,0.06975540242,0.06975540242,0.0680888074,0.0680888074,0.004486786527561095,0.004486786527561095,0.00590057686666666,0.00590057686666666,2.6856657731999998,2.6856657731999998,2.423152638,2.423152638,0.48745826209370463,0.48745826209370463,0.728826051,0.728826051,0.7944016476,0.7944016476,0.8102091908,0.8102091908,0.03993652892373761,0.03993652892373761,0.07236647470000002,0.07236647470000002,0.9421482191200001,0.9421482191200001,0.9467784898,0.9467784898,0.012388218446861105,0.012388218446861105,0.015987342199999977,0.015987342199999977,0.99100117734,0.99100117734,0.9912860129,0.9912860129,0.0019733894298308145,0.0019733894298308145,0.0013037458000000335,0.0013037458000000335,3.039009633,3.039009633,3.01684004,3.01684004,0.06300695725313603,0.06300695725313603,0.08567158100000016,0.08567158100000016,0.532806018901199,0.532806018901199,0.5289191958853308,0.5289191958853308,0.011046521765704937,0.011046521765704937,0.015020134687931619,0.015020134687931619,0.03174427611,0.03174427611,0.03226375955,0.03226375955,0.012969529350435969,0.012969529350435969,0.010833574779999997,0.010833574779999997,0.08013863829800001,0.08013863829800001,0.07256269528,0.07256269528,0.015568077499123846,0.015568077499123846,0.009492713099999994,0.009492713099999994,0.2354860483,0.2354860483,0.2431817719,0.2431817719,0.0184374567515612,0.0184374567515612,0.012059366900000007,0.012059366900000007,0.021908670844,0.021908670844,0.02333487872,0.02333487872,0.0022572473450614915,0.0022572473450614915,0.002899540400000001,0.002899540400000001,0.00020208088682,0.00020208088682,0.0002121868893,0.0002121868893,3.5439606266599726e-05,3.5439606266599726e-05,1.8971157199999984e-05,1.8971157199999984e-05
graphmvp_gin,bbbp,scaffold,0,expanded,molecule_model.gnns.1.mlp.2,gin_mlp_out,1,dumped/n4_full_ft_splits/bbbp_scaffold_seed0.json,32,classification,300,600,5,True,0.6685064435,0.6685064435,0.6683791876,0.6683791876,0.008807909563522936,0.008807909563522936,0.004003405500000001,0.004003405500000001,36.379123183999994,36.379123183999994,36.97016167,36.97016167,3.0628459145135185,3.0628459145135185,2.745440870000003,2.745440870000003,0.12126374394666666,0.12126374394666666,0.12323387223333335,0.12323387223333335,0.010209486381711727,0.010209486381711727,0.009151469566666695,0.009151469566666695,2.4385593519999995,2.4385593519999995,2.320649119,2.320649119,0.5703802406881818,0.5703802406881818,0.8771080689999997,0.8771080689999997,0.7821476051799999,0.7821476051799999,0.7663603619,0.7663603619,0.051593563525480945,0.051593563525480945,0.05531473139999998,0.05531473139999998,0.9133392554,0.9133392554,0.9122988336,0.9122988336,0.0179345603342519,0.0179345603342519,0.009081365100000016,0.009081365100000016,0.97665615458,0.97665615458,0.977074942,0.977074942,0.005323290543550188,0.005323290543550188,0.0010533939999999298,0.0010533939999999298,3.5903812115999996,3.5903812115999996,3.610111146,3.610111146,0.08545956329061205,0.08545956329061205,0.07563244199999986,0.07563244199999986,0.6294737268739219,0.6294737268739219,0.6329328234449547,0.6329328234449547,0.014982963265225703,0.014982963265225703,0.013260050209849328,0.013260050209849328,0.0110806449134,0.0110806449134,0.01088667203,0.01088667203,0.0031012276756098626,0.0031012276756098626,0.0018877235720000003,0.0018877235720000003,0.046409325922,0.046409325922,0.04736949852,0.04736949852,0.007906830032625827,0.007906830032625827,0.0031000857799999976,0.0031000857799999976,0.120443110182,0.120443110182,0.1263987463,0.1263987463,0.02000685821883128,0.02000685821883128,0.023634807399999985,0.023634807399999985,0.041814226510000004,0.041814226510000004,0.03899502113,0.03899502113,0.008542546823713968,0.008542546823713968,0.0049971743999999985,0.0049971743999999985,0.00038952259637999997,0.00038952259637999997,0.0004050578573,0.0004050578573,0.00010588289308398037,0.00010588289308398037,7.672212080000004e-05,7.672212080000004e-05
graphmvp_gin,bbbp,scaffold,0,expanded,molecule_model.gnns.2.mlp.0,gin_mlp_in,2,dumped/n4_full_ft_splits/bbbp_scaffold_seed0.json,32,classification,600,300,5,True,0.6685064435,0.6685064435,0.6683791876,0.6683791876,0.008807909563522936,0.008807909563522936,0.004003405500000001,0.004003405500000001,34.419043706000004,34.419043706000004,34.36002984,34.36002984,1.204396604506913,1.204396604506913,1.9186533499999996,1.9186533499999996,0.11473014568666669,0.11473014568666669,0.11453343280000002,0.11453343280000002,0.004014655348356379,0.004014655348356379,0.006395511166666673,0.006395511166666673,2.3361501516,2.3361501516,2.334368453,2.334368453,0.2250708742201403,0.2250708742201403,0.14470177299999998,0.14470177299999998,0.7594391268199999,0.7594391268199999,0.757735058,0.757735058,0.01676786933063689,0.01676786933063689,0.0249633695,0.0249633695,0.9074391955,0.9074391955,0.9076939669,0.9076939669,0.008360523707130231,0.008360523707130231,0.005274403299999952,0.005274403299999952,0.9777596592,0.9777596592,0.9766785173,0.9766785173,0.0023640709361906842,0.0023640709361906842,0.002597321800000052,0.002597321800000052,3.537999984,3.537999984,3.536893965,3.536893965,0.03489788415231975,0.03489788415231975,0.05594954200000002,0.05594954200000002,0.6202901319818048,0.6202901319818048,0.6200962222377158,0.6200962222377158,0.006118375710746793,0.006118375710746793,0.00980919981584194,0.00980919981584194,0.017746620034000002,0.017746620034000002,0.02094088226,0.02094088226,0.004624657088952023,0.004624657088952023,0.008441808849999998,0.008441808849999998,0.052964584292,0.052964584292,0.05423740042,0.05423740042,0.007909180097859668,0.007909180097859668,0.014571843629999998,0.014571843629999998,0.15164398387999997,0.15164398387999997,0.1447563844,0.1447563844,0.01730618587088375,0.01730618587088375,0.014143458599999992,0.014143458599999992,0.03696754545,0.03696754545,0.03553034309,0.03553034309,0.004012077738359775,0.004012077738359775,0.004039591199999998,0.004039591199999998,0.00034539856716,0.00034539856716,0.0003554185678,0.0003554185678,7.831775249769194e-05,7.831775249769194e-05,5.175574910000003e-05,5.175574910000003e-05
graphmvp_gin,bbbp,scaffold,0,expanded,molecule_model.gnns.2.mlp.2,gin_mlp_out,2,dumped/n4_full_ft_splits/bbbp_scaffold_seed0.json,32,classification,300,600,5,True,0.6685064435,0.6685064435,0.6683791876,0.6683791876,0.008807909563522936,0.008807909563522936,0.004003405500000001,0.004003405500000001,45.280675736,45.280675736,44.72528152,44.72528152,2.1065934993444473,2.1065934993444473,2.1518213100000025,2.1518213100000025,0.15093558578666663,0.15093558578666663,0.14908427173333336,0.14908427173333336,0.007021978331148156,0.007021978331148156,0.007172737700000015,0.007172737700000015,2.068902676,2.068902676,2.14729011,2.14729011,0.24739356439766905,0.24739356439766905,0.24480464800000012,0.24480464800000012,0.77664067708,0.77664067708,0.7730375478,0.7730375478,0.019663793619469853,0.019663793619469853,0.022773902800000023,0.022773902800000023,0.90028628948,0.90028628948,0.8989782287,0.8989782287,0.010379727559813992,0.010379727559813992,0.009860423800000073,0.009860423800000073,0.96808723524,0.96808723524,0.9677190531,0.9677190531,0.0037596426234878765,0.0037596426234878765,0.0010153132000000342,0.0010153132000000342,3.8118093146,3.8118093146,3.800538924,3.800538924,0.046166296812769334,0.046166296812769334,0.04758831099999972,0.04758831099999972,0.6682950009992727,0.6682950009992727,0.6663190507153904,0.6663190507153904,0.008093979217808783,0.008093979217808783,0.008343289950388244,0.008343289950388244,0.008343629392,0.008343629392,0.00823175902,0.00823175902,0.0012050136737385261,0.0012050136737385261,0.00048164368399999935,0.00048164368399999935,0.025886515177999996,0.025886515177999996,0.02655363172,0.02655363172,0.002583530839103236,0.002583530839103236,0.0017807167500000012,0.0017807167500000012,0.09984931719000001,0.09984931719000001,0.09818135633,0.09818135633,0.008726290102935352,0.008726290102935352,0.014341171829999999,0.014341171829999999,0.044576476372000004,0.044576476372000004,0.04559498706,0.04559498706,0.0039712166829992375,0.0039712166829992375,0.006228882330000005,0.006228882330000005,0.00041329837986,0.00041329837986,0.0004505018005,0.0004505018005,7.818294656109776e-05,7.818294656109776e-05,3.967629170000003e-05,3.967629170000003e-05
graphmvp_gin,bbbp,scaffold,0,expanded,molecule_model.gnns.3.mlp.0,gin_mlp_in,3,dumped/n4_full_ft_splits/bbbp_scaffold_seed0.json,32,classification,600,300,5,True,0.6685064435,0.6685064435,0.6683791876,0.6683791876,0.008807909563522936,0.008807909563522936,0.004003405500000001,0.004003405500000001,38.538066154000006,38.538066154000006,37.81966086,37.81966086,1.91479241784226,1.91479241784226,3.280577270000002,3.280577270000002,0.12846022051333333,0.12846022051333333,0.1260655362,0.1260655362,0.006382641392807528,0.006382641392807528,0.010935257566666662,0.010935257566666662,2.1059459938,2.1059459938,1.94434224,1.94434224,0.2710439054338503,0.2710439054338503,0.5115502760000001,0.5115502760000001,0.77918619786,0.77918619786,0.7889743642,0.7889743642,0.023974859216240076,0.023974859216240076,0.027835320700000055,0.027835320700000055,0.8983642790000002,0.8983642790000002,0.9042767466,0.9042767466,0.013514030896956254,0.013514030896956254,0.014264641899999986,0.014264641899999986,0.9721311582599999,0.9721311582599999,0.9742441324,0.9742441324,0.0036009834605488632,0.0036009834605488632,0.0057397390000000215,0.0057397390000000215,3.6504265052,3.6504265052,3.632829096,3.632829096,0.0492499940803732,0.0492499940803732,0.08533871400000015,0.08533871400000015,0.6400010030922563,0.6400010030922563,0.6369157856460806,0.6369157856460806,0.008634619973536367,0.008634619973536367,0.014961775695196633,0.014961775695196633,0.0102088422816,0.0102088422816,0.009588032283,0.009588032283,0.005344357374238409,0.005344357374238409,0.0076334201739999994,0.0076334201739999994,0.059077959209999996,0.059077959209999996,0.05102156492,0.05102156492,0.01590535914521975,0.01590535914521975,0.026441902319999995,0.026441902319999995,0.13882672708,0.13882672708,0.1184425909,0.1184425909,0.029480221799466244,0.029480221799466244,0.056043218000000006,0.056043218000000006,0.051468771095999996,0.051468771095999996,0.05511261403,0.05511261403,0.007260748195584411,0.007260748195584411,0.0067448244800000015,0.0067448244800000015,0.00047383885830000006,0.00047383885830000006,0.0004589747405,0.0004589747405,9.468426050493019e-05,9.468426050493019e-05,0.00011335505410000002,0.00011335505410000002
graphmvp_gin,bbbp,scaffold,0,expanded,molecule_model.gnns.3.mlp.2,gin_mlp_out,3,dumped/n4_full_ft_splits/bbbp_scaffold_seed0.json,32,classification,300,600,5,True,0.6685064435,0.6685064435,0.6683791876,0.6683791876,0.008807909563522936,0.008807909563522936,0.004003405500000001,0.004003405500000001,44.654928392,44.654928392,44.37457386,44.37457386,2.1626159269440337,2.1626159269440337,3.0522115600000035,3.0522115600000035,0.14884976130666666,0.14884976130666666,0.1479152462,0.1479152462,0.007208719756480117,0.007208719756480117,0.010174038533333346,0.010174038533333346,1.8198787500000002,1.8198787500000002,1.766617893,1.766617893,0.1756133397996659,0.1756133397996659,0.2206960149999999,0.2206960149999999,0.78597307764,0.78597307764,0.7927473593,0.7927473593,0.027325032566001953,0.027325032566001953,0.05154561939999991,0.05154561939999991,0.9003195928200001,0.9003195928200001,0.9043994858,0.9043994858,0.013172649077379495,0.013172649077379495,0.014599918500000086,0.014599918500000086,0.9669405911799999,0.9669405911799999,0.9677479075,0.9677479075,0.0038822374043110605,0.0038822374043110605,0.0036273832000000006,0.0036273832000000006,3.797779061,3.797779061,3.792666645,3.792666645,0.04883093108854929,0.04883093108854929,0.06754634599999987,0.06754634599999987,0.6658351853133938,0.6658351853133938,0.6649388650166933,0.6649388650166933,0.008561148905225831,0.008561148905225831,0.011842377632760415,0.011842377632760415,0.0061980177342,0.0061980177342,0.006522063153,0.006522063153,0.001014305626372084,0.001014305626372084,0.00036232424500000013,0.00036232424500000013,0.025172224026,0.025172224026,0.0254639445,0.0254639445,0.005275766103097089,0.005275766103097089,0.00669673258,0.00669673258,0.07893684302,0.07893684302,0.07568555308,0.07568555308,0.00508159746510796,0.00508159746510796,0.00788572164000001,0.00788572164000001,0.07123061767000001,0.07123061767000001,0.07753435408,0.07753435408,0.010222806102754061,0.010222806102754061,0.01420618807,0.01420618807,0.00065660409164,0.00065660409164,0.0006411357899,0.0006411357899,0.00013714148350422008,0.00013714148350422008,0.00016244139989999998,0.00016244139989999998
graphmvp_gin,bbbp,scaffold,0,expanded,molecule_model.gnns.4.mlp.0,gin_mlp_in,4,dumped/n4_full_ft_splits/bbbp_scaffold_seed0.json,32,classification,600,300,5,True,0.6685064435,0.6685064435,0.6683791876,0.6683791876,0.008807909563522936,0.008807909563522936,0.004003405500000001,0.004003405500000001,28.007198742000003,28.007198742000003,27.53800574,27.53800574,1.6829825646576344,1.6829825646576344,1.593386419999998,1.593386419999998,0.09335732914000001,0.09335732914000001,0.09179335246666666,0.09179335246666666,0.005609941882192115,0.005609941882192115,0.005311288066666656,0.005311288066666656,1.4052315988,1.4052315988,1.393401039,1.393401039,0.05716303791675185,0.05716303791675185,0.022073341000000024,0.022073341000000024,0.8994608592200001,0.8994608592200001,0.9044156048,0.9044156048,0.016293394394527292,0.016293394394527292,0.01910835150000001,0.01910835150000001,0.95406681056,0.95406681056,0.9540697567,0.9540697567,0.008011373566066664,0.008011373566066664,0.008666787200000026,0.008666787200000026,0.98694346062,0.98694346062,0.9872650338,0.9872650338,0.002543025257286604,0.002543025257286604,0.0018666842999999211,0.0018666842999999211,3.3307161464000004,3.3307161464000004,3.315567077,3.315567077,0.05858799809360067,0.05858799809360067,0.05787146599999993,0.05787146599999993,0.5839486623480958,0.5839486623480958,0.5812926933543074,0.5812926933543074,0.010271779885352675,0.010271779885352675,0.010146155863611894,0.010146155863611894,0.00237565972,0.00237565972,0.002075035758,0.002075035758,0.0008363327194766339,0.0008363327194766339,0.0014079378889999999,0.0014079378889999999,0.0157727268604,0.0157727268604,0.01809027278,0.01809027278,0.0040073110065092414,0.0040073110065092414,0.00587848113,0.00587848113,0.06236932211599999,0.06236932211599999,0.06604796404,0.06604796404,0.008177231094430953,0.008177231094430953,0.015956424349999998,0.015956424349999998,0.15201239632000002,0.15201239632000002,0.154526173,0.154526173,0.0073557298984990496,0.0073557298984990496,0.011777360899999978,0.011777360899999978,0.001413059642,0.001413059642,0.001453661127,0.001453661127,0.00026970696547551023,0.00026970696547551023,0.00020281667899999987,0.00020281667899999987
graphmvp_gin,bbbp,scaffold,0,expanded,molecule_model.gnns.4.mlp.2,gin_mlp_out,4,dumped/n4_full_ft_splits/bbbp_scaffold_seed0.json,32,classification,300,600,5,True,0.6685064435,0.6685064435,0.6683791876,0.6683791876,0.008807909563522936,0.008807909563522936,0.004003405500000001,0.004003405500000001,6.1032354868,6.1032354868,6.047381137,6.047381137,0.26889258217133805,0.26889258217133805,0.4198462370000007,0.4198462370000007,0.020344118289333333,0.020344118289333333,0.020157937123333334,0.020157937123333334,0.0008963086072377936,0.0008963086072377936,0.0013994874566666676,0.0013994874566666676,1.0517344382,1.0517344382,1.05297351,1.05297351,0.003980283466852791,0.003980283466852791,0.0022179229999998995,0.0022179229999998995,0.9941955546199999,0.9941955546199999,0.9940112512,0.9940112512,0.0005859083584490063,0.0005859083584490063,0.0009475059999999313,0.0009475059999999313,0.9978724376600001,0.9978724376600001,0.9977522226,0.9977522226,0.0002861366307094691,0.0002861366307094691,0.00045453940000006465,0.00045453940000006465,0.9995462469399999,0.9995462469399999,0.9995694966,0.9995694966,6.788482800525156e-05,6.788482800525156e-05,5.3298499999909765e-05,5.3298499999909765e-05,1.8078549572,1.8078549572,1.799625308,1.799625308,0.04383790865904022,0.04383790865904022,0.0689167100000001,0.0689167100000001,0.3169572060703401,0.3169572060703401,0.3155143654226529,0.3155143654226529,0.007685760958421284,0.007685760958421284,0.012082632938093252,0.012082632938093252,0.0002920804149,0.0002920804149,0.0003402242964,0.0003402242964,7.128247930522736e-05,7.128247930522736e-05,0.00010784819999999997,0.00010784819999999997,0.0009006229178,0.0009006229178,0.0008906056331,0.0008906056331,0.00010915162583046433,0.00010915162583046433,0.00014220491860000004,0.00014220491860000004,0.0034267025386000003,0.0034267025386000003,0.003215290053,0.003215290053,0.0004343242040592098,0.0004343242040592098,0.000795241295,0.000795241295,0.55868637448,0.55868637448,0.5414979194,0.5414979194,0.03375144262836524,0.03375144262836524,0.01103241119999998,0.01103241119999998,0.0052709581796,0.0052709581796,0.005278691184,0.005278691184,0.0013551297992937547,0.0013551297992937547,0.0005410038869999995,0.0005410038869999995
graphmvp_gin,bbbp,scaffold,0,historical,molecule_model.gnns.0.mlp.0,gin_mlp_in,0,dumped/n4_full_ft_splits/bbbp_scaffold_seed0.json,32,classification,600,300,5,True,0.6685064435,0.6685064435,0.6683791876,0.6683791876,0.008807909563522936,0.008807909563522936,0.004003405500000001,0.004003405500000001,7.622284048999999,7.622284048999999,7.80086278,7.80086278,0.6951138496886741,0.6951138496886741,0.7648249920000003,0.7648249920000003,0.025407613496666665,0.025407613496666665,0.026002875933333332,0.026002875933333332,0.0023170461656289135,0.0023170461656289135,0.0025494166399999997,0.0025494166399999997,2.0373177084000003,2.0373177084000003,2.111951504,2.111951504,0.41100879266729806,0.41100879266729806,0.3557065070000003,0.3557065070000003,0.9060988973399999,0.9060988973399999,0.9208508949,0.9208508949,0.046982280311703525,0.046982280311703525,0.07815846449999997,0.07815846449999997,0.9949702436200001,0.9949702436200001,0.9966305224,0.9966305224,0.00344944080701587,0.00344944080701587,0.0012537122999999317,0.0012537122999999317,1.0,1.0,1.0,1.0,0.0,0.0,0.0,0.0,2.026757521,2.026757521,2.05423434,2.05423434,0.09383945807904386,0.09383945807904386,0.09976969499999999,0.09976969499999999,0.35533569697048517,0.35533569697048517,0.3601529948113633,0.3601529948113633,0.016452145308136098,0.016452145308136098,0.017491847812098338,0.017491847812098338,0.05651489254599999,0.05651489254599999,0.04478049986,0.04478049986,0.02203560901371,0.02203560901371,0.02320063594,0.02320063594,0.23367666701999998,0.23367666701999998,0.2320042031,0.2320042031,0.016146042105327895,0.016146042105327895,0.009593379000000013,0.009593379000000013,0.47248502449999996,0.47248502449999996,0.4236043118,0.4236043118,0.06902756904122488,0.06902756904122488,0.1001863549,0.1001863549,0.024030823784,0.024030823784,0.02257700691,0.02257700691,0.008682056335616348,0.008682056335616348,0.00970076773,0.00970076773,5.6564684202e-05,5.6564684202e-05,5.765551396e-05,5.765551396e-05,1.2251721251958123e-05,1.2251721251958123e-05,1.760634041e-05,1.760634041e-05
graphmvp_gin,bbbp,scaffold,0,historical,molecule_model.gnns.1.mlp.0,gin_mlp_in,1,dumped/n4_full_ft_splits/bbbp_scaffold_seed0.json,32,classification,600,300,5,True,0.6685064435,0.6685064435,0.6683791876,0.6683791876,0.008807909563522936,0.008807909563522936,0.004003405500000001,0.004003405500000001,20.926620726,20.926620726,20.42664222,20.42664222,1.346035958268329,1.346035958268329,1.7701730599999976,1.7701730599999976,0.06975540242,0.06975540242,0.0680888074,0.0680888074,0.004486786527561095,0.004486786527561095,0.00590057686666666,0.00590057686666666,2.6856657731999998,2.6856657731999998,2.423152638,2.423152638,0.48745826209370463,0.48745826209370463,0.728826051,0.728826051,0.7944016476,0.7944016476,0.8102091908,0.8102091908,0.03993652892373761,0.03993652892373761,0.07236647470000002,0.07236647470000002,0.9421482191200001,0.9421482191200001,0.9467784898,0.9467784898,0.012388218446861105,0.012388218446861105,0.015987342199999977,0.015987342199999977,0.99100117734,0.99100117734,0.9912860129,0.9912860129,0.0019733894298308145,0.0019733894298308145,0.0013037458000000335,0.0013037458000000335,3.039009633,3.039009633,3.01684004,3.01684004,0.06300695725313603,0.06300695725313603,0.08567158100000016,0.08567158100000016,0.532806018901199,0.532806018901199,0.5289191958853308,0.5289191958853308,0.011046521765704937,0.011046521765704937,0.015020134687931619,0.015020134687931619,0.03174427611,0.03174427611,0.03226375955,0.03226375955,0.012969529350435969,0.012969529350435969,0.010833574779999997,0.010833574779999997,0.08013863829800001,0.08013863829800001,0.07256269528,0.07256269528,0.015568077499123846,0.015568077499123846,0.009492713099999994,0.009492713099999994,0.2354860483,0.2354860483,0.2431817719,0.2431817719,0.0184374567515612,0.0184374567515612,0.012059366900000007,0.012059366900000007,0.081373586804,0.081373586804,0.08217852319,0.08217852319,0.005305318052160833,0.005305318052160833,0.006625953759999997,0.006625953759999997,0.00020208088682,0.00020208088682,0.0002121868893,0.0002121868893,3.5439606266599726e-05,3.5439606266599726e-05,1.8971157199999984e-05,1.8971157199999984e-05
graphmvp_gin,bbbp,scaffold,0,historical,molecule_model.gnns.2.mlp.0,gin_mlp_in,2,dumped/n4_full_ft_splits/bbbp_scaffold_seed0.json,32,classification,600,300,5,True,0.6685064435,0.6685064435,0.6683791876,0.6683791876,0.008807909563522936,0.008807909563522936,0.004003405500000001,0.004003405500000001,34.419043706000004,34.419043706000004,34.36002984,34.36002984,1.204396604506913,1.204396604506913,1.9186533499999996,1.9186533499999996,0.11473014568666669,0.11473014568666669,0.11453343280000002,0.11453343280000002,0.004014655348356379,0.004014655348356379,0.006395511166666673,0.006395511166666673,2.3361501516,2.3361501516,2.334368453,2.334368453,0.2250708742201403,0.2250708742201403,0.14470177299999998,0.14470177299999998,0.7594391268199999,0.7594391268199999,0.757735058,0.757735058,0.01676786933063689,0.01676786933063689,0.0249633695,0.0249633695,0.9074391955,0.9074391955,0.9076939669,0.9076939669,0.008360523707130231,0.008360523707130231,0.005274403299999952,0.005274403299999952,0.9777596592,0.9777596592,0.9766785173,0.9766785173,0.0023640709361906842,0.0023640709361906842,0.002597321800000052,0.002597321800000052,3.537999984,3.537999984,3.536893965,3.536893965,0.03489788415231975,0.03489788415231975,0.05594954200000002,0.05594954200000002,0.6202901319818048,0.6202901319818048,0.6200962222377158,0.6200962222377158,0.006118375710746793,0.006118375710746793,0.00980919981584194,0.00980919981584194,0.017746620034000002,0.017746620034000002,0.02094088226,0.02094088226,0.004624657088952023,0.004624657088952023,0.008441808849999998,0.008441808849999998,0.052964584292,0.052964584292,0.05423740042,0.05423740042,0.007909180097859668,0.007909180097859668,0.014571843629999998,0.014571843629999998,0.15164398387999997,0.15164398387999997,0.1447563844,0.1447563844,0.01730618587088375,0.01730618587088375,0.014143458599999992,0.014143458599999992,0.13770783728,0.13770783728,0.1391764102,0.1391764102,0.01385463170691136,0.01385463170691136,0.018419025899999997,0.018419025899999997,0.00034539856716,0.00034539856716,0.0003554185678,0.0003554185678,7.831775249769194e-05,7.831775249769194e-05,5.175574910000003e-05,5.175574910000003e-05
graphmvp_gin,bbbp,scaffold,0,historical,molecule_model.gnns.3.mlp.0,gin_mlp_in,3,dumped/n4_full_ft_splits/bbbp_scaffold_seed0.json,32,classification,600,300,5,True,0.6685064435,0.6685064435,0.6683791876,0.6683791876,0.008807909563522936,0.008807909563522936,0.004003405500000001,0.004003405500000001,38.538066154000006,38.538066154000006,37.81966086,37.81966086,1.91479241784226,1.91479241784226,3.280577270000002,3.280577270000002,0.12846022051333333,0.12846022051333333,0.1260655362,0.1260655362,0.006382641392807528,0.006382641392807528,0.010935257566666662,0.010935257566666662,2.1059459938,2.1059459938,1.94434224,1.94434224,0.2710439054338503,0.2710439054338503,0.5115502760000001,0.5115502760000001,0.77918619786,0.77918619786,0.7889743642,0.7889743642,0.023974859216240076,0.023974859216240076,0.027835320700000055,0.027835320700000055,0.8983642790000002,0.8983642790000002,0.9042767466,0.9042767466,0.013514030896956254,0.013514030896956254,0.014264641899999986,0.014264641899999986,0.9721311582599999,0.9721311582599999,0.9742441324,0.9742441324,0.0036009834605488632,0.0036009834605488632,0.0057397390000000215,0.0057397390000000215,3.6504265052,3.6504265052,3.632829096,3.632829096,0.0492499940803732,0.0492499940803732,0.08533871400000015,0.08533871400000015,0.6400010030922563,0.6400010030922563,0.6369157856460806,0.6369157856460806,0.008634619973536367,0.008634619973536367,0.014961775695196633,0.014961775695196633,0.0102088422816,0.0102088422816,0.009588032283,0.009588032283,0.005344357374238409,0.005344357374238409,0.0076334201739999994,0.0076334201739999994,0.059077959209999996,0.059077959209999996,0.05102156492,0.05102156492,0.01590535914521975,0.01590535914521975,0.026441902319999995,0.026441902319999995,0.13882672708,0.13882672708,0.1184425909,0.1184425909,0.029480221799466244,0.029480221799466244,0.056043218000000006,0.056043218000000006,0.19050652738,0.19050652738,0.195575933,0.195575933,0.01696592880827979,0.01696592880827979,0.019766415499999995,0.019766415499999995,0.00047383885830000006,0.00047383885830000006,0.0004589747405,0.0004589747405,9.468426050493019e-05,9.468426050493019e-05,0.00011335505410000002,0.00011335505410000002
graphmvp_gin,bbbp,scaffold,0,historical,molecule_model.gnns.4.mlp.0,gin_mlp_in,4,dumped/n4_full_ft_splits/bbbp_scaffold_seed0.json,32,classification,600,300,5,True,0.6685064435,0.6685064435,0.6683791876,0.6683791876,0.008807909563522936,0.008807909563522936,0.004003405500000001,0.004003405500000001,28.007198742000003,28.007198742000003,27.53800574,27.53800574,1.6829825646576344,1.6829825646576344,1.593386419999998,1.593386419999998,0.09335732914000001,0.09335732914000001,0.09179335246666666,0.09179335246666666,0.005609941882192115,0.005609941882192115,0.005311288066666656,0.005311288066666656,1.4052315988,1.4052315988,1.393401039,1.393401039,0.05716303791675185,0.05716303791675185,0.022073341000000024,0.022073341000000024,0.8994608592200001,0.8994608592200001,0.9044156048,0.9044156048,0.016293394394527292,0.016293394394527292,0.01910835150000001,0.01910835150000001,0.95406681056,0.95406681056,0.9540697567,0.9540697567,0.008011373566066664,0.008011373566066664,0.008666787200000026,0.008666787200000026,0.98694346062,0.98694346062,0.9872650338,0.9872650338,0.002543025257286604,0.002543025257286604,0.0018666842999999211,0.0018666842999999211,3.3307161464000004,3.3307161464000004,3.315567077,3.315567077,0.05858799809360067,0.05858799809360067,0.05787146599999993,0.05787146599999993,0.5839486623480958,0.5839486623480958,0.5812926933543074,0.5812926933543074,0.010271779885352675,0.010271779885352675,0.010146155863611894,0.010146155863611894,0.00237565972,0.00237565972,0.002075035758,0.002075035758,0.0008363327194766339,0.0008363327194766339,0.0014079378889999999,0.0014079378889999999,0.0157727268604,0.0157727268604,0.01809027278,0.01809027278,0.0040073110065092414,0.0040073110065092414,0.00587848113,0.00587848113,0.06236932211599999,0.06236932211599999,0.06604796404,0.06604796404,0.008177231094430953,0.008177231094430953,0.015956424349999998,0.015956424349999998,0.56638122474,0.56638122474,0.5692311985,0.5692311985,0.023369454649448895,0.023369454649448895,0.021279862400000016,0.021279862400000016,0.001413059642,0.001413059642,0.001453661127,0.001453661127,0.00026970696547551023,0.00026970696547551023,0.00020281667899999987,0.00020281667899999987
graphmvp_gin,bbbp,scaffold,1,expanded,molecule_model.gnns.0.mlp.0,gin_mlp_in,0,dumped/n4_full_ft_splits/bbbp_scaffold_seed1.json,32,classification,600,300,5,True,0.679707098,0.679707098,0.6771972179,0.6771972179,0.01866919628771209,0.01866919628771209,0.01890814299999999,0.01890814299999999,8.1464371498,8.1464371498,8.345810605,8.345810605,0.4454790859086716,0.4454790859086716,0.899709639000001,0.899709639000001,0.02715479049933333,0.02715479049933333,0.027819368683333335,0.027819368683333335,0.001484930286362239,0.001484930286362239,0.0029990321300000025,0.0029990321300000025,2.3584833727999994,2.3584833727999994,2.392207733,2.392207733,0.13195811916181974,0.13195811916181974,0.25481136000000015,0.25481136000000015,0.9030044372400001,0.9030044372400001,0.8978269015,0.8978269015,0.014563342299070877,0.014563342299070877,0.0276494947,0.0276494947,0.99438343312,0.99438343312,0.9939905277,0.9939905277,0.00201782184697882,0.00201782184697882,0.001385025100000048,0.001385025100000048,1.0,1.0,1.0,1.0,0.0,0.0,0.0,0.0,2.096067144,2.096067144,2.121759689,2.121759689,0.055181867827338776,0.055181867827338776,0.11149505900000012,0.11149505900000012,0.3674872163013793,0.3674872163013793,0.3719916912027559,0.3719916912027559,0.009674609449524084,0.009674609449524084,0.019547565057996097,0.019547565057996097,0.076868920418,0.076868920418,0.06524176475,0.06524176475,0.02878752921899677,0.02878752921899677,0.021550948220000005,0.021550948220000005,0.25980159076,0.25980159076,0.2601604675,0.2601604675,0.018588298652619687,0.018588298652619687,0.019037532299999993,0.019037532299999993,0.43059704744000005,0.43059704744000005,0.4243630588,0.4243630588,0.047130598531147296,0.047130598531147296,0.08882731459999998,0.08882731459999998,0.0044990426764,0.0044990426764,0.003825095809,0.003825095809,0.0014263109696080207,0.0014263109696080207,0.002446171209,0.002446171209,4.0467401414e-05,4.0467401414e-05,4.401173646e-05,4.401173646e-05,7.61676018911146e-06,7.61676018911146e-06,8.335307939999998e-06,8.335307939999998e-06
graphmvp_gin,bbbp,scaffold,1,expanded,molecule_model.gnns.0.mlp.2,gin_mlp_out,0,dumped/n4_full_ft_splits/bbbp_scaffold_seed1.json,32,classification,300,600,5,True,0.679707098,0.679707098,0.6771972179,0.6771972179,0.01866919628771209,0.01866919628771209,0.01890814299999999,0.01890814299999999,17.017873083999998,17.017873083999998,17.19205975,17.19205975,0.9540000883885493,0.9540000883885493,0.7935967399999981,0.7935967399999981,0.05672624361333334,0.05672624361333334,0.05730686583333333,0.05730686583333333,0.003180000294628496,0.003180000294628496,0.0026453224666666553,0.0026453224666666553,2.8290664815999995,2.8290664815999995,2.929431547,2.929431547,0.49582439216325597,0.49582439216325597,0.8781563980000002,0.8781563980000002,0.85996887474,0.85996887474,0.8626556436,0.8626556436,0.024227955868385435,0.024227955868385435,0.02230814780000001,0.02230814780000001,0.9721798498,0.9721798498,0.9724463834,0.9724463834,0.0038600903337925934,0.0038600903337925934,0.003272283599999981,0.003272283599999981,0.99557615044,0.99557615044,0.9954183021,0.9954183021,0.0007509742135871401,0.0007509742135871401,0.0003498687999999861,0.0003498687999999861,2.8326463544,2.8326463544,2.844447635,2.844447635,0.057304342285324675,0.057304342285324675,0.04617312299999998,0.04617312299999998,0.4966259437463451,0.4966259437463451,0.4986949708616738,0.4986949708616738,0.01004672645563658,0.01004672645563658,0.008095176000340598,0.008095176000340598,0.05189936636800001,0.05189936636800001,0.04797759943,0.04797759943,0.016744765150198956,0.016744765150198956,0.0046203395800000005,0.0046203395800000005,0.10890721540599999,0.10890721540599999,0.1050988299,0.1050988299,0.013788136608140366,0.013788136608140366,0.010362274500000004,0.010362274500000004,0.23623457602000003,0.23623457602000003,0.237174695,0.237174695,0.035433919666389056,0.035433919666389056,0.04437855830000001,0.04437855830000001,0.012640741302600001,0.012640741302600001,0.01121339895,0.01121339895,0.002979667904919736,0.002979667904919736,0.005447846419999999,0.005447846419999999,0.000116131558018,0.000116131558018,0.0001286787592,0.0001286787592,2.1879059868559646e-05,2.1879059868559646e-05,1.6959791499999993e-05,1.6959791499999993e-05
graphmvp_gin,bbbp,scaffold,1,expanded,molecule_model.gnns.1.mlp.0,gin_mlp_in,1,dumped/n4_full_ft_splits/bbbp_scaffold_seed1.json,32,classification,600,300,5,True,0.679707098,0.679707098,0.6771972179,0.6771972179,0.01866919628771209,0.01866919628771209,0.01890814299999999,0.01890814299999999,20.857643162000002,20.857643162000002,21.26681923,21.26681923,1.3703513914563183,1.3703513914563183,1.1360557799999995,1.1360557799999995,0.06952547720666666,0.06952547720666666,0.07088939743333333,0.07088939743333333,0.0045678379715210615,0.0045678379715210615,0.0037868526000000013,0.0037868526000000013,2.7782086552,2.7782086552,2.865390022,2.865390022,0.6333350821130252,0.6333350821130252,0.9782011800000001,0.9782011800000001,0.78308400824,0.78308400824,0.7621082565,0.7621082565,0.04149771573399767,0.04149771573399767,0.04867767740000006,0.04867767740000006,0.93418421758,0.93418421758,0.9269690155,0.9269690155,0.01472074324850422,0.01472074324850422,0.02103055399999998,0.02103055399999998,0.99117021112,0.99117021112,0.9902459701,0.9902459701,0.0018359806521675568,0.0018359806521675568,0.0017240796999999919,0.0017240796999999919,3.0354457978,3.0354457978,3.057148075,3.057148075,0.06834019780220947,0.06834019780220947,0.053294885999999764,0.053294885999999764,0.5321811992809147,0.5321811992809147,0.5359860914373793,0.5359860914373793,0.011981557520096088,0.011981557520096088,0.009343779542225983,0.009343779542225983,0.020891941081999998,0.020891941081999998,0.02030843575,0.02030843575,0.005978875959064847,0.005978875959064847,0.007873681599999998,0.007873681599999998,0.07244779045399999,0.07244779045399999,0.07089345296,0.07089345296,0.006475806521030679,0.006475806521030679,0.01160258083,0.01160258083,0.22922760972000003,0.22922760972000003,0.2338267457,0.2338267457,0.026171089277857724,0.026171089277857724,0.04228892280000002,0.04228892280000002,0.020358104898,0.020358104898,0.01881773186,0.01881773186,0.004133699762818541,0.004133699762818541,0.005958552419999999,0.005958552419999999,0.00018893967498,0.00018893967498,0.0002165177284,0.0002165177284,3.899810321122514e-05,3.899810321122514e-05,5.080585839999999e-05,5.080585839999999e-05
graphmvp_gin,bbbp,scaffold,1,expanded,molecule_model.gnns.1.mlp.2,gin_mlp_out,1,dumped/n4_full_ft_splits/bbbp_scaffold_seed1.json,32,classification,300,600,5,True,0.679707098,0.679707098,0.6771972179,0.6771972179,0.01866919628771209,0.01866919628771209,0.01890814299999999,0.01890814299999999,35.162667364,35.162667364,35.35094664,35.35094664,1.4678757182479463,1.4678757182479463,2.24549064,2.24549064,0.11720889121333333,0.11720889121333333,0.11783648879999999,0.11783648879999999,0.00489291906082649,0.00489291906082649,0.007484968800000005,0.007484968800000005,2.6057446296,2.6057446296,2.671556294,2.671556294,0.17924131744503907,0.17924131744503907,0.06946967599999976,0.06946967599999976,0.7901137905200001,0.7901137905200001,0.7878654531,0.7878654531,0.028177850936149922,0.028177850936149922,0.030613964900000012,0.030613964900000012,0.9124630765999999,0.9124630765999999,0.9079208396,0.9079208396,0.010389428811967711,0.010389428811967711,0.01067048979999996,0.01067048979999996,0.9777346979200001,0.9777346979200001,0.978637855,0.978637855,0.0028022381255989512,0.0028022381255989512,0.005259595399999983,0.005259595399999983,3.5591004734,3.5591004734,3.565325171,3.565325171,0.042216860203661936,0.042216860203661936,0.06323955099999967,0.06323955099999967,0.6239895173447207,0.6239895173447207,0.6250808453586586,0.6250808453586586,0.007401555089319319,0.007401555089319319,0.011087300625680307,0.011087300625680307,0.0061248774936,0.0061248774936,0.005934040892,0.005934040892,0.0013529522780456366,0.0013529522780456366,0.001435914002,0.001435914002,0.036015211324,0.036015211324,0.03584164912,0.03584164912,0.0032786923052127138,0.0032786923052127138,0.003762138259999999,0.003762138259999999,0.107276903636,0.107276903636,0.1068057865,0.1068057865,0.005253097200343978,0.005253097200343978,0.008876369100000003,0.008876369100000003,0.039224067792,0.039224067792,0.03931195529,0.03931195529,0.004643266577841019,0.004643266577841019,0.003804939069999999,0.003804939069999999,0.00036809599260000006,0.00036809599260000006,0.0003314101486,0.0003314101486,7.67646749688511e-05,7.67646749688511e-05,0.0001263215964,0.0001263215964
graphmvp_gin,bbbp,scaffold,1,expanded,molecule_model.gnns.2.mlp.0,gin_mlp_in,2,dumped/n4_full_ft_splits/bbbp_scaffold_seed1.json,32,classification,600,300,5,True,0.679707098,0.679707098,0.6771972179,0.6771972179,0.01866919628771209,0.01866919628771209,0.01890814299999999,0.01890814299999999,32.634835608,32.634835608,33.13775926,33.13775926,1.3245864029746437,1.3245864029746437,2.2560848600000014,2.2560848600000014,0.10878278536000001,0.10878278536000001,0.11045919753333334,0.11045919753333334,0.004415288009915479,0.004415288009915479,0.007520282866666672,0.007520282866666672,2.4339358046,2.4339358046,2.358044857,2.358044857,0.17583485218008474,0.17583485218008474,0.05851876899999997,0.05851876899999997,0.77079267706,0.77079267706,0.7684012874,0.7684012874,0.04085537842338285,0.04085537842338285,0.04568456600000004,0.04568456600000004,0.9108515819399999,0.9108515819399999,0.9127196259,0.9127196259,0.015549101180117039,0.015549101180117039,0.021785544899999953,0.021785544899999953,0.97992675708,0.97992675708,0.9795398549,0.9795398549,0.0020438148011683584,0.0020438148011683584,0.002390844000000003,0.002390844000000003,3.4845451974,3.4845451974,3.500673395,3.500673395,0.041007973593972846,0.041007973593972846,0.06890733500000001,0.06890733500000001,0.6109183183059648,0.6109183183059648,0.6137459502627693,0.6137459502627693,0.007189610364032085,0.007189610364032085,0.012080989291961552,0.012080989291961552,0.015894389687,0.015894389687,0.01554254915,0.01554254915,0.0069279292654834896,0.0069279292654834896,0.0032167758900000024,0.0032167758900000024,0.050164006984,0.050164006984,0.05147157102,0.05147157102,0.014482048765507577,0.014482048765507577,0.017872495760000003,0.017872495760000003,0.140246034206,0.140246034206,0.1534151242,0.1534151242,0.028785064920030218,0.028785064920030218,0.0077765738000000195,0.0077765738000000195,0.035659101402,0.035659101402,0.0349877136,0.0349877136,0.005099764302362634,0.005099764302362634,0.009309488690000003,0.009309488690000003,0.00033347798744,0.00033347798744,0.000294955651,0.000294955651,7.2390526610204e-05,7.2390526610204e-05,6.228964780000004e-05,6.228964780000004e-05
graphmvp_gin,bbbp,scaffold,1,expanded,molecule_model.gnns.2.mlp.2,gin_mlp_out,2,dumped/n4_full_ft_splits/bbbp_scaffold_seed1.json,32,classification,300,600,5,True,0.679707098,0.679707098,0.6771972179,0.6771972179,0.01866919628771209,0.01866919628771209,0.01890814299999999,0.01890814299999999,43.537953624,43.537953624,44.21287064,44.21287064,1.2428063949520824,1.2428063949520824,1.12528966,1.12528966,0.14512651208,0.14512651208,0.14737623546666667,0.14737623546666667,0.004142687983173616,0.004142687983173616,0.0037509655333333447,0.0037509655333333447,2.442591905,2.442591905,2.425895357,2.425895357,0.3016375310747247,0.3016375310747247,0.27545898699999993,0.27545898699999993,0.7696260401000001,0.7696260401000001,0.7494314898,0.7494314898,0.04149727366298773,0.04149727366298773,0.06217139370000002,0.06217139370000002,0.89720712248,0.89720712248,0.8899439066,0.8899439066,0.011595836570137406,0.011595836570137406,0.017640008399999907,0.017640008399999907,0.9686278423799999,0.9686278423799999,0.9676415713,0.9676415713,0.0030597401421554576,0.0030597401421554576,0.006152582200000034,0.006152582200000034,3.7732169526,3.7732169526,3.789015938,3.789015938,0.02900030890938982,0.02900030890938982,0.025680731000000012,0.025680731000000012,0.6615289011047766,0.6615289011047766,0.6642988148366203,0.6642988148366203,0.00508439952579674,0.00508439952579674,0.00450240364426735,0.00450240364426735,0.006305380456399999,0.006305380456399999,0.005905446843,0.005905446843,0.0020598851297776457,0.0020598851297776457,0.003535155467,0.003535155467,0.025104922681999996,0.025104922681999996,0.02596463023,0.02596463023,0.004710568874490962,0.004710568874490962,0.0022022774699999997,0.0022022774699999997,0.091091261924,0.091091261924,0.09634937182,0.09634937182,0.013077077716766127,0.013077077716766127,0.015808598630000004,0.015808598630000004,0.041164647546,0.041164647546,0.04115815754,0.04115815754,0.005683961699020872,0.005683961699020872,0.009124476860000001,0.009124476860000001,0.00038608164178,0.00038608164178,0.0003469741205,0.0003469741205,8.534781968739041e-05,8.534781968739041e-05,0.00010114858740000002,0.00010114858740000002
graphmvp_gin,bbbp,scaffold,1,expanded,molecule_model.gnns.3.mlp.0,gin_mlp_in,3,dumped/n4_full_ft_splits/bbbp_scaffold_seed1.json,32,classification,600,300,5,True,0.679707098,0.679707098,0.6771972179,0.6771972179,0.01866919628771209,0.01866919628771209,0.01890814299999999,0.01890814299999999,36.40235169,36.40235169,36.96195739,36.96195739,1.961119574554019,1.961119574554019,3.5818468900000013,3.5818468900000013,0.12134117230000001,0.12134117230000001,0.12320652463333334,0.12320652463333334,0.0065370652485134,0.0065370652485134,0.011939489633333342,0.011939489633333342,2.3058970192,2.3058970192,2.260614738,2.260614738,0.1310235556856733,0.1310235556856733,0.12325322899999991,0.12325322899999991,0.76446038522,0.76446038522,0.7625978896,0.7625978896,0.04140877366759523,0.04140877366759523,0.026625338799999954,0.026625338799999954,0.90655569086,0.90655569086,0.9096355488,0.9096355488,0.015990218546602833,0.015990218546602833,0.026446991799999986,0.026446991799999986,0.97415597712,0.97415597712,0.9743609064,0.9743609064,0.002868482908901466,0.002868482908901466,0.003686752299999929,0.003686752299999929,3.5931644145999995,3.5931644145999995,3.609889205,3.609889205,0.054365677924380636,0.054365677924380636,0.09840449399999995,0.09840449399999995,0.6299616842973277,0.6299616842973277,0.6328939122485712,0.6328939122485712,0.009531513196014288,0.009531513196014288,0.01725249769556325,0.01725249769556325,0.0074518656962,0.0074518656962,0.008336056988,0.008336056988,0.0023877600735698846,0.0023877600735698846,0.0009429732800000003,0.0009429732800000003,0.052808203415999996,0.052808203415999996,0.05241226468,0.05241226468,0.009574996476039462,0.009574996476039462,0.016617681090000003,0.016617681090000003,0.12073267080200001,0.12073267080200001,0.1154906568,0.1154906568,0.01789094224545091,0.01789094224545091,0.0230888952,0.0230888952,0.049449070672,0.049449070672,0.04902435235,0.04902435235,0.0026042623924596615,0.0026042623924596615,0.0036256776900000023,0.0036256776900000023,0.00046503361079999994,0.00046503361079999994,0.0004132882168,0.0004132882168,8.983933396393175e-05,8.983933396393175e-05,0.0001652765204,0.0001652765204
graphmvp_gin,bbbp,scaffold,1,expanded,molecule_model.gnns.3.mlp.2,gin_mlp_out,3,dumped/n4_full_ft_splits/bbbp_scaffold_seed1.json,32,classification,300,600,5,True,0.679707098,0.679707098,0.6771972179,0.6771972179,0.01866919628771209,0.01866919628771209,0.01890814299999999,0.01890814299999999,41.993172204000004,41.993172204000004,43.04681918,43.04681918,2.5050391620207426,2.5050391620207426,1.9367915999999994,1.9367915999999994,0.13997724068,0.13997724068,0.14348939726666668,0.14348939726666668,0.008350130540069146,0.008350130540069146,0.006455972000000004,0.006455972000000004,1.9539399102000001,1.9539399102000001,1.881244678,1.881244678,0.15238097433260928,0.15238097433260928,0.18573422000000006,0.18573422000000006,0.7843497847600001,0.7843497847600001,0.7881893437,0.7881893437,0.03415991771392343,0.03415991771392343,0.04882522969999992,0.04882522969999992,0.90429321012,0.90429321012,0.9043371344,0.9043371344,0.01361110536836932,0.01361110536836932,0.017975796299999902,0.017975796299999902,0.9698278841400001,0.9698278841400001,0.9679868465,0.9679868465,0.0037377907602939723,0.0037377907602939723,0.003961934399999922,0.003961934399999922,3.7356613938,3.7356613938,3.762288342,3.762288342,0.061319047170249635,0.061319047170249635,0.04580527400000012,0.04580527400000012,0.6549445758842986,0.6549445758842986,0.6596128724608795,0.6596128724608795,0.010750593565359571,0.010750593565359571,0.008030683884514889,0.008030683884514889,0.0094794897152,0.0094794897152,0.009393312076,0.009393312076,0.005681433516350404,0.005681433516350404,0.008763553455999998,0.008763553455999998,0.027429520712,0.027429520712,0.02845583284,0.02845583284,0.009869763563501005,0.009869763563501005,0.00541265547,0.00541265547,0.074324208822,0.074324208822,0.07649234494,0.07649234494,0.004458832206602933,0.004458832206602933,0.005132341930000006,0.005132341930000006,0.071394016804,0.071394016804,0.06991288559,0.06991288559,0.006550662999608813,0.006550662999608813,0.01377271109,0.01377271109,0.0006669618305800001,0.0006669618305800001,0.0006584691582,0.0006584691582,0.00011251088434438772,0.00011251088434438772,0.000237793196,0.000237793196
graphmvp_gin,bbbp,scaffold,1,expanded,molecule_model.gnns.4.mlp.0,gin_mlp_in,4,dumped/n4_full_ft_splits/bbbp_scaffold_seed1.json,32,classification,600,300,5,True,0.679707098,0.679707098,0.6771972179,0.6771972179,0.01866919628771209,0.01866919628771209,0.01890814299999999,0.01890814299999999,26.09238876,26.09238876,26.97530855,26.97530855,2.0149038739201015,2.0149038739201015,3.6012159200000013,3.6012159200000013,0.08697462920000001,0.08697462920000001,0.08991769516666667,0.08991769516666667,0.006716346246400339,0.006716346246400339,0.012004053066666673,0.012004053066666673,1.4391200946000002,1.4391200946000002,1.450005315,1.450005315,0.029497298646915044,0.029497298646915044,0.016750980000000082,0.016750980000000082,0.8976297552,0.8976297552,0.8869087434,0.8869087434,0.02111744065646908,0.02111744065646908,0.02286287390000008,0.02286287390000008,0.9588019652599999,0.9588019652599999,0.9561212034,0.9561212034,0.008404642230552303,0.008404642230552303,0.012344841899999959,0.012344841899999959,0.98886317086,0.98886317086,0.987729504,0.987729504,0.002098879683255978,0.002098879683255978,0.003807334500000037,0.003807334500000037,3.2586036514,3.2586036514,3.29492195,3.29492195,0.07834300722791969,0.07834300722791969,0.1393850259999998,0.1393850259999998,0.5713057371803812,0.5713057371803812,0.5776731431537637,0.5776731431537637,0.013735272615325686,0.013735272615325686,0.024437296937485642,0.024437296937485642,0.0037368065256,0.0037368065256,0.004533237737,0.004533237737,0.0019053798944942432,0.0019053798944942432,0.003292733249,0.003292733249,0.017264172726,0.017264172726,0.0142356742,0.0142356742,0.005065916089293771,0.005065916089293771,0.007238530730000001,0.007238530730000001,0.06842557060599999,0.06842557060599999,0.0696208711,0.0696208711,0.00848247207952579,0.00848247207952579,0.01335455801999999,0.01335455801999999,0.15837707605999998,0.15837707605999998,0.1558773999,0.1558773999,0.007423498019326927,0.007423498019326927,0.007545075799999995,0.007545075799999995,0.0015011898474,0.0015011898474,0.001438282896,0.001438282896,0.00033246749133344303,0.00033246749133344303,0.0005715450970000002,0.0005715450970000002
graphmvp_gin,bbbp,scaffold,1,expanded,molecule_model.gnns.4.mlp.2,gin_mlp_out,4,dumped/n4_full_ft_splits/bbbp_scaffold_seed1.json,32,classification,300,600,5,True,0.679707098,0.679707098,0.6771972179,0.6771972179,0.01866919628771209,0.01866919628771209,0.01890814299999999,0.01890814299999999,5.8434363304,5.8434363304,5.75287722,5.75287722,0.1776804562894495,0.1776804562894495,0.1908233380000004,0.1908233380000004,0.01947812110133333,0.01947812110133333,0.0191762574,0.0191762574,0.0005922681876314973,0.0005922681876314973,0.0006360777933333318,0.0006360777933333318,1.0419679746,1.0419679746,1.042645289,1.042645289,0.004604764296100582,0.004604764296100582,0.0030548049999998828,0.0030548049999998828,0.99487850958,0.99487850958,0.9951327141,0.9951327141,0.0003828415264736209,0.0003828415264736209,0.0005640919999999605,0.0005640919999999605,0.9980573429799999,0.9980573429799999,0.9981089159,0.9981089159,0.00013230852409778547,0.00013230852409778547,0.00011591519999998301,0.00011591519999998301,0.9995584128999999,0.9995584128999999,0.9995588938,0.9995588938,4.4080415555176944e-05,4.4080415555176944e-05,6.499930000003484e-05,6.499930000003484e-05,1.7648616866000002,1.7648616866000002,1.749700116,1.749700116,0.03016324392660429,0.03016324392660429,0.032646001000000036,0.032646001000000036,0.30941952896027614,0.30941952896027614,0.3067613682279257,0.3067613682279257,0.005288287914314687,0.005288287914314687,0.005723570480651585,0.005723570480651585,0.00037417400612000003,0.00037417400612000003,0.0003305447629,0.0003305447629,0.00018671008047119617,0.00018671008047119617,0.00010215381130000001,0.00010215381130000001,0.0010585497517,0.0010585497517,0.0009145301679,0.0009145301679,0.0004893342766590082,0.0004893342766590082,0.00023384178610000013,0.00023384178610000013,0.0030584211664,0.0030584211664,0.002836858513,0.002836858513,0.0012421982400894506,0.0012421982400894506,0.0009126774999999999,0.0009126774999999999,0.56723413084,0.56723413084,0.5565944011,0.5565944011,0.02550586288140208,0.02550586288140208,0.04236716510000005,0.04236716510000005,0.005390582094,0.005390582094,0.004984524101,0.004984524101,0.0012698501858500843,0.0012698501858500843,0.0017402875239999997,0.0017402875239999997
graphmvp_gin,bbbp,scaffold,1,historical,molecule_model.gnns.0.mlp.0,gin_mlp_in,0,dumped/n4_full_ft_splits/bbbp_scaffold_seed1.json,32,classification,600,300,5,True,0.679707098,0.679707098,0.6771972179,0.6771972179,0.01866919628771209,0.01866919628771209,0.01890814299999999,0.01890814299999999,8.1464371498,8.1464371498,8.345810605,8.345810605,0.4454790859086716,0.4454790859086716,0.899709639000001,0.899709639000001,0.02715479049933333,0.02715479049933333,0.027819368683333335,0.027819368683333335,0.001484930286362239,0.001484930286362239,0.0029990321300000025,0.0029990321300000025,2.3584833727999994,2.3584833727999994,2.392207733,2.392207733,0.13195811916181974,0.13195811916181974,0.25481136000000015,0.25481136000000015,0.9030044372400001,0.9030044372400001,0.8978269015,0.8978269015,0.014563342299070877,0.014563342299070877,0.0276494947,0.0276494947,0.99438343312,0.99438343312,0.9939905277,0.9939905277,0.00201782184697882,0.00201782184697882,0.001385025100000048,0.001385025100000048,1.0,1.0,1.0,1.0,0.0,0.0,0.0,0.0,2.096067144,2.096067144,2.121759689,2.121759689,0.055181867827338776,0.055181867827338776,0.11149505900000012,0.11149505900000012,0.3674872163013793,0.3674872163013793,0.3719916912027559,0.3719916912027559,0.009674609449524084,0.009674609449524084,0.019547565057996097,0.019547565057996097,0.076868920418,0.076868920418,0.06524176475,0.06524176475,0.02878752921899677,0.02878752921899677,0.021550948220000005,0.021550948220000005,0.25980159076,0.25980159076,0.2601604675,0.2601604675,0.018588298652619687,0.018588298652619687,0.019037532299999993,0.019037532299999993,0.43059704744000005,0.43059704744000005,0.4243630588,0.4243630588,0.047130598531147296,0.047130598531147296,0.08882731459999998,0.08882731459999998,0.016597963448,0.016597963448,0.01385981119,0.01385981119,0.004666838901247373,0.004666838901247373,0.0069663192199999995,0.0069663192199999995,4.0467401414e-05,4.0467401414e-05,4.401173646e-05,4.401173646e-05,7.61676018911146e-06,7.61676018911146e-06,8.335307939999998e-06,8.335307939999998e-06
graphmvp_gin,bbbp,scaffold,1,historical,molecule_model.gnns.1.mlp.0,gin_mlp_in,1,dumped/n4_full_ft_splits/bbbp_scaffold_seed1.json,32,classification,600,300,5,True,0.679707098,0.679707098,0.6771972179,0.6771972179,0.01866919628771209,0.01866919628771209,0.01890814299999999,0.01890814299999999,20.857643162000002,20.857643162000002,21.26681923,21.26681923,1.3703513914563183,1.3703513914563183,1.1360557799999995,1.1360557799999995,0.06952547720666666,0.06952547720666666,0.07088939743333333,0.07088939743333333,0.0045678379715210615,0.0045678379715210615,0.0037868526000000013,0.0037868526000000013,2.7782086552,2.7782086552,2.865390022,2.865390022,0.6333350821130252,0.6333350821130252,0.9782011800000001,0.9782011800000001,0.78308400824,0.78308400824,0.7621082565,0.7621082565,0.04149771573399767,0.04149771573399767,0.04867767740000006,0.04867767740000006,0.93418421758,0.93418421758,0.9269690155,0.9269690155,0.01472074324850422,0.01472074324850422,0.02103055399999998,0.02103055399999998,0.99117021112,0.99117021112,0.9902459701,0.9902459701,0.0018359806521675568,0.0018359806521675568,0.0017240796999999919,0.0017240796999999919,3.0354457978,3.0354457978,3.057148075,3.057148075,0.06834019780220947,0.06834019780220947,0.053294885999999764,0.053294885999999764,0.5321811992809147,0.5321811992809147,0.5359860914373793,0.5359860914373793,0.011981557520096088,0.011981557520096088,0.009343779542225983,0.009343779542225983,0.020891941081999998,0.020891941081999998,0.02030843575,0.02030843575,0.005978875959064847,0.005978875959064847,0.007873681599999998,0.007873681599999998,0.07244779045399999,0.07244779045399999,0.07089345296,0.07089345296,0.006475806521030679,0.006475806521030679,0.01160258083,0.01160258083,0.22922760972000003,0.22922760972000003,0.2338267457,0.2338267457,0.026171089277857724,0.026171089277857724,0.04228892280000002,0.04228892280000002,0.07537559948599999,0.07537559948599999,0.07229856683,0.07229856683,0.012160059421896166,0.012160059421896166,0.019723640449999996,0.019723640449999996,0.00018893967498,0.00018893967498,0.0002165177284,0.0002165177284,3.899810321122514e-05,3.899810321122514e-05,5.080585839999999e-05,5.080585839999999e-05
graphmvp_gin,bbbp,scaffold,1,historical,molecule_model.gnns.2.mlp.0,gin_mlp_in,2,dumped/n4_full_ft_splits/bbbp_scaffold_seed1.json,32,classification,600,300,5,True,0.679707098,0.679707098,0.6771972179,0.6771972179,0.01866919628771209,0.01866919628771209,0.01890814299999999,0.01890814299999999,32.634835608,32.634835608,33.13775926,33.13775926,1.3245864029746437,1.3245864029746437,2.2560848600000014,2.2560848600000014,0.10878278536000001,0.10878278536000001,0.11045919753333334,0.11045919753333334,0.004415288009915479,0.004415288009915479,0.007520282866666672,0.007520282866666672,2.4339358046,2.4339358046,2.358044857,2.358044857,0.17583485218008474,0.17583485218008474,0.05851876899999997,0.05851876899999997,0.77079267706,0.77079267706,0.7684012874,0.7684012874,0.04085537842338285,0.04085537842338285,0.04568456600000004,0.04568456600000004,0.9108515819399999,0.9108515819399999,0.9127196259,0.9127196259,0.015549101180117039,0.015549101180117039,0.021785544899999953,0.021785544899999953,0.97992675708,0.97992675708,0.9795398549,0.9795398549,0.0020438148011683584,0.0020438148011683584,0.002390844000000003,0.002390844000000003,3.4845451974,3.4845451974,3.500673395,3.500673395,0.041007973593972846,0.041007973593972846,0.06890733500000001,0.06890733500000001,0.6109183183059648,0.6109183183059648,0.6137459502627693,0.6137459502627693,0.007189610364032085,0.007189610364032085,0.012080989291961552,0.012080989291961552,0.015894389687,0.015894389687,0.01554254915,0.01554254915,0.0069279292654834896,0.0069279292654834896,0.0032167758900000024,0.0032167758900000024,0.050164006984,0.050164006984,0.05147157102,0.05147157102,0.014482048765507577,0.014482048765507577,0.017872495760000003,0.017872495760000003,0.140246034206,0.140246034206,0.1534151242,0.1534151242,0.028785064920030218,0.028785064920030218,0.0077765738000000195,0.0077765738000000195,0.1325219868,0.1325219868,0.1239722681,0.1239722681,0.014837868062254733,0.014837868062254733,0.024031786100000008,0.024031786100000008,0.00033347798744,0.00033347798744,0.000294955651,0.000294955651,7.2390526610204e-05,7.2390526610204e-05,6.228964780000004e-05,6.228964780000004e-05
graphmvp_gin,bbbp,scaffold,1,historical,molecule_model.gnns.3.mlp.0,gin_mlp_in,3,dumped/n4_full_ft_splits/bbbp_scaffold_seed1.json,32,classification,600,300,5,True,0.679707098,0.679707098,0.6771972179,0.6771972179,0.01866919628771209,0.01866919628771209,0.01890814299999999,0.01890814299999999,36.40235169,36.40235169,36.96195739,36.96195739,1.961119574554019,1.961119574554019,3.5818468900000013,3.5818468900000013,0.12134117230000001,0.12134117230000001,0.12320652463333334,0.12320652463333334,0.0065370652485134,0.0065370652485134,0.011939489633333342,0.011939489633333342,2.3058970192,2.3058970192,2.260614738,2.260614738,0.1310235556856733,0.1310235556856733,0.12325322899999991,0.12325322899999991,0.76446038522,0.76446038522,0.7625978896,0.7625978896,0.04140877366759523,0.04140877366759523,0.026625338799999954,0.026625338799999954,0.90655569086,0.90655569086,0.9096355488,0.9096355488,0.015990218546602833,0.015990218546602833,0.026446991799999986,0.026446991799999986,0.97415597712,0.97415597712,0.9743609064,0.9743609064,0.002868482908901466,0.002868482908901466,0.003686752299999929,0.003686752299999929,3.5931644145999995,3.5931644145999995,3.609889205,3.609889205,0.054365677924380636,0.054365677924380636,0.09840449399999995,0.09840449399999995,0.6299616842973277,0.6299616842973277,0.6328939122485712,0.6328939122485712,0.009531513196014288,0.009531513196014288,0.01725249769556325,0.01725249769556325,0.0074518656962,0.0074518656962,0.008336056988,0.008336056988,0.0023877600735698846,0.0023877600735698846,0.0009429732800000003,0.0009429732800000003,0.052808203415999996,0.052808203415999996,0.05241226468,0.05241226468,0.009574996476039462,0.009574996476039462,0.016617681090000003,0.016617681090000003,0.12073267080200001,0.12073267080200001,0.1154906568,0.1154906568,0.01789094224545091,0.01789094224545091,0.0230888952,0.0230888952,0.1844360298,0.1844360298,0.1844416735,0.1844416735,0.00761434866339328,0.00761434866339328,0.005288761799999986,0.005288761799999986,0.00046503361079999994,0.00046503361079999994,0.0004132882168,0.0004132882168,8.983933396393175e-05,8.983933396393175e-05,0.0001652765204,0.0001652765204
graphmvp_gin,bbbp,scaffold,1,historical,molecule_model.gnns.4.mlp.0,gin_mlp_in,4,dumped/n4_full_ft_splits/bbbp_scaffold_seed1.json,32,classification,600,300,5,True,0.679707098,0.679707098,0.6771972179,0.6771972179,0.01866919628771209,0.01866919628771209,0.01890814299999999,0.01890814299999999,26.09238876,26.09238876,26.97530855,26.97530855,2.0149038739201015,2.0149038739201015,3.6012159200000013,3.6012159200000013,0.08697462920000001,0.08697462920000001,0.08991769516666667,0.08991769516666667,0.006716346246400339,0.006716346246400339,0.012004053066666673,0.012004053066666673,1.4391200946000002,1.4391200946000002,1.450005315,1.450005315,0.029497298646915044,0.029497298646915044,0.016750980000000082,0.016750980000000082,0.8976297552,0.8976297552,0.8869087434,0.8869087434,0.02111744065646908,0.02111744065646908,0.02286287390000008,0.02286287390000008,0.9588019652599999,0.9588019652599999,0.9561212034,0.9561212034,0.008404642230552303,0.008404642230552303,0.012344841899999959,0.012344841899999959,0.98886317086,0.98886317086,0.987729504,0.987729504,0.002098879683255978,0.002098879683255978,0.003807334500000037,0.003807334500000037,3.2586036514,3.2586036514,3.29492195,3.29492195,0.07834300722791969,0.07834300722791969,0.1393850259999998,0.1393850259999998,0.5713057371803812,0.5713057371803812,0.5776731431537637,0.5776731431537637,0.013735272615325686,0.013735272615325686,0.024437296937485642,0.024437296937485642,0.0037368065256,0.0037368065256,0.004533237737,0.004533237737,0.0019053798944942432,0.0019053798944942432,0.003292733249,0.003292733249,0.017264172726,0.017264172726,0.0142356742,0.0142356742,0.005065916089293771,0.005065916089293771,0.007238530730000001,0.007238530730000001,0.06842557060599999,0.06842557060599999,0.0696208711,0.0696208711,0.00848247207952579,0.00848247207952579,0.01335455801999999,0.01335455801999999,0.59106842046,0.59106842046,0.5962930755,0.5962930755,0.028203175877698935,0.028203175877698935,0.028760591800000013,0.028760591800000013,0.0015011898474,0.0015011898474,0.001438282896,0.001438282896,0.00033246749133344303,0.00033246749133344303,0.0005715450970000002,0.0005715450970000002
graphmvp_gin,bbbp,scaffold,2,expanded,molecule_model.gnns.0.mlp.0,gin_mlp_in,0,dumped/n4_full_ft_splits/bbbp_scaffold_seed2.json,32,classification,600,300,5,True,0.6764604091599999,0.6764604091599999,0.6739982963,0.6739982963,0.01085105712168271,0.01085105712168271,0.01496124259999998,0.01496124259999998,7.8355403386,7.8355403386,7.72695336,7.72695336,0.2365126436599503,0.2365126436599503,0.13353518599999958,0.13353518599999958,0.026118467795333333,0.026118467795333333,0.025756511200000002,0.025756511200000002,0.0007883754788665013,0.0007883754788665013,0.00044511728666666445,0.00044511728666666445,2.2222365224000002,2.2222365224000002,2.131662398,2.131662398,0.2131539816651264,0.2131539816651264,0.061878351999999914,0.061878351999999914,0.9201401929399999,0.9201401929399999,0.9224341297,0.9224341297,0.0074471980424073,0.0074471980424073,0.010036009600000062,0.010036009600000062,0.994708675,0.994708675,0.9944639482,0.9944639482,0.0014118016770949488,0.0014118016770949488,0.0026363181999999874,0.0026363181999999874,0.9999999732799999,0.9999999732799999,1.0,1.0,5.343999998075333e-08,5.343999998075333e-08,0.0,0.0,2.0582242012000003,2.0582242012000003,2.044714653,2.044714653,0.02969034773455312,0.02969034773455312,0.01716736299999999,0.01716736299999999,0.36085250627024673,0.36085250627024673,0.35848398182878577,0.35848398182878577,0.00520537868799821,0.00520537868799821,0.0030098207770510865,0.0030098207770510865,0.063476080262,0.063476080262,0.05762143664,0.05762143664,0.016732526993889652,0.016732526993889652,0.02339168009,0.02339168009,0.21601485666000003,0.21601485666000003,0.2111513856,0.2111513856,0.033642140321405896,0.033642140321405896,0.029095241800000005,0.029095241800000005,0.41005761492000004,0.41005761492000004,0.4105026541,0.4105026541,0.08169473075185935,0.08169473075185935,0.06656296230000003,0.06656296230000003,0.005037547977,0.005037547977,0.005166182833,0.005166182833,0.0008562542682110188,0.0008562542682110188,0.0009475149350000002,0.0009475149350000002,4.5801474334e-05,4.5801474334e-05,3.461521555e-05,3.461521555e-05,2.6053025078916465e-05,2.6053025078916465e-05,2.584863979999998e-06,2.584863979999998e-06
graphmvp_gin,bbbp,scaffold,2,expanded,molecule_model.gnns.0.mlp.2,gin_mlp_out,0,dumped/n4_full_ft_splits/bbbp_scaffold_seed2.json,32,classification,300,600,5,True,0.6764604091599999,0.6764604091599999,0.6739982963,0.6739982963,0.01085105712168271,0.01085105712168271,0.01496124259999998,0.01496124259999998,16.208225832000004,16.208225832000004,16.23013149,16.23013149,0.44534463902517224,0.44534463902517224,0.5322797499999989,0.5322797499999989,0.05402741944,0.05402741944,0.054100438300000005,0.054100438300000005,0.0014844821300839083,0.0014844821300839083,0.00177426583333333,0.00177426583333333,3.1519110406,3.1519110406,3.154809432,3.154809432,0.2581286921208302,0.2581286921208302,0.38245584600000004,0.38245584600000004,0.85254074136,0.85254074136,0.842801531,0.842801531,0.028227286080453485,0.028227286080453485,0.05628996580000001,0.05628996580000001,0.97417155954,0.97417155954,0.9718647779,0.9718647779,0.004466009867243128,0.004466009867243128,0.0062821306000000465,0.0062821306000000465,0.996226562,0.996226562,0.9962653591,0.9962653591,0.000536167615849085,0.000536167615849085,0.0004929103999999906,0.0004929103999999906,2.7851406385999997,2.7851406385999997,2.786869483,2.786869483,0.02751883478114656,0.02751883478114656,0.032839558000000046,0.032839558000000046,0.4882971345725936,0.4882971345725936,0.48860023946968284,0.48860023946968284,0.004824664142333957,0.004824664142333957,0.005757505330176438,0.005757505330176438,0.035758414878,0.035758414878,0.03059167637,0.03059167637,0.018951813058435567,0.018951813058435567,0.03971426298,0.03971426298,0.095747206782,0.095747206782,0.0941320951,0.0941320951,0.0269734809476565,0.0269734809476565,0.022393743329999993,0.022393743329999993,0.22865136173999998,0.22865136173999998,0.2266576103,0.2266576103,0.015772733535157804,0.015772733535157804,0.020782319999999993,0.020782319999999993,0.012942425584,0.012942425584,0.01347255499,0.01347255499,0.0011338640569145911,0.0011338640569145911,0.0003746235499999997,0.0003746235499999997,0.000115317425652,0.000115317425652,0.0001119766675,0.0001119766675,4.981717546627887e-05,4.981717546627887e-05,2.6471650909999997e-05,2.6471650909999997e-05
graphmvp_gin,bbbp,scaffold,2,expanded,molecule_model.gnns.1.mlp.0,gin_mlp_in,1,dumped/n4_full_ft_splits/bbbp_scaffold_seed2.json,32,classification,600,300,5,True,0.6764604091599999,0.6764604091599999,0.6739982963,0.6739982963,0.01085105712168271,0.01085105712168271,0.01496124259999998,0.01496124259999998,19.997529338,19.997529338,19.95337709,19.95337709,0.36880157687559806,0.36880157687559806,0.44472727000000134,0.44472727000000134,0.06665843112666667,0.06665843112666667,0.06651125696666667,0.06651125696666667,0.0012293385895853254,0.0012293385895853254,0.0014824242333333348,0.0014824242333333348,2.9648071853999998,2.9648071853999998,3.138051433,3.138051433,0.5250092995271238,0.5250092995271238,0.9666676650000001,0.9666676650000001,0.7842898734999999,0.7842898734999999,0.7781236242,0.7781236242,0.035956027746056135,0.035956027746056135,0.0283456351000001,0.0283456351000001,0.9423669517400001,0.9423669517400001,0.9430891132,0.9430891132,0.009745654740319343,0.009745654740319343,0.005607041700000037,0.005607041700000037,0.9918109963799999,0.9918109963799999,0.9918856169,0.9918856169,0.0007219174989985887,0.0007219174989985887,0.0002654838000000215,0.0002654838000000215,2.995437806,2.995437806,2.993398406,2.993398406,0.01851293568510037,0.01851293568510037,0.022129551999999997,0.022129551999999997,0.5251669079789989,0.5251669079789989,0.5248093557741136,0.5248093557741136,0.003245729613175037,0.003245729613175037,0.0038798029374943477,0.0038798029374943477,0.02552793365,0.02552793365,0.02710745851,0.02710745851,0.004980287962476653,0.004980287962476653,0.007636266880000003,0.007636266880000003,0.072605538234,0.072605538234,0.0730832335,0.0730832335,0.008210071107981318,0.008210071107981318,0.011406312269999996,0.011406312269999996,0.23523273054000002,0.23523273054000002,0.2351205891,0.2351205891,0.020186411507479025,0.020186411507479025,0.03889535800000002,0.03889535800000002,0.02063414052,0.02063414052,0.02043021824,0.02043021824,0.0024080898476381844,0.0024080898476381844,0.00422821827,0.00422821827,0.00018149721144799998,0.00018149721144799998,0.0001619990653,0.0001619990653,7.257293977605118e-05,7.257293977605118e-05,4.05859027e-05,4.05859027e-05
graphmvp_gin,bbbp,scaffold,2,expanded,molecule_model.gnns.1.mlp.2,gin_mlp_out,1,dumped/n4_full_ft_splits/bbbp_scaffold_seed2.json,32,classification,300,600,5,True,0.6764604091599999,0.6764604091599999,0.6739982963,0.6739982963,0.01085105712168271,0.01085105712168271,0.01496124259999998,0.01496124259999998,35.017764885999995,35.017764885999995,35.03853564,35.03853564,1.6430958812847747,1.6430958812847747,2.682899159999998,2.682899159999998,0.11672588295333333,0.11672588295333333,0.1167951188,0.1167951188,0.005476986270949252,0.005476986270949252,0.008942997199999997,0.008942997199999997,2.5896667628,2.5896667628,2.651573004,2.651573004,0.2166396049801831,0.2166396049801831,0.389132139,0.389132139,0.7755792748799999,0.7755792748799999,0.7808653251,0.7808653251,0.02486841864137116,0.02486841864137116,0.04037375379999997,0.04037375379999997,0.9142530125,0.9142530125,0.9119897599,0.9119897599,0.004854985716056823,0.004854985716056823,0.004308328499999958,0.004308328499999958,0.9776631374200001,0.9776631374200001,0.9781159285,0.9781159285,0.002304764847246285,0.002304764847246285,0.0021887418999999575,0.0021887418999999575,3.5547539522,3.5547539522,3.556448474,3.556448474,0.04694504271990199,0.04694504271990199,0.07677285300000003,0.07677285300000003,0.6232274754507122,0.6232274754507122,0.623524562832205,0.623524562832205,0.008230510705570302,0.008230510705570302,0.013459989636899317,0.013459989636899317,0.0108181678292,0.0108181678292,0.008700268417,0.008700268417,0.007640126471376948,0.007640126471376948,0.005671215639,0.005671215639,0.04169034607,0.04169034607,0.04039146951,0.04039146951,0.009582565371133493,0.009582565371133493,0.010918371259999997,0.010918371259999997,0.11800593211999999,0.11800593211999999,0.1109154751,0.1109154751,0.014172473136701752,0.014172473136701752,0.009164292300000002,0.009164292300000002,0.041456208406,0.041456208406,0.03623425023,0.03623425023,0.00804057014534589,0.00804057014534589,0.012754368160000001,0.012754368160000001,0.00035223876475999995,0.00035223876475999995,0.0003156060702,0.0003156060702,0.00011144051951521961,0.00011144051951521961,0.00014076480870000001,0.00014076480870000001
graphmvp_gin,bbbp,scaffold,2,expanded,molecule_model.gnns.2.mlp.0,gin_mlp_in,2,dumped/n4_full_ft_splits/bbbp_scaffold_seed2.json,32,classification,600,300,5,True,0.6764604091599999,0.6764604091599999,0.6739982963,0.6739982963,0.01085105712168271,0.01085105712168271,0.01496124259999998,0.01496124259999998,32.45752582,32.45752582,32.40629941,32.40629941,2.4954487285310987,2.4954487285310987,2.210290559999997,2.210290559999997,0.10819175273333334,0.10819175273333334,0.10802099803333334,0.10802099803333334,0.008318162428436993,0.008318162428436993,0.007367635199999986,0.007367635199999986,2.7885003256000003,2.7885003256000003,2.46512311,2.46512311,0.695455165302927,0.695455165302927,1.25321216,1.25321216,0.75711711254,0.75711711254,0.7781436508,0.7781436508,0.041405462304955704,0.041405462304955704,0.06564022960000004,0.06564022960000004,0.9113747438800001,0.9113747438800001,0.9184574914,0.9184574914,0.016946551687402462,0.016946551687402462,0.01478058520000003,0.01478058520000003,0.97948579664,0.97948579664,0.9804301458,0.9804301458,0.0036422921417794433,0.0036422921417794433,0.0010476219999999703,0.0010476219999999703,3.4770879500000005,3.4770879500000005,3.47835283,3.47835283,0.07471230042398605,0.07471230042398605,0.0702218320000001,0.0702218320000001,0.6096108968828766,0.6096108968828766,0.6098326584955643,0.6098326584955643,0.013098728914708365,0.013098728914708365,0.01231144986892796,0.01231144986892796,0.014805680982000002,0.014805680982000002,0.01119243016,0.01119243016,0.010822493169448994,0.010822493169448994,0.0045362838320000005,0.0045362838320000005,0.054535793635999995,0.054535793635999995,0.04349880076,0.04349880076,0.019936243606471307,0.019936243606471307,0.02375111228,0.02375111228,0.15095335206,0.15095335206,0.1462575005,0.1462575005,0.024262126814963248,0.024262126814963248,0.03235255910000001,0.03235255910000001,0.039102418188,0.039102418188,0.03505616998,0.03505616998,0.007877664258956075,0.007877664258956075,0.004140750200000001,0.004140750200000001,0.00033951535298,0.00033951535298,0.0002811930608,0.0002811930608,0.00013095917993674982,0.00013095917993674982,0.0001989083539,0.0001989083539
graphmvp_gin,bbbp,scaffold,2,expanded,molecule_model.gnns.2.mlp.2,gin_mlp_out,2,dumped/n4_full_ft_splits/bbbp_scaffold_seed2.json,32,classification,300,600,5,True,0.6764604091599999,0.6764604091599999,0.6739982963,0.6739982963,0.01085105712168271,0.01085105712168271,0.01496124259999998,0.01496124259999998,43.252752574,43.252752574,42.71484878,42.71484878,3.5013484814507803,3.5013484814507803,2.6665720899999954,2.6665720899999954,0.14417584191333335,0.14417584191333335,0.14238282926666665,0.14238282926666665,0.01167116160483593,0.01167116160483593,0.008888573633333313,0.008888573633333313,2.7154802495999997,2.7154802495999997,2.375533336,2.375533336,0.7230983121043381,0.7230983121043381,0.957016023,0.957016023,0.75850082436,0.75850082436,0.7664596703,0.7664596703,0.039867989881781044,0.039867989881781044,0.04283837800000001,0.04283837800000001,0.89608471788,0.89608471788,0.9028813186,0.9028813186,0.015930768068277,0.015930768068277,0.010011613099999983,0.010011613099999983,0.9687372382199999,0.9687372382199999,0.9716624416,0.9716624416,0.005651370716401015,0.005651370716401015,0.0020199149999999833,0.0020199149999999833,3.7638529640000002,3.7638529640000002,3.754546606,3.754546606,0.07970093330744103,0.07970093330744103,0.062277235000000264,0.062277235000000264,0.6598871855166372,0.6598871855166372,0.6582555738551912,0.6582555738551912,0.01397334727640451,0.01397334727640451,0.010918585215463406,0.010918585215463406,0.0091572208694,0.0091572208694,0.008480672349,0.008480672349,0.0034944916424725888,0.0034944916424725888,0.004036219644000001,0.004036219644000001,0.028451339626,0.028451339626,0.02908918442,0.02908918442,0.006633610500538383,0.006633610500538383,0.009848906750000004,0.009848906750000004,0.102531984564,0.102531984564,0.09147216557,0.09147216557,0.020051558541458438,0.020051558541458438,0.03255115411000001,0.03255115411000001,0.04366807464,0.04366807464,0.04216108824,0.04216108824,0.0065979388882049924,0.0065979388882049924,0.003031267429999998,0.003031267429999998,0.00037829024079999993,0.00037829024079999993,0.0003120338661,0.0003120338661,0.00014097735379947312,0.00014097735379947312,0.0001821713231,0.0001821713231
graphmvp_gin,bbbp,scaffold,2,expanded,molecule_model.gnns.3.mlp.0,gin_mlp_in,3,dumped/n4_full_ft_splits/bbbp_scaffold_seed2.json,32,classification,600,300,5,True,0.6764604091599999,0.6764604091599999,0.6739982963,0.6739982963,0.01085105712168271,0.01085105712168271,0.01496124259999998,0.01496124259999998,36.605570015999994,36.605570015999994,36.64021843,36.64021843,3.460848975526895,3.460848975526895,2.458562469999997,2.458562469999997,0.12201856672,0.12201856672,0.12213406143333333,0.12213406143333333,0.011536163251756312,0.011536163251756312,0.00819520823333332,0.00819520823333332,2.577321214,2.577321214,2.315841947,2.315841947,0.6054410965313615,0.6054410965313615,0.8888274820000004,0.8888274820000004,0.75746665744,0.75746665744,0.7399382591,0.7399382591,0.04312496374637899,0.04312496374637899,0.03743105879999997,0.03743105879999997,0.89950731962,0.89950731962,0.908576589,0.908576589,0.020674260356647555,0.020674260356647555,0.017206426199999902,0.017206426199999902,0.97362600708,0.97362600708,0.9769861503,0.9769861503,0.005837693844062192,0.005837693844062192,0.006255856200000021,0.006255856200000021,3.5957091747999996,3.5957091747999996,3.601146501,3.601146501,0.09494599985025856,0.09494599985025856,0.06741900000000012,0.06741900000000012,0.6304078373915782,0.6304078373915782,0.631361121676903,0.631361121676903,0.01664614670565283,0.01664614670565283,0.011820051044997726,0.011820051044997726,0.0123110327652,0.0123110327652,0.01364871631,0.01364871631,0.003932568896321624,0.003932568896321624,0.00512590726,0.00512590726,0.06684779653799999,0.06684779653799999,0.06533363343,0.06533363343,0.018424052111040375,0.018424052111040375,0.030750507090000004,0.030750507090000004,0.13873252112,0.13873252112,0.1319030515,0.1319030515,0.03342156038686307,0.03342156038686307,0.07276120690000001,0.07276120690000001,0.051379240406000004,0.051379240406000004,0.05167050967,0.05167050967,0.0036534444883482508,0.0036534444883482508,0.004224995499999995,0.004224995499999995,0.0004479540745,0.0004479540745,0.0003840100253,0.0003840100253,0.00017693855835991196,0.00017693855835991196,0.0001227680768,0.0001227680768
graphmvp_gin,bbbp,scaffold,2,expanded,molecule_model.gnns.3.mlp.2,gin_mlp_out,3,dumped/n4_full_ft_splits/bbbp_scaffold_seed2.json,32,classification,300,600,5,True,0.6764604091599999,0.6764604091599999,0.6739982963,0.6739982963,0.01085105712168271,0.01085105712168271,0.01496124259999998,0.01496124259999998,42.328750602,42.328750602,41.32910581,41.32910581,4.162061542277749,4.162061542277749,3.8430698200000037,3.8430698200000037,0.14109583534,0.14109583534,0.13776368603333333,0.13776368603333333,0.013873538474259166,0.013873538474259166,0.012810232733333371,0.012810232733333371,1.9488171924,1.9488171924,2.026522217,2.026522217,0.27820820391331097,0.27820820391331097,0.4528915539999998,0.4528915539999998,0.7775956101399999,0.7775956101399999,0.7608848881,0.7608848881,0.034744090118775564,0.034744090118775564,0.042895821299999914,0.042895821299999914,0.89756425504,0.89756425504,0.9051867395,0.9051867395,0.017513237018228593,0.017513237018228593,0.034334985600000034,0.034334985600000034,0.96886499674,0.96886499674,0.9733149411,0.9733149411,0.007617149610104017,0.007617149610104017,0.011714273299999967,0.011714273299999967,3.7405694601999997,3.7405694601999997,3.721566993,3.721566993,0.09933048504998575,0.09933048504998575,0.08952507700000023,0.08952507700000023,0.6558050691485154,0.6558050691485154,0.6524735137667255,0.6524735137667255,0.017414844533665864,0.017414844533665864,0.015695738292578643,0.015695738292578643,0.007903881682000001,0.007903881682000001,0.006163362424,0.006163362424,0.003134980043212954,0.003134980043212954,0.006143683474999999,0.006143683474999999,0.022567611528,0.022567611528,0.02059798779,0.02059798779,0.006572584123841318,0.006572584123841318,0.004290922909999998,0.004290922909999998,0.070901298304,0.070901298304,0.06961738064,0.06961738064,0.020645046993211454,0.020645046993211454,0.041314677550000005,0.041314677550000005,0.07369273333000001,0.07369273333000001,0.07182195821,0.07182195821,0.004431007568574618,0.004431007568574618,0.005100737059999999,0.005100737059999999,0.0006437989358600001,0.0006437989358600001,0.0005718480097,0.0005718480097,0.0002603735825074031,0.0002603735825074031,0.0001311354863,0.0001311354863
graphmvp_gin,bbbp,scaffold,2,expanded,molecule_model.gnns.4.mlp.0,gin_mlp_in,4,dumped/n4_full_ft_splits/bbbp_scaffold_seed2.json,32,classification,600,300,5,True,0.6764604091599999,0.6764604091599999,0.6739982963,0.6739982963,0.01085105712168271,0.01085105712168271,0.01496124259999998,0.01496124259999998,27.096125286,27.096125286,26.43613904,26.43613904,2.4322725217747014,2.4322725217747014,3.690431050000001,3.690431050000001,0.09032041762000001,0.09032041762000001,0.08812046346666667,0.08812046346666667,0.008107575072582338,0.008107575072582338,0.012301436833333332,0.012301436833333332,1.4723580544,1.4723580544,1.49473446,1.49473446,0.09825926146343276,0.09825926146343276,0.15640915099999986,0.15640915099999986,0.88634134832,0.88634134832,0.879701918,0.879701918,0.02152184105576846,0.02152184105576846,0.036512237099999956,0.036512237099999956,0.95222601372,0.95222601372,0.9572723077,0.9572723077,0.009572728729081506,0.009572728729081506,0.01695438420000006,0.01695438420000006,0.9868484993200001,0.9868484993200001,0.988559554,0.988559554,0.003148728784068147,0.003148728784068147,0.005417227700000082,0.005417227700000082,3.2953545676000005,3.2953545676000005,3.274731977,3.274731977,0.08989195882297396,0.08989195882297396,0.13464115900000007,0.13464115900000007,0.5777489906465323,0.5777489906465323,0.5741333915784343,0.5741333915784343,0.015760060840748,0.015760060840748,0.023605591482188437,0.023605591482188437,0.0034380270944,0.0034380270944,0.003573977874,0.003573977874,0.0019515497435036268,0.0019515497435036268,0.001669877125,0.001669877125,0.017182376693399996,0.017182376693399996,0.01825792333,0.01825792333,0.00785150230239357,0.00785150230239357,0.00839090704,0.00839090704,0.067196289408,0.067196289408,0.05986908427,0.05986908427,0.012248438348665968,0.012248438348665968,0.019791413239999993,0.019791413239999993,0.15270605814,0.15270605814,0.1524721013,0.1524721013,0.007433780429974813,0.007433780429974813,0.011440658500000006,0.011440658500000006,0.0013460955816,0.0013460955816,0.001172460965,0.001172460965,0.0005773777180274045,0.0005773777180274045,0.00026344193600000006,0.00026344193600000006
graphmvp_gin,bbbp,scaffold,2,expanded,molecule_model.gnns.4.mlp.2,gin_mlp_out,4,dumped/n4_full_ft_splits/bbbp_scaffold_seed2.json,32,classification,300,600,5,True,0.6764604091599999,0.6764604091599999,0.6739982963,0.6739982963,0.01085105712168271,0.01085105712168271,0.01496124259999998,0.01496124259999998,6.1541219652,6.1541219652,6.08797825,6.08797825,0.27488468305789293,0.27488468305789293,0.4611818679999997,0.4611818679999997,0.020513739883999998,0.020513739883999998,0.020293260833333333,0.020293260833333333,0.0009162822768596427,0.0009162822768596427,0.0015372728933333302,0.0015372728933333302,1.0451912768,1.0451912768,1.0456137,1.0456137,0.004469351161377415,0.004469351161377415,0.00544808100000016,0.00544808100000016,0.99414598132,0.99414598132,0.9944689979,0.9944689979,0.000808270999836456,0.000808270999836456,0.0014153815999999875,0.0014153815999999875,0.9977568157200001,0.9977568157200001,0.9979488142,0.9979488142,0.0002830127521238279,0.0002830127521238279,0.00037719609999997683,0.00037719609999997683,0.99948599216,0.99948599216,0.9994817202,0.9994817202,5.4430215268036326e-05,5.4430215268036326e-05,8.849700000035376e-06,8.849700000035376e-06,1.8161290823999998,1.8161290823999998,1.806316048,1.806316048,0.04451347064577115,0.04451347064577115,0.07484229300000012,0.07484229300000012,0.3184078443505979,0.3184078443505979,0.3166874010406361,0.3166874010406361,0.0078042020086774525,0.0078042020086774525,0.013121519506143375,0.013121519506143375,0.00042464795688000004,0.00042464795688000004,0.0003482587356,0.0003482587356,0.00015647358663367403,0.00015647358663367403,0.00014266407070000003,0.00014266407070000003,0.0011298000634,0.0011298000634,0.001219661131,0.001219661131,0.00013243677178009428,0.00013243677178009428,0.00025467426390000003,0.00025467426390000003,0.0041869343796,0.0041869343796,0.004828265058,0.004828265058,0.0011593317838858555,0.0011593317838858555,0.002286323565,0.002286323565,0.5593811527999999,0.5593811527999999,0.5578857344,0.5578857344,0.02108145174692601,0.02108145174692601,0.00830752740000007,0.00830752740000007,0.0049060067627999995,0.0049060067627999995,0.004377710633,0.004377710633,0.0019501760797037847,0.0019501760797037847,0.0014513346829999997,0.0014513346829999997
graphmvp_gin,bbbp,scaffold,2,historical,molecule_model.gnns.0.mlp.0,gin_mlp_in,0,dumped/n4_full_ft_splits/bbbp_scaffold_seed2.json,32,classification,600,300,5,True,0.6764604091599999,0.6764604091599999,0.6739982963,0.6739982963,0.01085105712168271,0.01085105712168271,0.01496124259999998,0.01496124259999998,7.8355403386,7.8355403386,7.72695336,7.72695336,0.2365126436599503,0.2365126436599503,0.13353518599999958,0.13353518599999958,0.026118467795333333,0.026118467795333333,0.025756511200000002,0.025756511200000002,0.0007883754788665013,0.0007883754788665013,0.00044511728666666445,0.00044511728666666445,2.2222365224000002,2.2222365224000002,2.131662398,2.131662398,0.2131539816651264,0.2131539816651264,0.061878351999999914,0.061878351999999914,0.9201401929399999,0.9201401929399999,0.9224341297,0.9224341297,0.0074471980424073,0.0074471980424073,0.010036009600000062,0.010036009600000062,0.994708675,0.994708675,0.9944639482,0.9944639482,0.0014118016770949488,0.0014118016770949488,0.0026363181999999874,0.0026363181999999874,0.9999999732799999,0.9999999732799999,1.0,1.0,5.343999998075333e-08,5.343999998075333e-08,0.0,0.0,2.0582242012000003,2.0582242012000003,2.044714653,2.044714653,0.02969034773455312,0.02969034773455312,0.01716736299999999,0.01716736299999999,0.36085250627024673,0.36085250627024673,0.35848398182878577,0.35848398182878577,0.00520537868799821,0.00520537868799821,0.0030098207770510865,0.0030098207770510865,0.063476080262,0.063476080262,0.05762143664,0.05762143664,0.016732526993889652,0.016732526993889652,0.02339168009,0.02339168009,0.21601485666000003,0.21601485666000003,0.2111513856,0.2111513856,0.033642140321405896,0.033642140321405896,0.029095241800000005,0.029095241800000005,0.41005761492000004,0.41005761492000004,0.4105026541,0.4105026541,0.08169473075185935,0.08169473075185935,0.06656296230000003,0.06656296230000003,0.01869053455,0.01869053455,0.0190232462,0.0190232462,0.002813134533332033,0.002813134533332033,0.00386742122,0.00386742122,4.5801474334e-05,4.5801474334e-05,3.461521555e-05,3.461521555e-05,2.6053025078916465e-05,2.6053025078916465e-05,2.584863979999998e-06,2.584863979999998e-06
graphmvp_gin,bbbp,scaffold,2,historical,molecule_model.gnns.1.mlp.0,gin_mlp_in,1,dumped/n4_full_ft_splits/bbbp_scaffold_seed2.json,32,classification,600,300,5,True,0.6764604091599999,0.6764604091599999,0.6739982963,0.6739982963,0.01085105712168271,0.01085105712168271,0.01496124259999998,0.01496124259999998,19.997529338,19.997529338,19.95337709,19.95337709,0.36880157687559806,0.36880157687559806,0.44472727000000134,0.44472727000000134,0.06665843112666667,0.06665843112666667,0.06651125696666667,0.06651125696666667,0.0012293385895853254,0.0012293385895853254,0.0014824242333333348,0.0014824242333333348,2.9648071853999998,2.9648071853999998,3.138051433,3.138051433,0.5250092995271238,0.5250092995271238,0.9666676650000001,0.9666676650000001,0.7842898734999999,0.7842898734999999,0.7781236242,0.7781236242,0.035956027746056135,0.035956027746056135,0.0283456351000001,0.0283456351000001,0.9423669517400001,0.9423669517400001,0.9430891132,0.9430891132,0.009745654740319343,0.009745654740319343,0.005607041700000037,0.005607041700000037,0.9918109963799999,0.9918109963799999,0.9918856169,0.9918856169,0.0007219174989985887,0.0007219174989985887,0.0002654838000000215,0.0002654838000000215,2.995437806,2.995437806,2.993398406,2.993398406,0.01851293568510037,0.01851293568510037,0.022129551999999997,0.022129551999999997,0.5251669079789989,0.5251669079789989,0.5248093557741136,0.5248093557741136,0.003245729613175037,0.003245729613175037,0.0038798029374943477,0.0038798029374943477,0.02552793365,0.02552793365,0.02710745851,0.02710745851,0.004980287962476653,0.004980287962476653,0.007636266880000003,0.007636266880000003,0.072605538234,0.072605538234,0.0730832335,0.0730832335,0.008210071107981318,0.008210071107981318,0.011406312269999996,0.011406312269999996,0.23523273054000002,0.23523273054000002,0.2351205891,0.2351205891,0.020186411507479025,0.020186411507479025,0.03889535800000002,0.03889535800000002,0.076729310634,0.076729310634,0.07646545887,0.07646545887,0.008190536095328894,0.008190536095328894,0.009564156239999996,0.009564156239999996,0.00018149721144799998,0.00018149721144799998,0.0001619990653,0.0001619990653,7.257293977605118e-05,7.257293977605118e-05,4.05859027e-05,4.05859027e-05
graphmvp_gin,bbbp,scaffold,2,historical,molecule_model.gnns.2.mlp.0,gin_mlp_in,2,dumped/n4_full_ft_splits/bbbp_scaffold_seed2.json,32,classification,600,300,5,True,0.6764604091599999,0.6764604091599999,0.6739982963,0.6739982963,0.01085105712168271,0.01085105712168271,0.01496124259999998,0.01496124259999998,32.45752582,32.45752582,32.40629941,32.40629941,2.4954487285310987,2.4954487285310987,2.210290559999997,2.210290559999997,0.10819175273333334,0.10819175273333334,0.10802099803333334,0.10802099803333334,0.008318162428436993,0.008318162428436993,0.007367635199999986,0.007367635199999986,2.7885003256000003,2.7885003256000003,2.46512311,2.46512311,0.695455165302927,0.695455165302927,1.25321216,1.25321216,0.75711711254,0.75711711254,0.7781436508,0.7781436508,0.041405462304955704,0.041405462304955704,0.06564022960000004,0.06564022960000004,0.9113747438800001,0.9113747438800001,0.9184574914,0.9184574914,0.016946551687402462,0.016946551687402462,0.01478058520000003,0.01478058520000003,0.97948579664,0.97948579664,0.9804301458,0.9804301458,0.0036422921417794433,0.0036422921417794433,0.0010476219999999703,0.0010476219999999703,3.4770879500000005,3.4770879500000005,3.47835283,3.47835283,0.07471230042398605,0.07471230042398605,0.0702218320000001,0.0702218320000001,0.6096108968828766,0.6096108968828766,0.6098326584955643,0.6098326584955643,0.013098728914708365,0.013098728914708365,0.01231144986892796,0.01231144986892796,0.014805680982000002,0.014805680982000002,0.01119243016,0.01119243016,0.010822493169448994,0.010822493169448994,0.0045362838320000005,0.0045362838320000005,0.054535793635999995,0.054535793635999995,0.04349880076,0.04349880076,0.019936243606471307,0.019936243606471307,0.02375111228,0.02375111228,0.15095335206,0.15095335206,0.1462575005,0.1462575005,0.024262126814963248,0.024262126814963248,0.03235255910000001,0.03235255910000001,0.14503555378000002,0.14503555378000002,0.1327264227,0.1327264227,0.02599034287856639,0.02599034287856639,0.01573433370000002,0.01573433370000002,0.00033951535298,0.00033951535298,0.0002811930608,0.0002811930608,0.00013095917993674982,0.00013095917993674982,0.0001989083539,0.0001989083539
graphmvp_gin,bbbp,scaffold,2,historical,molecule_model.gnns.3.mlp.0,gin_mlp_in,3,dumped/n4_full_ft_splits/bbbp_scaffold_seed2.json,32,classification,600,300,5,True,0.6764604091599999,0.6764604091599999,0.6739982963,0.6739982963,0.01085105712168271,0.01085105712168271,0.01496124259999998,0.01496124259999998,36.605570015999994,36.605570015999994,36.64021843,36.64021843,3.460848975526895,3.460848975526895,2.458562469999997,2.458562469999997,0.12201856672,0.12201856672,0.12213406143333333,0.12213406143333333,0.011536163251756312,0.011536163251756312,0.00819520823333332,0.00819520823333332,2.577321214,2.577321214,2.315841947,2.315841947,0.6054410965313615,0.6054410965313615,0.8888274820000004,0.8888274820000004,0.75746665744,0.75746665744,0.7399382591,0.7399382591,0.04312496374637899,0.04312496374637899,0.03743105879999997,0.03743105879999997,0.89950731962,0.89950731962,0.908576589,0.908576589,0.020674260356647555,0.020674260356647555,0.017206426199999902,0.017206426199999902,0.97362600708,0.97362600708,0.9769861503,0.9769861503,0.005837693844062192,0.005837693844062192,0.006255856200000021,0.006255856200000021,3.5957091747999996,3.5957091747999996,3.601146501,3.601146501,0.09494599985025856,0.09494599985025856,0.06741900000000012,0.06741900000000012,0.6304078373915782,0.6304078373915782,0.631361121676903,0.631361121676903,0.01664614670565283,0.01664614670565283,0.011820051044997726,0.011820051044997726,0.0123110327652,0.0123110327652,0.01364871631,0.01364871631,0.003932568896321624,0.003932568896321624,0.00512590726,0.00512590726,0.06684779653799999,0.06684779653799999,0.06533363343,0.06533363343,0.018424052111040375,0.018424052111040375,0.030750507090000004,0.030750507090000004,0.13873252112,0.13873252112,0.1319030515,0.1319030515,0.03342156038686307,0.03342156038686307,0.07276120690000001,0.07276120690000001,0.19092072518,0.19092072518,0.1874255464,0.1874255464,0.008204825746395493,0.008204825746395493,0.009585660200000012,0.009585660200000012,0.0004479540745,0.0004479540745,0.0003840100253,0.0003840100253,0.00017693855835991196,0.00017693855835991196,0.0001227680768,0.0001227680768
graphmvp_gin,bbbp,scaffold,2,historical,molecule_model.gnns.4.mlp.0,gin_mlp_in,4,dumped/n4_full_ft_splits/bbbp_scaffold_seed2.json,32,classification,600,300,5,True,0.6764604091599999,0.6764604091599999,0.6739982963,0.6739982963,0.01085105712168271,0.01085105712168271,0.01496124259999998,0.01496124259999998,27.096125286,27.096125286,26.43613904,26.43613904,2.4322725217747014,2.4322725217747014,3.690431050000001,3.690431050000001,0.09032041762000001,0.09032041762000001,0.08812046346666667,0.08812046346666667,0.008107575072582338,0.008107575072582338,0.012301436833333332,0.012301436833333332,1.4723580544,1.4723580544,1.49473446,1.49473446,0.09825926146343276,0.09825926146343276,0.15640915099999986,0.15640915099999986,0.88634134832,0.88634134832,0.879701918,0.879701918,0.02152184105576846,0.02152184105576846,0.036512237099999956,0.036512237099999956,0.95222601372,0.95222601372,0.9572723077,0.9572723077,0.009572728729081506,0.009572728729081506,0.01695438420000006,0.01695438420000006,0.9868484993200001,0.9868484993200001,0.988559554,0.988559554,0.003148728784068147,0.003148728784068147,0.005417227700000082,0.005417227700000082,3.2953545676000005,3.2953545676000005,3.274731977,3.274731977,0.08989195882297396,0.08989195882297396,0.13464115900000007,0.13464115900000007,0.5777489906465323,0.5777489906465323,0.5741333915784343,0.5741333915784343,0.015760060840748,0.015760060840748,0.023605591482188437,0.023605591482188437,0.0034380270944,0.0034380270944,0.003573977874,0.003573977874,0.0019515497435036268,0.0019515497435036268,0.001669877125,0.001669877125,0.017182376693399996,0.017182376693399996,0.01825792333,0.01825792333,0.00785150230239357,0.00785150230239357,0.00839090704,0.00839090704,0.067196289408,0.067196289408,0.05986908427,0.05986908427,0.012248438348665968,0.012248438348665968,0.019791413239999993,0.019791413239999993,0.5686238758,0.5686238758,0.5867112674,0.5867112674,0.03113086510349815,0.03113086510349815,0.02286630649999999,0.02286630649999999,0.0013460955816,0.0013460955816,0.001172460965,0.001172460965,0.0005773777180274045,0.0005773777180274045,0.00026344193600000006,0.00026344193600000006
graphmvp_gin,esol,scaffold,0,expanded,molecule_model.gnns.0.mlp.0,gin_mlp_in,0,dumped/n4_full_ft_splits/esol_scaffold_seed0.json,32,regression,600,300,5,True,0.96784307948,0.96784307948,0.921942234,0.921942234,0.2592901565604854,0.2592901565604854,0.059086620800000045,0.059086620800000045,7.030913802000001,7.030913802000001,6.872429295,6.872429295,0.6371566171964566,0.6371566171964566,0.7618657579999999,0.7618657579999999,0.02343637934,0.02343637934,0.02290809765,0.02290809765,0.002123855390654855,0.002123855390654855,0.0025395525266666656,0.0025395525266666656,2.1361704678000004,2.1361704678000004,2.156867931,2.156867931,0.3756263125920907,0.3756263125920907,0.1643929879999999,0.1643929879999999,0.93422246644,0.93422246644,0.9268997631,0.9268997631,0.01664008031860783,0.01664008031860783,0.0030153107999999484,0.0030153107999999484,0.99699506774,0.99699506774,0.9977153775,0.9977153775,0.001682395736518529,0.001682395736518529,0.002430893600000039,0.002430893600000039,1.0,1.0,1.0,1.0,0.0,0.0,0.0,0.0,1.9460957472,1.9460957472,1.927517653,1.927517653,0.0925351041909587,0.0925351041909587,0.1053614279999997,0.1053614279999997,0.34119389297315406,0.34119389297315406,0.3379367396222771,0.3379367396222771,0.016223463044413584,0.016223463044413584,0.01847220304563779,0.01847220304563779,0.0673050785,0.0673050785,0.05100285902,0.05100285902,0.0339197306988537,0.0339197306988537,0.018011944079999995,0.018011944079999995,0.21664334792,0.21664334792,0.2263242597,0.2263242597,0.053431532150860994,0.053431532150860994,0.062404280000000006,0.062404280000000006,0.46447868732,0.46447868732,0.4526147508,0.4526147508,0.05877465675228148,0.05877465675228148,0.08572302879999999,0.08572302879999999,0.0073344564172,0.0073344564172,0.0063291028,0.0063291028,0.0033501721490512607,0.0033501721490512607,0.004147965491999999,0.004147965491999999,0.0023095976328199996,0.0023095976328199996,0.002345966175,0.002345966175,0.000827142083077804,0.000827142083077804,0.000676684082,0.000676684082
graphmvp_gin,esol,scaffold,0,expanded,molecule_model.gnns.0.mlp.2,gin_mlp_out,0,dumped/n4_full_ft_splits/esol_scaffold_seed0.json,32,regression,300,600,5,True,0.96784307948,0.96784307948,0.921942234,0.921942234,0.2592901565604854,0.2592901565604854,0.059086620800000045,0.059086620800000045,13.47708427,13.47708427,13.4096013,13.4096013,1.365029337983108,1.365029337983108,2.1429630399999997,2.1429630399999997,0.04492361423333334,0.04492361423333334,0.044698671,0.044698671,0.004550097793277026,0.004550097793277026,0.0071432101333333345,0.0071432101333333345,2.3673824728,2.3673824728,2.387758334,2.387758334,0.4274950940655002,0.4274950940655002,0.75818816,0.75818816,0.8799349989800002,0.8799349989800002,0.8784725107,0.8784725107,0.03312036142987622,0.03312036142987622,0.04102645890000001,0.04102645890000001,0.9798548468,0.9798548468,0.9843517813,0.9843517813,0.007390385609569166,0.007390385609569166,0.009353881200000025,0.009353881200000025,0.9977614644200001,0.9977614644200001,0.9979516647,0.9979516647,0.0008113076766726596,0.0008113076766726596,0.0014354018000000135,0.0014354018000000135,2.5957916238,2.5957916238,2.595970965,2.595970965,0.10232606603366834,0.10232606603366834,0.15792319399999988,0.15792319399999988,0.45510003849795533,0.45510003849795533,0.45513148100138123,0.45513148100138123,0.017940036543878914,0.017940036543878914,0.027687450336983388,0.027687450336983388,0.048665304442,0.048665304442,0.05060190872,0.05060190872,0.022297602873669126,0.022297602873669126,0.0050913897400000005,0.0050913897400000005,0.129249940552,0.129249940552,0.1269830134,0.1269830134,0.02865472117736223,0.02865472117736223,0.0270922965,0.0270922965,0.25898811559999996,0.25898811559999996,0.2525468757,0.2525468757,0.019804808658171084,0.019804808658171084,0.016531910599999977,0.016531910599999977,0.015966998216,0.015966998216,0.01490858735,0.01490858735,0.0069115497793832,0.0069115497793832,0.006353319810000001,0.006353319810000001,0.0051082486754,0.0051082486754,0.005526066292,0.005526066292,0.001815771012617455,0.001815771012617455,0.0018582735209999998,0.0018582735209999998
graphmvp_gin,esol,scaffold,0,expanded,molecule_model.gnns.1.mlp.0,gin_mlp_in,1,dumped/n4_full_ft_splits/esol_scaffold_seed0.json,32,regression,600,300,5,True,0.96784307948,0.96784307948,0.921942234,0.921942234,0.2592901565604854,0.2592901565604854,0.059086620800000045,0.059086620800000045,15.237890941999998,15.237890941999998,15.13439033,15.13439033,1.4295366125576325,1.4295366125576325,0.9942866499999994,0.9942866499999994,0.050792969806666664,0.050792969806666664,0.05044796776666667,0.05044796776666667,0.004765122041858776,0.004765122041858776,0.0033142888333333315,0.0033142888333333315,2.562771596,2.562771596,2.317111054,2.317111054,0.6487515552451194,0.6487515552451194,0.4513389010000002,0.4513389010000002,0.84228916842,0.84228916842,0.8463912224,0.8463912224,0.03828029074337285,0.03828029074337285,0.017736406599999976,0.017736406599999976,0.96666106128,0.96666106128,0.9716242252,0.9716242252,0.01230118014976901,0.01230118014976901,0.009766649399999938,0.009766649399999938,0.9965650077200001,0.9965650077200001,0.9965909025,0.9965909025,0.0011901185419279084,0.0011901185419279084,0.0014248376000000063,0.0014248376000000063,2.7192341362,2.7192341362,2.71696966,2.71696966,0.09625548027370233,0.09625548027370233,0.06418757799999986,0.06418757799999986,0.47674225801605513,0.47674225801605513,0.4763452449444554,0.4763452449444554,0.016875727765109795,0.016875727765109795,0.011253510856209292,0.011253510856209292,0.016144434652000002,0.016144434652000002,0.01251752862,0.01251752862,0.008385929319923912,0.008385929319923912,0.00462087833,0.00462087833,0.071180763872,0.071180763872,0.07449691004,0.07449691004,0.021636126445288617,0.021636126445288617,0.025454604140000003,0.025454604140000003,0.23165034206000001,0.23165034206000001,0.2333883422,0.2333883422,0.022582137865184808,0.022582137865184808,0.0370968934,0.0370968934,0.025427945784,0.025427945784,0.02603547245,0.02603547245,0.007612706563710587,0.007612706563710587,0.008054529559999999,0.008054529559999999,0.008669910301,0.008669910301,0.00965039432,0.00965039432,0.0036832914814750413,0.0036832914814750413,0.004848426207000001,0.004848426207000001
graphmvp_gin,esol,scaffold,0,expanded,molecule_model.gnns.1.mlp.2,gin_mlp_out,1,dumped/n4_full_ft_splits/esol_scaffold_seed0.json,32,regression,300,600,5,True,0.96784307948,0.96784307948,0.921942234,0.921942234,0.2592901565604854,0.2592901565604854,0.059086620800000045,0.059086620800000045,23.876725704000002,23.876725704000002,23.70950962,23.70950962,1.5341024108841903,1.5341024108841903,1.1430187499999995,1.1430187499999995,0.07958908567999999,0.07958908567999999,0.07903169873333332,0.07903169873333332,0.005113674702947302,0.005113674702947302,0.0038100625000000027,0.0038100625000000027,2.3911884676,2.3911884676,2.113227482,2.113227482,0.5397088061870413,0.5397088061870413,0.7994425409999999,0.7994425409999999,0.8311023630400001,0.8311023630400001,0.852457106,0.852457106,0.04606069690744626,0.04606069690744626,0.031624931199999984,0.031624931199999984,0.94500648426,0.94500648426,0.9529386452,0.9529386452,0.013922129626304552,0.013922129626304552,0.013926400699999952,0.013926400699999952,0.9894258822399999,0.9894258822399999,0.9894329896,0.9894329896,0.002403370988451676,0.002403370988451676,0.0014928395000000094,0.0014928395000000094,3.1708321659999994,3.1708321659999994,3.165876217,3.165876217,0.06445159631967819,0.06445159631967819,0.04772450600000022,0.04772450600000022,0.555917442519777,0.555917442519777,0.555048554370199,0.555048554370199,0.011299799143122688,0.011299799143122688,0.0083671679647771,0.0083671679647771,0.010133109072,0.010133109072,0.01083797939,0.01083797939,0.0033207043414225346,0.0033207043414225346,0.004874757148,0.004874757148,0.035755872586,0.035755872586,0.03581856883,0.03581856883,0.010832571946895754,0.010832571946895754,0.006682731820000003,0.006682731820000003,0.122601887962,0.122601887962,0.1222605654,0.1222605654,0.017357496245817342,0.017357496245817342,0.023242120699999994,0.023242120699999994,0.04906458499599999,0.04906458499599999,0.04298722693,0.04298722693,0.019915549297499995,0.019915549297499995,0.028943966209999998,0.028943966209999998,0.0159307990224,0.0159307990224,0.01682230085,0.01682230085,0.006116712311727635,0.006116712311727635,0.008043850770000001,0.008043850770000001
graphmvp_gin,esol,scaffold,0,expanded,molecule_model.gnns.2.mlp.0,gin_mlp_in,2,dumped/n4_full_ft_splits/esol_scaffold_seed0.json,32,regression,600,300,5,True,0.96784307948,0.96784307948,0.921942234,0.921942234,0.2592901565604854,0.2592901565604854,0.059086620800000045,0.059086620800000045,23.307035395999996,23.307035395999996,23.78331768,23.78331768,1.10305351776147,1.10305351776147,0.21227255999999883,0.21227255999999883,0.07769011798666667,0.07769011798666667,0.0792777256,0.0792777256,0.0036768450592048973,0.0036768450592048973,0.0007075751999999907,0.0007075751999999907,2.4617438078,2.4617438078,2.322586365,2.322586365,0.5713507241219662,0.5713507241219662,0.3480127999999998,0.3480127999999998,0.7873618905199999,0.7873618905199999,0.8084357068,0.8084357068,0.04617929348262992,0.04617929348262992,0.04427401860000002,0.04427401860000002,0.93647518788,0.93647518788,0.9383725321,0.9383725321,0.014018809169399085,0.014018809169399085,0.00838861599999996,0.00838861599999996,0.9897500392599999,0.9897500392599999,0.9891618853,0.9891618853,0.0013699489413246586,0.0013699489413246586,0.0007389050999999647,0.0007389050999999647,3.1475813084000004,3.1475813084000004,3.168984397,3.168984397,0.04902605816461578,0.04902605816461578,0.008943252999999984,0.008943252999999984,0.551841049757025,0.551841049757025,0.5555934874937551,0.5555934874937551,0.008595359024025712,0.008595359024025712,0.0015679512743933532,0.0015679512743933532,0.009033638536,0.009033638536,0.008652052741,0.008652052741,0.0012223099208975292,0.0012223099208975292,0.0008631917370000002,0.0008631917370000002,0.045577205726000006,0.045577205726000006,0.05246584705,0.05246584705,0.011301470009528282,0.011301470009528282,0.017967354389999995,0.017967354389999995,0.13790562766,0.13790562766,0.1412671391,0.1412671391,0.01593664062890104,0.01593664062890104,0.029367198799999994,0.029367198799999994,0.035163441982,0.035163441982,0.03633144453,0.03633144453,0.008317771567240898,0.008317771567240898,0.011103739560000003,0.011103739560000003,0.011978971490999999,0.011978971490999999,0.01421767659,0.01421767659,0.00485716711383043,0.00485716711383043,0.0063972957399999995,0.0063972957399999995
graphmvp_gin,esol,scaffold,0,expanded,molecule_model.gnns.2.mlp.2,gin_mlp_out,2,dumped/n4_full_ft_splits/esol_scaffold_seed0.json,32,regression,300,600,5,True,0.96784307948,0.96784307948,0.921942234,0.921942234,0.2592901565604854,0.2592901565604854,0.059086620800000045,0.059086620800000045,31.038480049999997,31.038480049999997,30.95195841,30.95195841,2.010084009247374,2.010084009247374,1.8148850500000009,1.8148850500000009,0.10346160016666665,0.10346160016666665,0.1031731947,0.1031731947,0.00670028003082458,0.00670028003082458,0.0060496168333333405,0.0060496168333333405,2.6445253474,2.6445253474,2.44087651,2.44087651,0.4318300902409899,0.4318300902409899,0.48988265799999997,0.48988265799999997,0.77787968246,0.77787968246,0.7842736006,0.7842736006,0.03427755425398845,0.03427755425398845,0.040838203399999995,0.040838203399999995,0.91602851346,0.91602851346,0.9118119671,0.9118119671,0.015854330414308292,0.015854330414308292,0.014804767800000063,0.014804767800000063,0.98053168652,0.98053168652,0.980566396,0.980566396,0.003519286395116578,0.003519286395116578,0.0012633788999999451,0.0012633788999999451,3.4331073732,3.4331073732,3.432436274,3.432436274,0.06531524584588731,0.06531524584588731,0.05816960699999996,0.05816960699999996,0.6019001230244028,0.6019001230244028,0.6017824643999756,0.6017824643999756,0.011451216124756592,0.011451216124756592,0.010198426615753098,0.010198426615753098,0.005570520218000001,0.005570520218000001,0.004650188968,0.004650188968,0.0024470260266139594,0.0024470260266139594,0.0012417056210000006,0.0012417056210000006,0.032220518554,0.032220518554,0.0322829328,0.0322829328,0.00929298388871868,0.00929298388871868,0.012739699509999997,0.012739699509999997,0.098878658946,0.098878658946,0.08907852835,0.08907852835,0.015826424571083714,0.015826424571083714,0.030998276350000006,0.030998276350000006,0.03883736876,0.03883736876,0.04072673262,0.04072673262,0.006287048517190612,0.006287048517190612,0.00854598116,0.00854598116,0.013494021631,0.013494021631,0.0150959054,0.0150959054,0.005827129170317669,0.005827129170317669,0.008317582305000001,0.008317582305000001
graphmvp_gin,esol,scaffold,0,expanded,molecule_model.gnns.3.mlp.0,gin_mlp_in,3,dumped/n4_full_ft_splits/esol_scaffold_seed0.json,32,regression,600,300,5,True,0.96784307948,0.96784307948,0.921942234,0.921942234,0.2592901565604854,0.2592901565604854,0.059086620800000045,0.059086620800000045,26.164074514,26.164074514,25.82853847,25.82853847,2.3932396578514203,2.3932396578514203,3.8499525299999995,3.8499525299999995,0.08721358171333332,0.08721358171333332,0.08609512823333333,0.08609512823333333,0.007977465526171401,0.007977465526171401,0.012833175099999997,0.012833175099999997,2.342969472,2.342969472,2.419297585,2.419297585,0.4735383115289041,0.4735383115289041,0.7798472389999997,0.7798472389999997,0.79365492494,0.79365492494,0.7923820855,0.7923820855,0.04794056465207583,0.04794056465207583,0.07068672899999995,0.07068672899999995,0.9251203724,0.9251203724,0.9125033013,0.9125033013,0.018831905333821716,0.018831905333821716,0.02171288309999997,0.02171288309999997,0.98485571044,0.98485571044,0.9839749145,0.9839749145,0.003722618416882084,0.003722618416882084,0.006332160300000056,0.006332160300000056,3.2601339255999995,3.2601339255999995,3.251480023,3.251480023,0.09262262771801641,0.09262262771801641,0.14435055100000005,0.14435055100000005,0.5715740283024218,0.5715740283024218,0.5700568065923631,0.5700568065923631,0.01623880786645871,0.01623880786645871,0.02530786397296847,0.02530786397296847,0.0080332464504,0.0080332464504,0.007767350232,0.007767350232,0.003223029593435385,0.003223029593435385,0.006644309313,0.006644309313,0.059322007796,0.059322007796,0.05235658355,0.05235658355,0.016246121184129568,0.016246121184129568,0.019981212960000008,0.019981212960000008,0.12153888611799998,0.12153888611799998,0.1184178293,0.1184178293,0.01941935183608877,0.01941935183608877,0.01894431739999998,0.01894431739999998,0.048133242256,0.048133242256,0.04701614259,0.04701614259,0.007168400502382305,0.007168400502382305,0.00904132915,0.00904132915,0.0174419921816,0.0174419921816,0.0159288384,0.0159288384,0.009092650844371646,0.009092650844371646,0.014838411471,0.014838411471
graphmvp_gin,esol,scaffold,0,expanded,molecule_model.gnns.3.mlp.2,gin_mlp_out,3,dumped/n4_full_ft_splits/esol_scaffold_seed0.json,32,regression,300,600,5,True,0.96784307948,0.96784307948,0.921942234,0.921942234,0.2592901565604854,0.2592901565604854,0.059086620800000045,0.059086620800000045,30.603579822,30.603579822,30.05969651,30.05969651,2.5912836877521936,2.5912836877521936,3.4831559500000004,3.4831559500000004,0.10201193274,0.10201193274,0.10019898836666666,0.10019898836666666,0.008637612292507313,0.008637612292507313,0.011610519833333333,0.011610519833333333,2.254877234,2.254877234,2.286887996,2.286887996,0.27306929469679225,0.27306929469679225,0.3768607300000002,0.3768607300000002,0.8005496815200001,0.8005496815200001,0.7952075456,0.7952075456,0.03428478814788172,0.03428478814788172,0.033016447300000085,0.033016447300000085,0.9216745294199999,0.9216745294199999,0.9128568625,0.9128568625,0.017116432152614637,0.017116432152614637,0.01108119240000005,0.01108119240000005,0.9795591512399999,0.9795591512399999,0.9781669406,0.9781669406,0.004463553709298529,0.004463553709298529,0.005215879499999909,0.005215879499999909,3.4174530836000003,3.4174530836000003,3.403185288,3.403185288,0.08608505857583096,0.08608505857583096,0.11114222099999971,0.11114222099999971,0.5991555776863648,0.5991555776863648,0.5966541156016173,0.5966541156016173,0.015092626508520515,0.015092626508520515,0.019485704704525708,0.019485704704525708,0.004817726699399999,0.004817726699399999,0.004855728908,0.004855728908,0.0002073951288941867,0.0002073951288941867,0.00028319444100000004,0.00028319444100000004,0.017662624708,0.017662624708,0.01900394445,0.01900394445,0.002668707570117308,0.002668707570117308,0.00500936945,0.00500936945,0.066378227324,0.066378227324,0.06823967565,0.06823967565,0.01182579644391199,0.01182579644391199,0.018208611650000005,0.018208611650000005,0.067916785152,0.067916785152,0.0675442392,0.0675442392,0.0078072628081877074,0.0078072628081877074,0.015133277530000003,0.015133277530000003,0.024451981111999997,0.024451981111999997,0.02260004357,0.02260004357,0.01259367643131185,0.01259367643131185,0.01779399626,0.01779399626
graphmvp_gin,esol,scaffold,0,expanded,molecule_model.gnns.4.mlp.0,gin_mlp_in,4,dumped/n4_full_ft_splits/esol_scaffold_seed0.json,32,regression,600,300,5,True,0.96784307948,0.96784307948,0.921942234,0.921942234,0.2592901565604854,0.2592901565604854,0.059086620800000045,0.059086620800000045,19.709421982000002,19.709421982000002,19.29137568,19.29137568,2.2527204453466263,2.2527204453466263,2.64844952,2.64844952,0.06569807327333334,0.06569807327333334,0.0643045856,0.0643045856,0.007509068151155422,0.007509068151155422,0.008828165066666671,0.008828165066666671,1.4920555558,1.4920555558,1.508177617,1.508177617,0.05835497073294859,0.05835497073294859,0.0844143610000001,0.0844143610000001,0.9072758665799998,0.9072758665799998,0.9099056837,0.9099056837,0.01746043785899369,0.01746043785899369,0.02040017120000004,0.02040017120000004,0.9682104291,0.9682104291,0.9677167456,0.9677167456,0.009569749026199947,0.009569749026199947,0.00841940200000002,0.00841940200000002,0.9931624017799999,0.9931624017799999,0.9935574858,0.9935574858,0.0018685025064072885,0.0018685025064072885,0.0018167525000000184,0.0018167525000000184,2.9745096373999997,2.9745096373999997,2.95965814,2.95965814,0.11507095781703619,0.11507095781703619,0.13325960400000003,0.13325960400000003,0.5214977342871566,0.5214977342871566,0.518893936287147,0.518893936287147,0.020174499698811212,0.020174499698811212,0.023363374145510818,0.023363374145510818,0.0106324961992,0.0106324961992,0.009942584308,0.009942584308,0.0042040208822285395,0.0042040208822285395,0.006319146473000001,0.006319146473000001,0.022789351672,0.022789351672,0.02216256389,0.02216256389,0.004490296165849601,0.004490296165849601,0.005475067950000002,0.005475067950000002,0.065789014876,0.065789014876,0.0690667379,0.0690667379,0.004596304747642421,0.004596304747642421,0.007831350299999991,0.007831350299999991,0.1478412052,0.1478412052,0.1527270709,0.1527270709,0.00971630966583272,0.00971630966583272,0.011285496899999997,0.011285496899999997,0.054353574296,0.054353574296,0.05294242501,0.05294242501,0.02977214288663849,0.02977214288663849,0.029884207989999998,0.029884207989999998
graphmvp_gin,esol,scaffold,0,expanded,molecule_model.gnns.4.mlp.2,gin_mlp_out,4,dumped/n4_full_ft_splits/esol_scaffold_seed0.json,32,regression,300,600,5,True,0.96784307948,0.96784307948,0.921942234,0.921942234,0.2592901565604854,0.2592901565604854,0.059086620800000045,0.059086620800000045,6.2331550182,6.2331550182,6.166438444,6.166438444,0.2515324548750903,0.2515324548750903,0.2982363870000002,0.2982363870000002,0.020777183393999997,0.020777183393999997,0.020554794813333332,0.020554794813333332,0.0008384415162503014,0.0008384415162503014,0.0009941212900000003,0.0009941212900000003,1.0504052256,1.0504052256,1.05010133,1.05010133,0.005611510442436549,0.005611510442436549,0.004906266999999964,0.004906266999999964,0.99287548976,0.99287548976,0.9928697183,0.9928697183,0.0008487444862513828,0.0008487444862513828,0.000790612600000018,0.000790612600000018,0.99736156846,0.99736156846,0.9974120686,0.9974120686,0.00036457706506736,0.00036457706506736,0.0004813670000000103,0.0004813670000000103,0.99954018724,0.99954018724,0.9995501559,0.9995501559,4.742016148280593e-05,4.742016148280593e-05,7.568099999999411e-05,7.568099999999411e-05,1.8290609094,1.8290609094,1.819121434,1.819121434,0.04063398684640892,0.04063398684640892,0.047266087999999984,0.047266087999999984,0.3206750814090693,0.3206750814090693,0.3189324701779846,0.3189324701779846,0.007124042164468808,0.007124042164468808,0.008286797087725395,0.008286797087725395,0.00035601408852,0.00035601408852,0.0003791752287,0.0003791752287,0.00013703047550222804,0.00013703047550222804,0.0001973466384,0.0001973466384,0.00084651745654,0.00084651745654,0.000747161724,0.000747161724,0.0003601879377642613,0.0003601879377642613,0.000506570678,0.000506570678,0.0038788771885999995,0.0038788771885999995,0.00411746289,0.00411746289,0.0007121108366764771,0.0007121108366764771,0.0003841307779999994,0.0003841307779999994,0.56431397128,0.56431397128,0.5660020461,0.5660020461,0.05325423010727873,0.05325423010727873,0.06548474539999993,0.06548474539999993,0.20593338610599998,0.20593338610599998,0.2093916833,0.2093916833,0.11133123199328646,0.11133123199328646,0.0828244239,0.0828244239
graphmvp_gin,esol,scaffold,0,historical,molecule_model.gnns.0.mlp.0,gin_mlp_in,0,dumped/n4_full_ft_splits/esol_scaffold_seed0.json,32,regression,600,300,5,True,0.96784307948,0.96784307948,0.921942234,0.921942234,0.2592901565604854,0.2592901565604854,0.059086620800000045,0.059086620800000045,7.030913802000001,7.030913802000001,6.872429295,6.872429295,0.6371566171964566,0.6371566171964566,0.7618657579999999,0.7618657579999999,0.02343637934,0.02343637934,0.02290809765,0.02290809765,0.002123855390654855,0.002123855390654855,0.0025395525266666656,0.0025395525266666656,2.1361704678000004,2.1361704678000004,2.156867931,2.156867931,0.3756263125920907,0.3756263125920907,0.1643929879999999,0.1643929879999999,0.93422246644,0.93422246644,0.9268997631,0.9268997631,0.01664008031860783,0.01664008031860783,0.0030153107999999484,0.0030153107999999484,0.99699506774,0.99699506774,0.9977153775,0.9977153775,0.001682395736518529,0.001682395736518529,0.002430893600000039,0.002430893600000039,1.0,1.0,1.0,1.0,0.0,0.0,0.0,0.0,1.9460957472,1.9460957472,1.927517653,1.927517653,0.0925351041909587,0.0925351041909587,0.1053614279999997,0.1053614279999997,0.34119389297315406,0.34119389297315406,0.3379367396222771,0.3379367396222771,0.016223463044413584,0.016223463044413584,0.01847220304563779,0.01847220304563779,0.0673050785,0.0673050785,0.05100285902,0.05100285902,0.0339197306988537,0.0339197306988537,0.018011944079999995,0.018011944079999995,0.21664334792,0.21664334792,0.2263242597,0.2263242597,0.053431532150860994,0.053431532150860994,0.062404280000000006,0.062404280000000006,0.46447868732,0.46447868732,0.4526147508,0.4526147508,0.05877465675228148,0.05877465675228148,0.08572302879999999,0.08572302879999999,0.027218524367999996,0.027218524367999996,0.02465487113,0.02465487113,0.010916370989370495,0.010916370989370495,0.011251833859999998,0.011251833859999998,0.0023095976328199996,0.0023095976328199996,0.002345966175,0.002345966175,0.000827142083077804,0.000827142083077804,0.000676684082,0.000676684082
graphmvp_gin,esol,scaffold,0,historical,molecule_model.gnns.1.mlp.0,gin_mlp_in,1,dumped/n4_full_ft_splits/esol_scaffold_seed0.json,32,regression,600,300,5,True,0.96784307948,0.96784307948,0.921942234,0.921942234,0.2592901565604854,0.2592901565604854,0.059086620800000045,0.059086620800000045,15.237890941999998,15.237890941999998,15.13439033,15.13439033,1.4295366125576325,1.4295366125576325,0.9942866499999994,0.9942866499999994,0.050792969806666664,0.050792969806666664,0.05044796776666667,0.05044796776666667,0.004765122041858776,0.004765122041858776,0.0033142888333333315,0.0033142888333333315,2.562771596,2.562771596,2.317111054,2.317111054,0.6487515552451194,0.6487515552451194,0.4513389010000002,0.4513389010000002,0.84228916842,0.84228916842,0.8463912224,0.8463912224,0.03828029074337285,0.03828029074337285,0.017736406599999976,0.017736406599999976,0.96666106128,0.96666106128,0.9716242252,0.9716242252,0.01230118014976901,0.01230118014976901,0.009766649399999938,0.009766649399999938,0.9965650077200001,0.9965650077200001,0.9965909025,0.9965909025,0.0011901185419279084,0.0011901185419279084,0.0014248376000000063,0.0014248376000000063,2.7192341362,2.7192341362,2.71696966,2.71696966,0.09625548027370233,0.09625548027370233,0.06418757799999986,0.06418757799999986,0.47674225801605513,0.47674225801605513,0.4763452449444554,0.4763452449444554,0.016875727765109795,0.016875727765109795,0.011253510856209292,0.011253510856209292,0.016144434652000002,0.016144434652000002,0.01251752862,0.01251752862,0.008385929319923912,0.008385929319923912,0.00462087833,0.00462087833,0.071180763872,0.071180763872,0.07449691004,0.07449691004,0.021636126445288617,0.021636126445288617,0.025454604140000003,0.025454604140000003,0.23165034206000001,0.23165034206000001,0.2333883422,0.2333883422,0.022582137865184808,0.022582137865184808,0.0370968934,0.0370968934,0.095075384616,0.095075384616,0.09802882315,0.09802882315,0.023398443756244867,0.023398443756244867,0.023412909270000004,0.023412909270000004,0.008669910301,0.008669910301,0.00965039432,0.00965039432,0.0036832914814750413,0.0036832914814750413,0.004848426207000001,0.004848426207000001
graphmvp_gin,esol,scaffold,0,historical,molecule_model.gnns.2.mlp.0,gin_mlp_in,2,dumped/n4_full_ft_splits/esol_scaffold_seed0.json,32,regression,600,300,5,True,0.96784307948,0.96784307948,0.921942234,0.921942234,0.2592901565604854,0.2592901565604854,0.059086620800000045,0.059086620800000045,23.307035395999996,23.307035395999996,23.78331768,23.78331768,1.10305351776147,1.10305351776147,0.21227255999999883,0.21227255999999883,0.07769011798666667,0.07769011798666667,0.0792777256,0.0792777256,0.0036768450592048973,0.0036768450592048973,0.0007075751999999907,0.0007075751999999907,2.4617438078,2.4617438078,2.322586365,2.322586365,0.5713507241219662,0.5713507241219662,0.3480127999999998,0.3480127999999998,0.7873618905199999,0.7873618905199999,0.8084357068,0.8084357068,0.04617929348262992,0.04617929348262992,0.04427401860000002,0.04427401860000002,0.93647518788,0.93647518788,0.9383725321,0.9383725321,0.014018809169399085,0.014018809169399085,0.00838861599999996,0.00838861599999996,0.9897500392599999,0.9897500392599999,0.9891618853,0.9891618853,0.0013699489413246586,0.0013699489413246586,0.0007389050999999647,0.0007389050999999647,3.1475813084000004,3.1475813084000004,3.168984397,3.168984397,0.04902605816461578,0.04902605816461578,0.008943252999999984,0.008943252999999984,0.551841049757025,0.551841049757025,0.5555934874937551,0.5555934874937551,0.008595359024025712,0.008595359024025712,0.0015679512743933532,0.0015679512743933532,0.009033638536,0.009033638536,0.008652052741,0.008652052741,0.0012223099208975292,0.0012223099208975292,0.0008631917370000002,0.0008631917370000002,0.045577205726000006,0.045577205726000006,0.05246584705,0.05246584705,0.011301470009528282,0.011301470009528282,0.017967354389999995,0.017967354389999995,0.13790562766,0.13790562766,0.1412671391,0.1412671391,0.01593664062890104,0.01593664062890104,0.029367198799999994,0.029367198799999994,0.13221979046,0.13221979046,0.1267400117,0.1267400117,0.025201771304771897,0.025201771304771897,0.04336812059999999,0.04336812059999999,0.011978971490999999,0.011978971490999999,0.01421767659,0.01421767659,0.00485716711383043,0.00485716711383043,0.0063972957399999995,0.0063972957399999995
graphmvp_gin,esol,scaffold,0,historical,molecule_model.gnns.3.mlp.0,gin_mlp_in,3,dumped/n4_full_ft_splits/esol_scaffold_seed0.json,32,regression,600,300,5,True,0.96784307948,0.96784307948,0.921942234,0.921942234,0.2592901565604854,0.2592901565604854,0.059086620800000045,0.059086620800000045,26.164074514,26.164074514,25.82853847,25.82853847,2.3932396578514203,2.3932396578514203,3.8499525299999995,3.8499525299999995,0.08721358171333332,0.08721358171333332,0.08609512823333333,0.08609512823333333,0.007977465526171401,0.007977465526171401,0.012833175099999997,0.012833175099999997,2.342969472,2.342969472,2.419297585,2.419297585,0.4735383115289041,0.4735383115289041,0.7798472389999997,0.7798472389999997,0.79365492494,0.79365492494,0.7923820855,0.7923820855,0.04794056465207583,0.04794056465207583,0.07068672899999995,0.07068672899999995,0.9251203724,0.9251203724,0.9125033013,0.9125033013,0.018831905333821716,0.018831905333821716,0.02171288309999997,0.02171288309999997,0.98485571044,0.98485571044,0.9839749145,0.9839749145,0.003722618416882084,0.003722618416882084,0.006332160300000056,0.006332160300000056,3.2601339255999995,3.2601339255999995,3.251480023,3.251480023,0.09262262771801641,0.09262262771801641,0.14435055100000005,0.14435055100000005,0.5715740283024218,0.5715740283024218,0.5700568065923631,0.5700568065923631,0.01623880786645871,0.01623880786645871,0.02530786397296847,0.02530786397296847,0.0080332464504,0.0080332464504,0.007767350232,0.007767350232,0.003223029593435385,0.003223029593435385,0.006644309313,0.006644309313,0.059322007796,0.059322007796,0.05235658355,0.05235658355,0.016246121184129568,0.016246121184129568,0.019981212960000008,0.019981212960000008,0.12153888611799998,0.12153888611799998,0.1184178293,0.1184178293,0.01941935183608877,0.01941935183608877,0.01894431739999998,0.01894431739999998,0.18149028046000001,0.18149028046000001,0.1829553115,0.1829553115,0.015333341303004911,0.015333341303004911,0.016680650200000008,0.016680650200000008,0.0174419921816,0.0174419921816,0.0159288384,0.0159288384,0.009092650844371646,0.009092650844371646,0.014838411471,0.014838411471
graphmvp_gin,esol,scaffold,0,historical,molecule_model.gnns.4.mlp.0,gin_mlp_in,4,dumped/n4_full_ft_splits/esol_scaffold_seed0.json,32,regression,600,300,5,True,0.96784307948,0.96784307948,0.921942234,0.921942234,0.2592901565604854,0.2592901565604854,0.059086620800000045,0.059086620800000045,19.709421982000002,19.709421982000002,19.29137568,19.29137568,2.2527204453466263,2.2527204453466263,2.64844952,2.64844952,0.06569807327333334,0.06569807327333334,0.0643045856,0.0643045856,0.007509068151155422,0.007509068151155422,0.008828165066666671,0.008828165066666671,1.4920555558,1.4920555558,1.508177617,1.508177617,0.05835497073294859,0.05835497073294859,0.0844143610000001,0.0844143610000001,0.9072758665799998,0.9072758665799998,0.9099056837,0.9099056837,0.01746043785899369,0.01746043785899369,0.02040017120000004,0.02040017120000004,0.9682104291,0.9682104291,0.9677167456,0.9677167456,0.009569749026199947,0.009569749026199947,0.00841940200000002,0.00841940200000002,0.9931624017799999,0.9931624017799999,0.9935574858,0.9935574858,0.0018685025064072885,0.0018685025064072885,0.0018167525000000184,0.0018167525000000184,2.9745096373999997,2.9745096373999997,2.95965814,2.95965814,0.11507095781703619,0.11507095781703619,0.13325960400000003,0.13325960400000003,0.5214977342871566,0.5214977342871566,0.518893936287147,0.518893936287147,0.020174499698811212,0.020174499698811212,0.023363374145510818,0.023363374145510818,0.0106324961992,0.0106324961992,0.009942584308,0.009942584308,0.0042040208822285395,0.0042040208822285395,0.006319146473000001,0.006319146473000001,0.022789351672,0.022789351672,0.02216256389,0.02216256389,0.004490296165849601,0.004490296165849601,0.005475067950000002,0.005475067950000002,0.065789014876,0.065789014876,0.0690667379,0.0690667379,0.004596304747642421,0.004596304747642421,0.007831350299999991,0.007831350299999991,0.56399602012,0.56399602012,0.5563970529,0.5563970529,0.06322358049580312,0.06322358049580312,0.07825227719999994,0.07825227719999994,0.054353574296,0.054353574296,0.05294242501,0.05294242501,0.02977214288663849,0.02977214288663849,0.029884207989999998,0.029884207989999998
graphmvp_gin,esol,scaffold,1,expanded,molecule_model.gnns.0.mlp.0,gin_mlp_in,0,dumped/n4_full_ft_splits/esol_scaffold_seed1.json,32,regression,600,300,5,True,0.97371529344,0.97371529344,1.064109206,1.064109206,0.14518382378708766,0.14518382378708766,0.27585274020000006,0.27585274020000006,6.701431729399999,6.701431729399999,7.052174943,7.052174943,0.6186658418084833,0.6186658418084833,0.7963078879999994,0.7963078879999994,0.022338105764666667,0.022338105764666667,0.02350724981,0.02350724981,0.0020622194726949436,0.0020622194726949436,0.0026543596266666615,0.0026543596266666615,1.812308502,1.812308502,1.707871084,1.707871084,0.26151827889977847,0.26151827889977847,0.3658329039999999,0.3658329039999999,0.9450497027600001,0.9450497027600001,0.9436826982,0.9436826982,0.015561523942158957,0.015561523942158957,0.013404391500000057,0.013404391500000057,0.9971001467,0.9971001467,0.9973994524,0.9973994524,0.001643677640334826,0.001643677640334826,0.001766297299999997,0.001766297299999997,1.0,1.0,1.0,1.0,0.0,0.0,0.0,0.0,1.8978196808,1.8978196808,1.953336072,1.953336072,0.09619002211065932,0.09619002211065932,0.11778601599999994,0.11778601599999994,0.332730024195811,0.332730024195811,0.3424632830370584,0.3424632830370584,0.016864251492419897,0.016864251492419897,0.020650509819293117,0.020650509819293117,0.10943283689000001,0.10943283689000001,0.09791341476,0.09791341476,0.0395852673436714,0.0395852673436714,0.07913309355,0.07913309355,0.31049966584,0.31049966584,0.2940858824,0.2940858824,0.05968925859583108,0.05968925859583108,0.05955068860000001,0.05955068860000001,0.54562291212,0.54562291212,0.5310112707,0.5310112707,0.04073777349267561,0.04073777349267561,0.019881221999999976,0.019881221999999976,0.0068429702698,0.0068429702698,0.006107138434,0.006107138434,0.0030552957604472147,0.0030552957604472147,0.003257433348,0.003257433348,0.0025028629926000003,0.0025028629926000003,0.001876659575,0.001876659575,0.0014651299830150193,0.0014651299830150193,0.0004599594970000002,0.0004599594970000002
graphmvp_gin,esol,scaffold,1,expanded,molecule_model.gnns.0.mlp.2,gin_mlp_out,0,dumped/n4_full_ft_splits/esol_scaffold_seed1.json,32,regression,300,600,5,True,0.97371529344,0.97371529344,1.064109206,1.064109206,0.14518382378708766,0.14518382378708766,0.27585274020000006,0.27585274020000006,13.559380538,13.559380538,13.89949378,13.89949378,1.5729158930772453,1.5729158930772453,0.8319510000000001,0.8319510000000001,0.045197935126666665,0.045197935126666665,0.04633164593333333,0.04633164593333333,0.00524305297692415,0.00524305297692415,0.0027731699999999984,0.0027731699999999984,2.342892878,2.342892878,2.268151998,2.268151998,0.4665144394343709,0.4665144394343709,0.7077905009999998,0.7077905009999998,0.8899668461400001,0.8899668461400001,0.8940887854,0.8940887854,0.029000360519636455,0.029000360519636455,0.03081707570000003,0.03081707570000003,0.9794417869,0.9794417869,0.9781485205,0.9781485205,0.00684250222348455,0.00684250222348455,0.00752177129999998,0.00752177129999998,0.99746423014,0.99746423014,0.9974615918,0.9974615918,0.0010583224985753978,0.0010583224985753978,0.0007486468999999829,0.0007486468999999829,2.5997260126,2.5997260126,2.631852421,2.631852421,0.12402145808606746,0.12402145808606746,0.05968186800000019,0.05968186800000019,0.45578982441063376,0.45578982441063376,0.4614222987454718,0.4614222987454718,0.021743721580746823,0.021743721580746823,0.010463559622967133,0.010463559622967133,0.065812438754,0.065812438754,0.06313370269,0.06313370269,0.02357694272398027,0.02357694272398027,0.03926935376,0.03926935376,0.16509521601999996,0.16509521601999996,0.160952531,0.160952531,0.027984227941287586,0.027984227941287586,0.03122526349999999,0.03122526349999999,0.29627708026,0.29627708026,0.2700797576,0.2700797576,0.05157801110562843,0.05157801110562843,0.07344115130000001,0.07344115130000001,0.0137066979536,0.0137066979536,0.01224119158,0.01224119158,0.005484014858683193,0.005484014858683193,0.005415026788999999,0.005415026788999999,0.0050142847472,0.0050142847472,0.00376158976,0.00376158976,0.0026945928156190484,0.0026945928156190484,0.0007604495619999998,0.0007604495619999998
graphmvp_gin,esol,scaffold,1,expanded,molecule_model.gnns.1.mlp.0,gin_mlp_in,1,dumped/n4_full_ft_splits/esol_scaffold_seed1.json,32,regression,600,300,5,True,0.97371529344,0.97371529344,1.064109206,1.064109206,0.14518382378708766,0.14518382378708766,0.27585274020000006,0.27585274020000006,15.422575835999998,15.422575835999998,16.40963264,16.40963264,1.9585431796637391,1.9585431796637391,1.9809989600000009,1.9809989600000009,0.05140858612,0.05140858612,0.054698775466666676,0.054698775466666676,0.0065284772655457984,0.0065284772655457984,0.006603329866666667,0.006603329866666667,2.3302241626,2.3302241626,2.403108576,2.403108576,0.5184012629246867,0.5184012629246867,0.6428053820000001,0.6428053820000001,0.83933191728,0.83933191728,0.8349195203,0.8349195203,0.054174288195240144,0.054174288195240144,0.07272008099999994,0.07272008099999994,0.9640551861600001,0.9640551861600001,0.9588634693,0.9588634693,0.011869076257224139,0.011869076257224139,0.014587807600000002,0.014587807600000002,0.9963442632199999,0.9963442632199999,0.9957114562,0.9957114562,0.0014210016075084152,0.0014210016075084152,0.0017005692000000572,0.0017005692000000572,2.7268480120000005,2.7268480120000005,2.797868518,2.797868518,0.1377088526557341,0.1377088526557341,0.12427721999999974,0.12427721999999974,0.4780771398832776,0.4780771398832776,0.4905286150781273,0.4905286150781273,0.02414342644861024,0.02414342644861024,0.02178856233599452,0.02178856233599452,0.019478361322,0.019478361322,0.01913563364,0.01913563364,0.006186136414533775,0.006186136414533775,0.008804137889999999,0.008804137889999999,0.095757468762,0.095757468762,0.09742967491,0.09742967491,0.023746400886802778,0.023746400886802778,0.011973153680000001,0.011973153680000001,0.26082302096,0.26082302096,0.2608718639,0.2608718639,0.017992125863459166,0.017992125863459166,0.021517049300000007,0.021517049300000007,0.022367060116,0.022367060116,0.02317138172,0.02317138172,0.008300474958971195,0.008300474958971195,0.00969882162,0.00969882162,0.0081293242046,0.0081293242046,0.007198571227,0.007198571227,0.004008296757383238,0.004008296757383238,0.0023130043409999995,0.0023130043409999995
graphmvp_gin,esol,scaffold,1,expanded,molecule_model.gnns.1.mlp.2,gin_mlp_out,1,dumped/n4_full_ft_splits/esol_scaffold_seed1.json,32,regression,300,600,5,True,0.97371529344,0.97371529344,1.064109206,1.064109206,0.14518382378708766,0.14518382378708766,0.27585274020000006,0.27585274020000006,25.484831876,25.484831876,25.24166402,25.24166402,3.1873031393001194,3.1873031393001194,2.2042380600000016,2.2042380600000016,0.08494943958666668,0.08494943958666668,0.08413888006666667,0.08413888006666667,0.010624343797667062,0.010624343797667062,0.007347460200000003,0.007347460200000003,2.6754677359999994,2.6754677359999994,3.020560206,3.020560206,0.8178104724939366,0.8178104724939366,1.6143720900000003,1.6143720900000003,0.8107628931399999,0.8107628931399999,0.8065695441,0.8065695441,0.04965056293959508,0.04965056293959508,0.10456283040000003,0.10456283040000003,0.9373153597,0.9373153597,0.933668462,0.933668462,0.014549034741666213,0.014549034741666213,0.029743674300000023,0.029743674300000023,0.9865640534200001,0.9865640534200001,0.9861108514,0.9861108514,0.004410398342988408,0.004410398342988408,0.006263100899999929,0.006263100899999929,3.2300722538000004,3.2300722538000004,3.228495964,3.228495964,0.12747087067363422,0.12747087067363422,0.08583128400000017,0.08583128400000017,0.5663035482422907,0.5663035482422907,0.5660271895615373,0.5660271895615373,0.022348480370706553,0.022348480370706553,0.015048134177868211,0.015048134177868211,0.012067944570999998,0.012067944570999998,0.01381725225,0.01381725225,0.0061585363833454015,0.0061585363833454015,0.009677565163999998,0.009677565163999998,0.05308960008400001,0.05308960008400001,0.05151043865,0.05151043865,0.012181886322877157,0.012181886322877157,0.019820638360000004,0.019820638360000004,0.13951277354,0.13951277354,0.1461548439,0.1461548439,0.01230966278068675,0.01230966278068675,0.013703356299999997,0.013703356299999997,0.03704292596400001,0.03704292596400001,0.04093470763,0.04093470763,0.010215678061238204,0.010215678061238204,0.017074573750000002,0.017074573750000002,0.013274105824999998,0.013274105824999998,0.0134398872,0.0134398872,0.004708087091486927,0.004708087091486927,0.004743067549,0.004743067549
graphmvp_gin,esol,scaffold,1,expanded,molecule_model.gnns.2.mlp.0,gin_mlp_in,2,dumped/n4_full_ft_splits/esol_scaffold_seed1.json,32,regression,600,300,5,True,0.97371529344,0.97371529344,1.064109206,1.064109206,0.14518382378708766,0.14518382378708766,0.27585274020000006,0.27585274020000006,23.334468296,23.334468296,23.723454,23.723454,2.7002758996053156,2.7002758996053156,1.3249172400000013,1.3249172400000013,0.07778156098666666,0.07778156098666666,0.07907818,0.07907818,0.00900091966535105,0.00900091966535105,0.004416390800000003,0.004416390800000003,2.5280746484,2.5280746484,2.226573873,2.226573873,0.8572884060495723,0.8572884060495723,1.0283941360000002,1.0283941360000002,0.7955866688600001,0.7955866688600001,0.7889930388,0.7889930388,0.04348666439294555,0.04348666439294555,0.03653797960000005,0.03653797960000005,0.93898730318,0.93898730318,0.9339215948,0.9339215948,0.012716035232145411,0.012716035232145411,0.010919451399999947,0.010919451399999947,0.98944441064,0.98944441064,0.9891169701,0.9891169701,0.0033317933585473004,0.0033317933585473004,0.0027387208000000385,0.0027387208000000385,3.1430947778,3.1430947778,3.166464179,3.166464179,0.11765855776295289,0.11765855776295289,0.057137408,0.057137408,0.5510544610994219,0.5510544610994219,0.5551516371933277,0.5551516371933277,0.020628163553878337,0.020628163553878337,0.010017459160457154,0.010017459160457154,0.0111567934962,0.0111567934962,0.009958411618,0.009958411618,0.0059735074850894064,0.0059735074850894064,0.002543146111999999,0.002543146111999999,0.058060938738,0.058060938738,0.05256456058,0.05256456058,0.015149420158791617,0.015149420158791617,0.023581750369999994,0.023581750369999994,0.14981223795999998,0.14981223795999998,0.1527764595,0.1527764595,0.011259674926541627,0.011259674926541627,0.01500878479999998,0.01500878479999998,0.03246552364,0.03246552364,0.03224223956,0.03224223956,0.007683919147422634,0.007683919147422634,0.01380629009,0.01380629009,0.0116513513026,0.0116513513026,0.009907701984,0.009907701984,0.0038032148978632777,0.0038032148978632777,0.0037240283529999998,0.0037240283529999998
graphmvp_gin,esol,scaffold,1,expanded,molecule_model.gnns.2.mlp.2,gin_mlp_out,2,dumped/n4_full_ft_splits/esol_scaffold_seed1.json,32,regression,300,600,5,True,0.97371529344,0.97371529344,1.064109206,1.064109206,0.14518382378708766,0.14518382378708766,0.27585274020000006,0.27585274020000006,30.573910790000003,30.573910790000003,30.21671857,30.21671857,3.498493142124468,3.498493142124468,5.374912890000001,5.374912890000001,0.10191303596666668,0.10191303596666668,0.10072239523333333,0.10072239523333333,0.011661643807081557,0.011661643807081557,0.017916376299999995,0.017916376299999995,2.6019443248000003,2.6019443248000003,2.491047753,2.491047753,0.7484637350084689,0.7484637350084689,1.0038986839999997,1.0038986839999997,0.7890955883000002,0.7890955883000002,0.7917000486,0.7917000486,0.038650070376214755,0.038650070376214755,0.029929085899999985,0.029929085899999985,0.92391622532,0.92391622532,0.9169012146,0.9169012146,0.011762960655026574,0.011762960655026574,0.01724451689999995,0.01724451689999995,0.9817725233000001,0.9817725233000001,0.9795559231,0.9795559231,0.0050435759323896765,0.0050435759323896765,0.007055011599999994,0.007055011599999994,3.4135972285999996,3.4135972285999996,3.408395366,3.408395366,0.11447809372541341,0.11447809372541341,0.17643399299999984,0.17643399299999984,0.5984795604965207,0.5984795604965207,0.597567558220292,0.597567558220292,0.020070557429929616,0.020070557429929616,0.0309328053417105,0.0309328053417105,0.0042248305743999995,0.0042248305743999995,0.00445831471,0.00445831471,0.0011532169961158208,0.0011532169961158208,0.001528128691,0.001528128691,0.028459007626,0.028459007626,0.02815554792,0.02815554792,0.004061858076121398,0.004061858076121398,0.0036194237700000013,0.0036194237700000013,0.09828047242599999,0.09828047242599999,0.09218131242,0.09218131242,0.016172313712555893,0.016172313712555893,0.01749270033,0.01749270033,0.038456376488,0.038456376488,0.03453693044,0.03453693044,0.007325084001203601,0.007325084001203601,0.013622661250000001,0.013622661250000001,0.013889446112000001,0.013889446112000001,0.01145376638,0.01145376638,0.004128166172664592,0.004128166172664592,0.006850862869999998,0.006850862869999998
graphmvp_gin,esol,scaffold,1,expanded,molecule_model.gnns.3.mlp.0,gin_mlp_in,3,dumped/n4_full_ft_splits/esol_scaffold_seed1.json,32,regression,600,300,5,True,0.97371529344,0.97371529344,1.064109206,1.064109206,0.14518382378708766,0.14518382378708766,0.27585274020000006,0.27585274020000006,24.858884334,24.858884334,25.98355303,25.98355303,2.545623690549237,2.545623690549237,4.973341010000002,4.973341010000002,0.08286294778,0.08286294778,0.08661184343333334,0.08661184343333334,0.008485412301830792,0.008485412301830792,0.016577803366666685,0.016577803366666685,2.2237378843999998,2.2237378843999998,2.148498941,2.148498941,0.5569132997373105,0.5569132997373105,0.32831313900000025,0.32831313900000025,0.82825434302,0.82825434302,0.8363070735,0.8363070735,0.04116942068925457,0.04116942068925457,0.016347423600000077,0.016347423600000077,0.9399881426200001,0.9399881426200001,0.9373816939,0.9373816939,0.013066027018735684,0.013066027018735684,0.02015680980000001,0.02015680980000001,0.98690942844,0.98690942844,0.9860785047,0.9860785047,0.003989266573493103,0.003989266573493103,0.008360059200000047,0.008360059200000047,3.2078305366000004,3.2078305366000004,3.257463762,3.257463762,0.1044365449398988,0.1044365449398988,0.20322668600000027,0.20322668600000027,0.5624040802491076,0.5624040802491076,0.571105889201419,0.571105889201419,0.0183100504628192,0.0183100504628192,0.03563016067022251,0.03563016067022251,0.0069465495832,0.0069465495832,0.006374321274,0.006374321274,0.002045853070233197,0.002045853070233197,0.0032861263600000006,0.0032861263600000006,0.07278079457799999,0.07278079457799999,0.07908916972,0.07908916972,0.015043512544514496,0.015043512544514496,0.01570768689999999,0.01570768689999999,0.14988767134,0.14988767134,0.1531874462,0.1531874462,0.018064617395214977,0.018064617395214977,0.0174983789,0.0174983789,0.04897887734,0.04897887734,0.04626813456,0.04626813456,0.005628094214390869,0.005628094214390869,0.006277930360000003,0.006277930360000003,0.018005056308,0.018005056308,0.01755765453,0.01755765453,0.0054534221346620535,0.0054534221346620535,0.010032810270000001,0.010032810270000001
graphmvp_gin,esol,scaffold,1,expanded,molecule_model.gnns.3.mlp.2,gin_mlp_out,3,dumped/n4_full_ft_splits/esol_scaffold_seed1.json,32,regression,300,600,5,True,0.97371529344,0.97371529344,1.064109206,1.064109206,0.14518382378708766,0.14518382378708766,0.27585274020000006,0.27585274020000006,29.47347112,29.47347112,30.02211931,30.02211931,2.762369064435928,2.762369064435928,4.626727850000002,4.626727850000002,0.09824490373333333,0.09824490373333333,0.10007373103333334,0.10007373103333334,0.009207896881453095,0.009207896881453095,0.01542242616666667,0.01542242616666667,2.0494732326,2.0494732326,1.932211648,1.932211648,0.30725759866422087,0.30725759866422087,0.160238412,0.160238412,0.8296408380600001,0.8296408380600001,0.8352811933,0.8352811933,0.01854315977951995,0.01854315977951995,0.02394799380000001,0.02394799380000001,0.9329322470600001,0.9329322470600001,0.9294750784,0.9294750784,0.01023351932500712,0.01023351932500712,0.015831569499999976,0.015831569499999976,0.98244945528,0.98244945528,0.9808334385,0.9808334385,0.00427499625711636,0.00427499625711636,0.007088322700000038,0.007088322700000038,3.3789605465999997,3.3789605465999997,3.40193442,3.40193442,0.09592394408265645,0.09592394408265645,0.1551790500000001,0.1551790500000001,0.592406979335878,0.592406979335878,0.5964348106043531,0.5964348106043531,0.01681760209280039,0.01681760209280039,0.02720634082549811,0.02720634082549811,0.0050621899606,0.0050621899606,0.005122438577,0.005122438577,0.0009989577054800138,0.0009989577054800138,0.0016867807850000005,0.0016867807850000005,0.018639792966,0.018639792966,0.01795304451,0.01795304451,0.0032040442968275717,0.0032040442968275717,0.0039042015599999973,0.0039042015599999973,0.077124669206,0.077124669206,0.0799473017,0.0799473017,0.0149675631484611,0.0149675631484611,0.014067181969999995,0.014067181969999995,0.067467287882,0.067467287882,0.06425424863,0.06425424863,0.005360807745006358,0.005360807745006358,0.006184611280000002,0.006184611280000002,0.024548375234,0.024548375234,0.02447226271,0.02447226271,0.006429506198606422,0.006429506198606422,0.008612703539999999,0.008612703539999999
graphmvp_gin,esol,scaffold,1,expanded,molecule_model.gnns.4.mlp.0,gin_mlp_in,4,dumped/n4_full_ft_splits/esol_scaffold_seed1.json,32,regression,600,300,5,True,0.97371529344,0.97371529344,1.064109206,1.064109206,0.14518382378708766,0.14518382378708766,0.27585274020000006,0.27585274020000006,18.615381906,18.615381906,19.75934687,19.75934687,1.655501267095808,1.655501267095808,2.5707883199999984,2.5707883199999984,0.062051273020000006,0.062051273020000006,0.06586448956666667,0.06586448956666667,0.005518337556986026,0.005518337556986026,0.00856929439999999,0.00856929439999999,1.4536671412,1.4536671412,1.43065138,1.43065138,0.08568079850069123,0.08568079850069123,0.03823531400000002,0.03823531400000002,0.9213279139000001,0.9213279139000001,0.9261162012,0.9261162012,0.01986587833978737,0.01986587833978737,0.00823382930000005,0.00823382930000005,0.97271189148,0.97271189148,0.9698932943,0.9698932943,0.006130721635276056,0.006130721635276056,0.009578882799999966,0.009578882799999966,0.9940958852199999,0.9940958852199999,0.9936436828,0.9936436828,0.0016103183590316721,0.0016103183590316721,0.0020394220999999657,0.0020394220999999657,2.9198590046,2.9198590046,2.983626639,2.983626639,0.09185063406082956,0.09185063406082956,0.13784548600000024,0.13784548600000024,0.5119162621600497,0.5119162621600497,0.523096147557738,0.523096147557738,0.01610346019837756,0.01610346019837756,0.0241673813145038,0.0241673813145038,0.0066749662816,0.0066749662816,0.0067768518,0.0067768518,0.0018133048239955438,0.0018133048239955438,0.0002818127429999994,0.0002818127429999994,0.024850856477999998,0.024850856477999998,0.0249169289,0.0249169289,0.004220371425464094,0.004220371425464094,0.003099740729999998,0.003099740729999998,0.070467377572,0.070467377572,0.06495683049,0.06495683049,0.011291670792706411,0.011291670792706411,0.01910959414,0.01910959414,0.14654867993999998,0.14654867993999998,0.1445129015,0.1445129015,0.0042277446389739496,0.0042277446389739496,0.006777265800000015,0.006777265800000015,0.05401651412399999,0.05401651412399999,0.05706200376,0.05706200376,0.015345061462363453,0.015345061462363453,0.017964299769999997,0.017964299769999997
graphmvp_gin,esol,scaffold,1,expanded,molecule_model.gnns.4.mlp.2,gin_mlp_out,4,dumped/n4_full_ft_splits/esol_scaffold_seed1.json,32,regression,300,600,5,True,0.97371529344,0.97371529344,1.064109206,1.064109206,0.14518382378708766,0.14518382378708766,0.27585274020000006,0.27585274020000006,5.7722855396,5.7722855396,5.717238876,5.717238876,0.41983685215135946,0.41983685215135946,0.21239615799999978,0.21239615799999978,0.019240951798666667,0.019240951798666667,0.01905746292,0.01905746292,0.0013994561738378648,0.0013994561738378648,0.0007079871933333357,0.0007079871933333357,1.0476692507999998,1.0476692507999998,1.045785123,1.045785123,0.007241632710980327,0.007241632710980327,0.012680028000000121,0.012680028000000121,0.9940022991200002,0.9940022991200002,0.9936392597,0.9936392597,0.0012046477572266077,0.0012046477572266077,0.0015741850999999585,0.0015741850999999585,0.99782808434,0.99782808434,0.9977721034,0.9977721034,0.0004400872127965694,0.0004400872127965694,0.00030414369999998137,0.00030414369999998137,0.99963435456,0.99963435456,0.999677753,0.999677753,8.937255826806203e-05,8.937255826806203e-05,0.00012415860000003498,0.00012415860000003498,1.7504863839999998,1.7504863839999998,1.743485975,1.743485975,0.07144329257858573,0.07144329257858573,0.03723004800000007,0.03723004800000007,0.30689921850596374,0.30689921850596374,0.3056718910208948,0.3056718910208948,0.012525599090784401,0.012525599090784401,0.006527255933308385,0.006527255933308385,0.00038557264528,0.00038557264528,0.000283982641,0.000283982641,0.00020027209589424435,0.00020027209589424435,0.00014438292500000002,0.00014438292500000002,0.0012439561547999997,0.0012439561547999997,0.001157744452,0.001157744452,0.00021705928118416766,0.00021705928118416766,0.00011033377999999992,0.00011033377999999992,0.0037924459739999998,0.0037924459739999998,0.003241159566,0.003241159566,0.0010483420743046382,0.0010483420743046382,0.00016799460500000005,0.00016799460500000005,0.58612360042,0.58612360042,0.6003560811,0.6003560811,0.04165046085610182,0.04165046085610182,0.06305894909999998,0.06305894909999998,0.21603343932000002,0.21603343932000002,0.227941364,0.227941364,0.062053750966937424,0.062053750966937424,0.0580367893,0.0580367893
graphmvp_gin,esol,scaffold,1,historical,molecule_model.gnns.0.mlp.0,gin_mlp_in,0,dumped/n4_full_ft_splits/esol_scaffold_seed1.json,32,regression,600,300,5,True,0.97371529344,0.97371529344,1.064109206,1.064109206,0.14518382378708766,0.14518382378708766,0.27585274020000006,0.27585274020000006,6.701431729399999,6.701431729399999,7.052174943,7.052174943,0.6186658418084833,0.6186658418084833,0.7963078879999994,0.7963078879999994,0.022338105764666667,0.022338105764666667,0.02350724981,0.02350724981,0.0020622194726949436,0.0020622194726949436,0.0026543596266666615,0.0026543596266666615,1.812308502,1.812308502,1.707871084,1.707871084,0.26151827889977847,0.26151827889977847,0.3658329039999999,0.3658329039999999,0.9450497027600001,0.9450497027600001,0.9436826982,0.9436826982,0.015561523942158957,0.015561523942158957,0.013404391500000057,0.013404391500000057,0.9971001467,0.9971001467,0.9973994524,0.9973994524,0.001643677640334826,0.001643677640334826,0.001766297299999997,0.001766297299999997,1.0,1.0,1.0,1.0,0.0,0.0,0.0,0.0,1.8978196808,1.8978196808,1.953336072,1.953336072,0.09619002211065932,0.09619002211065932,0.11778601599999994,0.11778601599999994,0.332730024195811,0.332730024195811,0.3424632830370584,0.3424632830370584,0.016864251492419897,0.016864251492419897,0.020650509819293117,0.020650509819293117,0.10943283689000001,0.10943283689000001,0.09791341476,0.09791341476,0.0395852673436714,0.0395852673436714,0.07913309355,0.07913309355,0.31049966584,0.31049966584,0.2940858824,0.2940858824,0.05968925859583108,0.05968925859583108,0.05955068860000001,0.05955068860000001,0.54562291212,0.54562291212,0.5310112707,0.5310112707,0.04073777349267561,0.04073777349267561,0.019881221999999976,0.019881221999999976,0.025898237168,0.025898237168,0.02466008279,0.02466008279,0.009287715969198938,0.009287715969198938,0.01031227615,0.01031227615,0.0025028629926000003,0.0025028629926000003,0.001876659575,0.001876659575,0.0014651299830150193,0.0014651299830150193,0.0004599594970000002,0.0004599594970000002
graphmvp_gin,esol,scaffold,1,historical,molecule_model.gnns.1.mlp.0,gin_mlp_in,1,dumped/n4_full_ft_splits/esol_scaffold_seed1.json,32,regression,600,300,5,True,0.97371529344,0.97371529344,1.064109206,1.064109206,0.14518382378708766,0.14518382378708766,0.27585274020000006,0.27585274020000006,15.422575835999998,15.422575835999998,16.40963264,16.40963264,1.9585431796637391,1.9585431796637391,1.9809989600000009,1.9809989600000009,0.05140858612,0.05140858612,0.054698775466666676,0.054698775466666676,0.0065284772655457984,0.0065284772655457984,0.006603329866666667,0.006603329866666667,2.3302241626,2.3302241626,2.403108576,2.403108576,0.5184012629246867,0.5184012629246867,0.6428053820000001,0.6428053820000001,0.83933191728,0.83933191728,0.8349195203,0.8349195203,0.054174288195240144,0.054174288195240144,0.07272008099999994,0.07272008099999994,0.9640551861600001,0.9640551861600001,0.9588634693,0.9588634693,0.011869076257224139,0.011869076257224139,0.014587807600000002,0.014587807600000002,0.9963442632199999,0.9963442632199999,0.9957114562,0.9957114562,0.0014210016075084152,0.0014210016075084152,0.0017005692000000572,0.0017005692000000572,2.7268480120000005,2.7268480120000005,2.797868518,2.797868518,0.1377088526557341,0.1377088526557341,0.12427721999999974,0.12427721999999974,0.4780771398832776,0.4780771398832776,0.4905286150781273,0.4905286150781273,0.02414342644861024,0.02414342644861024,0.02178856233599452,0.02178856233599452,0.019478361322,0.019478361322,0.01913563364,0.01913563364,0.006186136414533775,0.006186136414533775,0.008804137889999999,0.008804137889999999,0.095757468762,0.095757468762,0.09742967491,0.09742967491,0.023746400886802778,0.023746400886802778,0.011973153680000001,0.011973153680000001,0.26082302096,0.26082302096,0.2608718639,0.2608718639,0.017992125863459166,0.017992125863459166,0.021517049300000007,0.021517049300000007,0.08523114824999999,0.08523114824999999,0.08696858498,0.08696858498,0.025250298618142188,0.025250298618142188,0.03809777002,0.03809777002,0.0081293242046,0.0081293242046,0.007198571227,0.007198571227,0.004008296757383238,0.004008296757383238,0.0023130043409999995,0.0023130043409999995
graphmvp_gin,esol,scaffold,1,historical,molecule_model.gnns.2.mlp.0,gin_mlp_in,2,dumped/n4_full_ft_splits/esol_scaffold_seed1.json,32,regression,600,300,5,True,0.97371529344,0.97371529344,1.064109206,1.064109206,0.14518382378708766,0.14518382378708766,0.27585274020000006,0.27585274020000006,23.334468296,23.334468296,23.723454,23.723454,2.7002758996053156,2.7002758996053156,1.3249172400000013,1.3249172400000013,0.07778156098666666,0.07778156098666666,0.07907818,0.07907818,0.00900091966535105,0.00900091966535105,0.004416390800000003,0.004416390800000003,2.5280746484,2.5280746484,2.226573873,2.226573873,0.8572884060495723,0.8572884060495723,1.0283941360000002,1.0283941360000002,0.7955866688600001,0.7955866688600001,0.7889930388,0.7889930388,0.04348666439294555,0.04348666439294555,0.03653797960000005,0.03653797960000005,0.93898730318,0.93898730318,0.9339215948,0.9339215948,0.012716035232145411,0.012716035232145411,0.010919451399999947,0.010919451399999947,0.98944441064,0.98944441064,0.9891169701,0.9891169701,0.0033317933585473004,0.0033317933585473004,0.0027387208000000385,0.0027387208000000385,3.1430947778,3.1430947778,3.166464179,3.166464179,0.11765855776295289,0.11765855776295289,0.057137408,0.057137408,0.5510544610994219,0.5510544610994219,0.5551516371933277,0.5551516371933277,0.020628163553878337,0.020628163553878337,0.010017459160457154,0.010017459160457154,0.0111567934962,0.0111567934962,0.009958411618,0.009958411618,0.0059735074850894064,0.0059735074850894064,0.002543146111999999,0.002543146111999999,0.058060938738,0.058060938738,0.05256456058,0.05256456058,0.015149420158791617,0.015149420158791617,0.023581750369999994,0.023581750369999994,0.14981223795999998,0.14981223795999998,0.1527764595,0.1527764595,0.011259674926541627,0.011259674926541627,0.01500878479999998,0.01500878479999998,0.124832136598,0.124832136598,0.1301913008,0.1301913008,0.020963316388453373,0.020963316388453373,0.042809002799999996,0.042809002799999996,0.0116513513026,0.0116513513026,0.009907701984,0.009907701984,0.0038032148978632777,0.0038032148978632777,0.0037240283529999998,0.0037240283529999998
graphmvp_gin,esol,scaffold,1,historical,molecule_model.gnns.3.mlp.0,gin_mlp_in,3,dumped/n4_full_ft_splits/esol_scaffold_seed1.json,32,regression,600,300,5,True,0.97371529344,0.97371529344,1.064109206,1.064109206,0.14518382378708766,0.14518382378708766,0.27585274020000006,0.27585274020000006,24.858884334,24.858884334,25.98355303,25.98355303,2.545623690549237,2.545623690549237,4.973341010000002,4.973341010000002,0.08286294778,0.08286294778,0.08661184343333334,0.08661184343333334,0.008485412301830792,0.008485412301830792,0.016577803366666685,0.016577803366666685,2.2237378843999998,2.2237378843999998,2.148498941,2.148498941,0.5569132997373105,0.5569132997373105,0.32831313900000025,0.32831313900000025,0.82825434302,0.82825434302,0.8363070735,0.8363070735,0.04116942068925457,0.04116942068925457,0.016347423600000077,0.016347423600000077,0.9399881426200001,0.9399881426200001,0.9373816939,0.9373816939,0.013066027018735684,0.013066027018735684,0.02015680980000001,0.02015680980000001,0.98690942844,0.98690942844,0.9860785047,0.9860785047,0.003989266573493103,0.003989266573493103,0.008360059200000047,0.008360059200000047,3.2078305366000004,3.2078305366000004,3.257463762,3.257463762,0.1044365449398988,0.1044365449398988,0.20322668600000027,0.20322668600000027,0.5624040802491076,0.5624040802491076,0.571105889201419,0.571105889201419,0.0183100504628192,0.0183100504628192,0.03563016067022251,0.03563016067022251,0.0069465495832,0.0069465495832,0.006374321274,0.006374321274,0.002045853070233197,0.002045853070233197,0.0032861263600000006,0.0032861263600000006,0.07278079457799999,0.07278079457799999,0.07908916972,0.07908916972,0.015043512544514496,0.015043512544514496,0.01570768689999999,0.01570768689999999,0.14988767134,0.14988767134,0.1531874462,0.1531874462,0.018064617395214977,0.018064617395214977,0.0174983789,0.0174983789,0.19007235641999998,0.19007235641999998,0.1949126111,0.1949126111,0.010525893370599644,0.010525893370599644,0.0063628357000000135,0.0063628357000000135,0.018005056308,0.018005056308,0.01755765453,0.01755765453,0.0054534221346620535,0.0054534221346620535,0.010032810270000001,0.010032810270000001
graphmvp_gin,esol,scaffold,1,historical,molecule_model.gnns.4.mlp.0,gin_mlp_in,4,dumped/n4_full_ft_splits/esol_scaffold_seed1.json,32,regression,600,300,5,True,0.97371529344,0.97371529344,1.064109206,1.064109206,0.14518382378708766,0.14518382378708766,0.27585274020000006,0.27585274020000006,18.615381906,18.615381906,19.75934687,19.75934687,1.655501267095808,1.655501267095808,2.5707883199999984,2.5707883199999984,0.062051273020000006,0.062051273020000006,0.06586448956666667,0.06586448956666667,0.005518337556986026,0.005518337556986026,0.00856929439999999,0.00856929439999999,1.4536671412,1.4536671412,1.43065138,1.43065138,0.08568079850069123,0.08568079850069123,0.03823531400000002,0.03823531400000002,0.9213279139000001,0.9213279139000001,0.9261162012,0.9261162012,0.01986587833978737,0.01986587833978737,0.00823382930000005,0.00823382930000005,0.97271189148,0.97271189148,0.9698932943,0.9698932943,0.006130721635276056,0.006130721635276056,0.009578882799999966,0.009578882799999966,0.9940958852199999,0.9940958852199999,0.9936436828,0.9936436828,0.0016103183590316721,0.0016103183590316721,0.0020394220999999657,0.0020394220999999657,2.9198590046,2.9198590046,2.983626639,2.983626639,0.09185063406082956,0.09185063406082956,0.13784548600000024,0.13784548600000024,0.5119162621600497,0.5119162621600497,0.523096147557738,0.523096147557738,0.01610346019837756,0.01610346019837756,0.0241673813145038,0.0241673813145038,0.0066749662816,0.0066749662816,0.0067768518,0.0067768518,0.0018133048239955438,0.0018133048239955438,0.0002818127429999994,0.0002818127429999994,0.024850856477999998,0.024850856477999998,0.0249169289,0.0249169289,0.004220371425464094,0.004220371425464094,0.003099740729999998,0.003099740729999998,0.070467377572,0.070467377572,0.06495683049,0.06495683049,0.011291670792706411,0.011291670792706411,0.01910959414,0.01910959414,0.57396612154,0.57396612154,0.5776007543,0.5776007543,0.055235272398226315,0.055235272398226315,0.08722782579999999,0.08722782579999999,0.05401651412399999,0.05401651412399999,0.05706200376,0.05706200376,0.015345061462363453,0.015345061462363453,0.017964299769999997,0.017964299769999997
graphmvp_gin,esol,scaffold,2,expanded,molecule_model.gnns.0.mlp.0,gin_mlp_in,0,dumped/n4_full_ft_splits/esol_scaffold_seed2.json,32,regression,600,300,5,True,1.0648505688,1.0648505688,1.120839834,1.120839834,0.45778383789199845,0.45778383789199845,0.4797061685999999,0.4797061685999999,7.173866867799999,7.173866867799999,7.170297889,7.170297889,0.4412242900338946,0.4412242900338946,0.7928905720000001,0.7928905720000001,0.023912889559333333,0.023912889559333333,0.023900992963333336,0.023900992963333336,0.001470747633446316,0.001470747633446316,0.0026429685733333347,0.0026429685733333347,2.0173030834000003,2.0173030834000003,2.101395083,2.101395083,0.3895447435444198,0.3895447435444198,0.5765246299999998,0.5765246299999998,0.9207531979200001,0.9207531979200001,0.9145477151,0.9145477151,0.018064355190495804,0.018064355190495804,0.027812561600000008,0.027812561600000008,0.9965960133600001,0.9965960133600001,0.99679525,0.99679525,0.001405522402113241,0.001405522402113241,0.001518417300000019,0.001518417300000019,1.0,1.0,1.0,1.0,0.0,0.0,0.0,0.0,1.9685594402,1.9685594402,1.9699472,1.9699472,0.061356379188824174,0.061356379188824174,0.11155621199999977,0.11155621199999977,0.3451322782639351,0.3451322782639351,0.3453755834401346,0.3453755834401346,0.010757138699003863,0.010757138699003863,0.019558286539797243,0.019558286539797243,0.059122740026,0.059122740026,0.05602198527,0.05602198527,0.008821442127891321,0.008821442127891321,0.006359195620000001,0.006359195620000001,0.22495681852,0.22495681852,0.2436737534,0.2436737534,0.06327910225683535,0.06327910225683535,0.09111510679999998,0.09111510679999998,0.50327300962,0.50327300962,0.5162422495,0.5162422495,0.05286959835447303,0.05286959835447303,0.05892443390000002,0.05892443390000002,0.005777368221199999,0.005777368221199999,0.005950967424,0.005950967424,0.000771632930690033,0.000771632930690033,0.0014125986279999994,0.0014125986279999994,0.0026373167758000004,0.0026373167758000004,0.001849698485,0.001849698485,0.002101497011049871,0.002101497011049871,0.00044434901799999984,0.00044434901799999984
graphmvp_gin,esol,scaffold,2,expanded,molecule_model.gnns.0.mlp.2,gin_mlp_out,0,dumped/n4_full_ft_splits/esol_scaffold_seed2.json,32,regression,300,600,5,True,1.0648505688,1.0648505688,1.120839834,1.120839834,0.45778383789199845,0.45778383789199845,0.4797061685999999,0.4797061685999999,13.778910364000001,13.778910364000001,13.32047274,13.32047274,0.8039649792060641,0.8039649792060641,0.5310557100000004,0.5310557100000004,0.045929701213333333,0.045929701213333333,0.044401575799999995,0.044401575799999995,0.0026798832640202125,0.0026798832640202125,0.001770185700000003,0.001770185700000003,2.6069143666000003,2.6069143666000003,2.436194562,2.436194562,0.37728137267151324,0.37728137267151324,0.5464041069999999,0.5464041069999999,0.87663530518,0.87663530518,0.8742232228,0.8742232228,0.027772262468285503,0.027772262468285503,0.02335450250000004,0.02335450250000004,0.9779461255799999,0.9779461255799999,0.9794445684,0.9794445684,0.0033844817204612956,0.0033844817204612956,0.0007338379999999312,0.0007338379999999312,0.99733430458,0.99733430458,0.9974823692,0.9974823692,0.0008275799499302106,0.0008275799499302106,0.0005321499000000562,0.0005321499000000562,2.621508533,2.621508533,2.589302155,2.589302155,0.05649583728014149,0.05649583728014149,0.03911872900000013,0.03911872900000013,0.45960878498579366,0.45960878498579366,0.4539622902004291,0.4539622902004291,0.00990497753572674,0.00990497753572674,0.006858383743387431,0.006858383743387431,0.050960426290000006,0.050960426290000006,0.03571895487,0.03571895487,0.029040816964133524,0.029040816964133524,0.02565164581,0.02565164581,0.12404226646800001,0.12404226646800001,0.1135598878,0.1135598878,0.03613947644212884,0.03613947644212884,0.027361489900000008,0.027361489900000008,0.25981688274000003,0.25981688274000003,0.2662825792,0.2662825792,0.03222567568884691,0.03222567568884691,0.0348608658,0.0348608658,0.012767373040000002,0.012767373040000002,0.01159695465,0.01159695465,0.0017609651354046193,0.0017609651354046193,0.0026361502399999993,0.0026361502399999993,0.0053901487486,0.0053901487486,0.004289096221,0.004289096221,0.0033839196879894323,0.0033839196879894323,0.0010702551810000001,0.0010702551810000001
graphmvp_gin,esol,scaffold,2,expanded,molecule_model.gnns.1.mlp.0,gin_mlp_in,1,dumped/n4_full_ft_splits/esol_scaffold_seed2.json,32,regression,600,300,5,True,1.0648505688,1.0648505688,1.120839834,1.120839834,0.45778383789199845,0.45778383789199845,0.4797061685999999,0.4797061685999999,15.323042238000003,15.323042238000003,14.97876325,14.97876325,1.2112286150363814,1.2112286150363814,0.1646549799999999,0.1646549799999999,0.051076807460000005,0.051076807460000005,0.049929210833333335,0.049929210833333335,0.004037428716787937,0.004037428716787937,0.0005488499333333313,0.0005488499333333313,2.2822183228,2.2822183228,2.342639861,2.342639861,0.43748962265696434,0.43748962265696434,0.4570094549999997,0.4570094549999997,0.85126719338,0.85126719338,0.8699694999,0.8699694999,0.04430016140449358,0.04430016140449358,0.02243477309999997,0.02243477309999997,0.96633603552,0.96633603552,0.9721400871,0.9721400871,0.009960011295237554,0.009960011295237554,0.006730910599999973,0.006730910599999973,0.99612002354,0.99612002354,0.9965746387,0.9965746387,0.0016053412299935515,0.0016053412299935515,0.0008240974000000012,0.0008240974000000012,2.7263800764000004,2.7263800764000004,2.706633415,2.706633415,0.07626069163083608,0.07626069163083608,0.010953476000000073,0.010953476000000073,0.47799510035914095,0.47799510035914095,0.47453307117276494,0.47453307117276494,0.013370196351226146,0.013370196351226146,0.0019203881018727276,0.0019203881018727276,0.019542889304,0.019542889304,0.01550564409,0.01550564409,0.008242560650528615,0.008242560650528615,0.00908588076,0.00908588076,0.066255281152,0.066255281152,0.06058087665,0.06058087665,0.018124011190424078,0.018124011190424078,0.023311282819999994,0.023311282819999994,0.23288779176000002,0.23288779176000002,0.2389647122,0.2389647122,0.026019391884277772,0.026019391884277772,0.04728666570000001,0.04728666570000001,0.021116768949999996,0.021116768949999996,0.02009394912,0.02009394912,0.004136379359578051,0.004136379359578051,0.0056398756,0.0056398756,0.008298736437599999,0.008298736437599999,0.006898651831,0.006898651831,0.0038447646052526866,0.0038447646052526866,0.0015947315849999992,0.0015947315849999992
graphmvp_gin,esol,scaffold,2,expanded,molecule_model.gnns.1.mlp.2,gin_mlp_out,1,dumped/n4_full_ft_splits/esol_scaffold_seed2.json,32,regression,300,600,5,True,1.0648505688,1.0648505688,1.120839834,1.120839834,0.45778383789199845,0.45778383789199845,0.4797061685999999,0.4797061685999999,23.565301764000004,23.565301764000004,23.47362564,23.47362564,1.9480037994856312,1.9480037994856312,1.5181461200000008,1.5181461200000008,0.07855100588000001,0.07855100588000001,0.07824541880000001,0.07824541880000001,0.006493345998285437,0.006493345998285437,0.005060487066666675,0.005060487066666675,2.0842628944,2.0842628944,2.102650073,2.102650073,0.2808442368309145,0.2808442368309145,0.4352726600000001,0.4352726600000001,0.8330435166799999,0.8330435166799999,0.858906136,0.858906136,0.04393265463753612,0.04393265463753612,0.04265119510000004,0.04265119510000004,0.9460629845599999,0.9460629845599999,0.9498403294,0.9498403294,0.014217189916210378,0.014217189916210378,0.01892539130000004,0.01892539130000004,0.9892990041,0.9892990041,0.9903180779,0.9903180779,0.0032607396430047535,0.0032607396430047535,0.0021760895000000335,0.0021760895000000335,3.1563370962,3.1563370962,3.155877478,3.155877478,0.08308967904064005,0.08308967904064005,0.06435907300000032,0.06435907300000032,0.5533761342100008,0.5533761342100008,0.5532955529111797,0.5532955529111797,0.014567469816711111,0.014567469816711111,0.011283577746165618,0.011283577746165618,0.006940130090999999,0.006940130090999999,0.004923876168,0.004923876168,0.003836404719875906,0.003836404719875906,0.007467777805000001,0.007467777805000001,0.034701564158000006,0.034701564158000006,0.03685805276,0.03685805276,0.008271299156162003,0.008271299156162003,0.008334900880000003,0.008334900880000003,0.111919489344,0.111919489344,0.1234825257,0.1234825257,0.0169970382954985,0.0169970382954985,0.020910249500000005,0.020910249500000005,0.040753542534,0.040753542534,0.0382511273,0.0382511273,0.00948684165465288,0.00948684165465288,0.012193308929999994,0.012193308929999994,0.015605064107,0.015605064107,0.01355138607,0.01355138607,0.006425726103235907,0.006425726103235907,0.0019110422600000006,0.0019110422600000006
graphmvp_gin,esol,scaffold,2,expanded,molecule_model.gnns.2.mlp.0,gin_mlp_in,2,dumped/n4_full_ft_splits/esol_scaffold_seed2.json,32,regression,600,300,5,True,1.0648505688,1.0648505688,1.120839834,1.120839834,0.45778383789199845,0.45778383789199845,0.4797061685999999,0.4797061685999999,22.550434810000002,22.550434810000002,21.99061852,21.99061852,1.82752881024595,1.82752881024595,2.5734086199999986,2.5734086199999986,0.07516811603333333,0.07516811603333333,0.07330206173333334,0.07330206173333334,0.006091762700819833,0.006091762700819833,0.008578028733333326,0.008578028733333326,1.9988001654,1.9988001654,1.9910257,1.9910257,0.17531321335282501,0.17531321335282501,0.24103678800000017,0.24103678800000017,0.8217717002,0.8217717002,0.8260185521,0.8260185521,0.031728220984610034,0.031728220984610034,0.0244339576,0.0244339576,0.94622218188,0.94622218188,0.9519748675,0.9519748675,0.0139643291959702,0.0139643291959702,0.019201077100000075,0.019201077100000075,0.99036345134,0.99036345134,0.9907259503,0.9907259503,0.0026930535017088003,0.0026930535017088003,0.0047825043000000456,0.0047825043000000456,3.112482425,3.112482425,3.090615931,3.090615931,0.08082586612008133,0.08082586612008133,0.11325740899999959,0.11325740899999959,0.545687434405115,0.545687434405115,0.5418537513891234,0.5418537513891234,0.01417057303275807,0.01417057303275807,0.01985654423240013,0.01985654423240013,0.0072477216492000006,0.0072477216492000006,0.004833567552,0.004833567552,0.0032841115407292528,0.0032841115407292528,0.006659445913000001,0.006659445913000001,0.032694553076,0.032694553076,0.0368083478,0.0368083478,0.011126861827393622,0.011126861827393622,0.01244320066,0.01244320066,0.12490452428000001,0.12490452428000001,0.1158941351,0.1158941351,0.02229637083476145,0.02229637083476145,0.03536658549999999,0.03536658549999999,0.031479129272,0.031479129272,0.03287080257,0.03287080257,0.005260428733586169,0.005260428733586169,0.0030063039700000023,0.0030063039700000023,0.0123554371292,0.0123554371292,0.00937933661,0.00937933661,0.005676826064294068,0.005676826064294068,0.003484326416000001,0.003484326416000001
graphmvp_gin,esol,scaffold,2,expanded,molecule_model.gnns.2.mlp.2,gin_mlp_out,2,dumped/n4_full_ft_splits/esol_scaffold_seed2.json,32,regression,300,600,5,True,1.0648505688,1.0648505688,1.120839834,1.120839834,0.45778383789199845,0.45778383789199845,0.4797061685999999,0.4797061685999999,29.943760793999996,29.943760793999996,29.45683114,29.45683114,2.4009352533511814,2.4009352533511814,3.1096473099999997,3.1096473099999997,0.09981253597999999,0.09981253597999999,0.09818943713333333,0.09818943713333333,0.008003117511170606,0.008003117511170606,0.010365491033333327,0.010365491033333327,2.2003385642,2.2003385642,2.222916253,2.222916253,0.2871899854808088,0.2871899854808088,0.6030556020000002,0.6030556020000002,0.8033568147999999,0.8033568147999999,0.8043179688,0.8043179688,0.03325900600596833,0.03325900600596833,0.030431695899999944,0.030431695899999944,0.92534683048,0.92534683048,0.9258555497,0.9258555497,0.01338403484600811,0.01338403484600811,0.020043397800000085,0.020043397800000085,0.98294263206,0.98294263206,0.9828905886,0.9828905886,0.004155509458422259,0.004155509458422259,0.005735391600000028,0.005735391600000028,3.3961434804,3.3961434804,3.382925841,3.382925841,0.07949740320626693,0.07949740320626693,0.10426431899999988,0.10426431899999988,0.5954195300206824,0.5954195300206824,0.593102183688011,0.593102183688011,0.013937663920302061,0.013937663920302061,0.01827985542283239,0.01827985542283239,0.0077432525988,0.0077432525988,0.007490955702,0.007490955702,0.0036972357698028197,0.0036972357698028197,0.005464899832999999,0.005464899832999999,0.025590312828,0.025590312828,0.02549763601,0.02549763601,0.002728696393678151,0.002728696393678151,0.002410190829999999,0.002410190829999999,0.08290209543799999,0.08290209543799999,0.0784461774,0.0784461774,0.013328842327414143,0.013328842327414143,0.0288386697,0.0288386697,0.03502087092,0.03502087092,0.03633438432,0.03633438432,0.005479361888857487,0.005479361888857487,0.00235466946,0.00235466946,0.013885174506800001,0.013885174506800001,0.01040540356,0.01040540356,0.006659425850156536,0.006659425850156536,0.003834424539999999,0.003834424539999999
graphmvp_gin,esol,scaffold,2,expanded,molecule_model.gnns.3.mlp.0,gin_mlp_in,3,dumped/n4_full_ft_splits/esol_scaffold_seed2.json,32,regression,600,300,5,True,1.0648505688,1.0648505688,1.120839834,1.120839834,0.45778383789199845,0.45778383789199845,0.4797061685999999,0.4797061685999999,25.456274264,25.456274264,23.49373928,23.49373928,3.086895139913004,3.086895139913004,3.190754990000002,3.190754990000002,0.08485424754666666,0.08485424754666666,0.07831246426666666,0.07831246426666666,0.010289650466376683,0.010289650466376683,0.01063584996666668,0.01063584996666668,2.0633278656,2.0633278656,2.050582349,2.050582349,0.2784657883248585,0.2784657883248585,0.3736649419999998,0.3736649419999998,0.80723060212,0.80723060212,0.8287069936,0.8287069936,0.04909512732771348,0.04909512732771348,0.0919060531,0.0919060531,0.93388954676,0.93388954676,0.9400770222,0.9400770222,0.019911684750045625,0.019911684750045625,0.035043114399999964,0.035043114399999964,0.9860661373399999,0.9860661373399999,0.9896029811,0.9896029811,0.0053404882781126735,0.0053404882781126735,0.0085486857999999,0.0085486857999999,3.2300939012,3.2300939012,3.156733972,3.156733972,0.11520889964688781,0.11520889964688781,0.12858383799999995,0.12858383799999995,0.5663073435132527,0.5663073435132527,0.5534457153698299,0.5534457153698299,0.020198683971346953,0.020198683971346953,0.022543608311035856,0.022543608311035856,0.0082524240888,0.0082524240888,0.008040480162,0.008040480162,0.003122435898116798,0.003122435898116798,0.006151310072999999,0.006151310072999999,0.051849633094,0.051849633094,0.04729269097,0.04729269097,0.012953436531644266,0.012953436531644266,0.009742756459999995,0.009742756459999995,0.11391842558200001,0.11391842558200001,0.115681011,0.115681011,0.017248843330291624,0.017248843330291624,0.008210641500000004,0.008210641500000004,0.042648141284000005,0.042648141284000005,0.04269993431,0.04269993431,0.005635232342563968,0.005635232342563968,0.007073636020000003,0.007073636020000003,0.018468154967599997,0.018468154967599997,0.01142453216,0.01142453216,0.012068247352002482,0.012068247352002482,0.010956427083,0.010956427083
graphmvp_gin,esol,scaffold,2,expanded,molecule_model.gnns.3.mlp.2,gin_mlp_out,3,dumped/n4_full_ft_splits/esol_scaffold_seed2.json,32,regression,300,600,5,True,1.0648505688,1.0648505688,1.120839834,1.120839834,0.45778383789199845,0.45778383789199845,0.4797061685999999,0.4797061685999999,29.311769291999997,29.311769291999997,28.63593027,28.63593027,2.466589371074636,2.466589371074636,3.6377048700000003,3.6377048700000003,0.09770589764,0.09770589764,0.0954531009,0.0954531009,0.008221964570248787,0.008221964570248787,0.012125682900000004,0.012125682900000004,2.0680205024,2.0680205024,2.140450061,2.140450061,0.19521127449331155,0.19521127449331155,0.3168544110000002,0.3168544110000002,0.82373643068,0.82373643068,0.8340742032,0.8340742032,0.029133935118572145,0.029133935118572145,0.025130026000000028,0.025130026000000028,0.9306164244799999,0.9306164244799999,0.9314491086,0.9314491086,0.013100209083377435,0.013100209083377435,0.016464498199999955,0.016464498199999955,0.9826102694200001,0.9826102694200001,0.9844578152,0.9844578152,0.0037645185334409,0.0037645185334409,0.007776850299999971,0.007776850299999971,3.3745350138,3.3745350138,3.354662233,3.354662233,0.08260458095974783,0.08260458095974783,0.12597092200000004,0.12597092200000004,0.5916310849500623,0.5916310849500623,0.5881469442262004,0.5881469442262004,0.0144824213277395,0.0144824213277395,0.0220855059883035,0.0220855059883035,0.007252825869,0.007252825869,0.005937063038,0.005937063038,0.002967433871351281,0.002967433871351281,0.0022272842319999995,0.0022272842319999995,0.024497099848,0.024497099848,0.02116614231,0.02116614231,0.006562292306093371,0.006562292306093371,0.006317873929999999,0.006317873929999999,0.06621891939999999,0.06621891939999999,0.06868210753,0.06868210753,0.0062489539032954166,0.0062489539032954166,0.007446789450000005,0.007446789450000005,0.063203054304,0.063203054304,0.06375919112,0.06375919112,0.0041149844806718785,0.0041149844806718785,0.0052739327600000024,0.0052739327600000024,0.027059907092000002,0.027059907092000002,0.01744100451,0.01744100451,0.017264243470111674,0.017264243470111674,0.009363062680000003,0.009363062680000003
graphmvp_gin,esol,scaffold,2,expanded,molecule_model.gnns.4.mlp.0,gin_mlp_in,4,dumped/n4_full_ft_splits/esol_scaffold_seed2.json,32,regression,600,300,5,True,1.0648505688,1.0648505688,1.120839834,1.120839834,0.45778383789199845,0.45778383789199845,0.4797061685999999,0.4797061685999999,17.762198394000002,17.762198394000002,18.36966253,18.36966253,1.509163202111942,1.509163202111942,1.4752188800000035,1.4752188800000035,0.05920732798,0.05920732798,0.06123220843333333,0.06123220843333333,0.005030544007039807,0.005030544007039807,0.004917396266666672,0.004917396266666672,1.4154576552,1.4154576552,1.401556696,1.401556696,0.07703960579772944,0.07703960579772944,0.152136571,0.152136571,0.9318848556599999,0.9318848556599999,0.9271434519,0.9271434519,0.017441482181021824,0.017441482181021824,0.012761831099999954,0.012761831099999954,0.9767598521,0.9767598521,0.9766299587,0.9766299587,0.0052187190313577,0.0052187190313577,0.004798761399999907,0.004798761399999907,0.9950202915,0.9950202915,0.9947243468,0.9947243468,0.001103474251747334,0.001103474251747334,0.0010339842000000043,0.0010339842000000043,2.8733601535999997,2.8733601535999997,2.910700529,2.910700529,0.0867926442628538,0.0867926442628538,0.08353478700000005,0.08353478700000005,0.5037639787925456,0.5037639787925456,0.5103105775743042,0.5103105775743042,0.0152166820260945,0.0152166820260945,0.014645507147436454,0.014645507147436454,0.0096836789176,0.0096836789176,0.008569416613,0.008569416613,0.003937307715278952,0.003937307715278952,0.0017435298700000006,0.0017435298700000006,0.019797678218,0.019797678218,0.01826401891,0.01826401891,0.005009986185231092,0.005009986185231092,0.0006131222500000005,0.0006131222500000005,0.06926782824399999,0.06926782824399999,0.06705981603,0.06705981603,0.007342197778904412,0.007342197778904412,0.014286022190000011,0.014286022190000011,0.15309478672000001,0.15309478672000001,0.1537021412,0.1537021412,0.007328871679748491,0.007328871679748491,0.005086974100000002,0.005086974100000002,0.067605020844,0.067605020844,0.04453580827,0.04453580827,0.04784471839449578,0.04784471839449578,0.026491668070000002,0.026491668070000002
graphmvp_gin,esol,scaffold,2,expanded,molecule_model.gnns.4.mlp.2,gin_mlp_out,4,dumped/n4_full_ft_splits/esol_scaffold_seed2.json,32,regression,300,600,5,True,1.0648505688,1.0648505688,1.120839834,1.120839834,0.45778383789199845,0.45778383789199845,0.4797061685999999,0.4797061685999999,5.871542371199999,5.871542371199999,5.848732185,5.848732185,0.22351982614171834,0.22351982614171834,0.20010958400000067,0.20010958400000067,0.019571807904,0.019571807904,0.01949577395,0.01949577395,0.0007450660871390602,0.0007450660871390602,0.0006670319466666672,0.0006670319466666672,1.0504828134,1.0504828134,1.052135834,1.052135834,0.004721813502577015,0.004721813502577015,0.0008211150000001499,0.0008211150000001499,0.9941070032800001,0.9941070032800001,0.9940240725,0.9940240725,0.00020638025023303342,0.00020638025023303342,0.0002266532999999349,0.0002266532999999349,0.9978263966600001,0.9978263966600001,0.9979166064,0.9979166064,0.00013724576448930065,0.00013724576448930065,0.00024572180000004273,0.00024572180000004273,0.9996084705800001,0.9996084705800001,0.9995965155,0.9995965155,4.4997913845801857e-05,4.4997913845801857e-05,2.780460000006979e-05,2.780460000006979e-05,1.7693796043999999,1.7693796043999999,1.766224917,1.766224917,0.03858695717106487,0.03858695717106487,0.03364254600000005,0.03364254600000005,0.3102116204925312,0.3102116204925312,0.3096585335867775,0.3096585335867775,0.006765152307704501,0.006765152307704501,0.005898286996302016,0.005898286996302016,0.00058105054158,0.00058105054158,0.0004819065099,0.0004819065099,0.0002537014840423739,0.0002537014840423739,0.0005045950873000001,0.0005045950873000001,0.0012131538821,0.0012131538821,0.001270483797,0.001270483797,0.00025049631386803666,0.00025049631386803666,0.0005464612845,0.0005464612845,0.004100669364399999,0.004100669364399999,0.004036164579,0.004036164579,0.000928838214879725,0.000928838214879725,0.001122089041,0.001122089041,0.59413896474,0.59413896474,0.589831169,0.589831169,0.02860202060491657,0.02860202060491657,0.023759949500000044,0.023759949500000044,0.27147562504,0.27147562504,0.1562899798,0.1562899798,0.21163851327889602,0.21163851327889602,0.09576828770000001,0.09576828770000001
graphmvp_gin,esol,scaffold,2,historical,molecule_model.gnns.0.mlp.0,gin_mlp_in,0,dumped/n4_full_ft_splits/esol_scaffold_seed2.json,32,regression,600,300,5,True,1.0648505688,1.0648505688,1.120839834,1.120839834,0.45778383789199845,0.45778383789199845,0.4797061685999999,0.4797061685999999,7.173866867799999,7.173866867799999,7.170297889,7.170297889,0.4412242900338946,0.4412242900338946,0.7928905720000001,0.7928905720000001,0.023912889559333333,0.023912889559333333,0.023900992963333336,0.023900992963333336,0.001470747633446316,0.001470747633446316,0.0026429685733333347,0.0026429685733333347,2.0173030834000003,2.0173030834000003,2.101395083,2.101395083,0.3895447435444198,0.3895447435444198,0.5765246299999998,0.5765246299999998,0.9207531979200001,0.9207531979200001,0.9145477151,0.9145477151,0.018064355190495804,0.018064355190495804,0.027812561600000008,0.027812561600000008,0.9965960133600001,0.9965960133600001,0.99679525,0.99679525,0.001405522402113241,0.001405522402113241,0.001518417300000019,0.001518417300000019,1.0,1.0,1.0,1.0,0.0,0.0,0.0,0.0,1.9685594402,1.9685594402,1.9699472,1.9699472,0.061356379188824174,0.061356379188824174,0.11155621199999977,0.11155621199999977,0.3451322782639351,0.3451322782639351,0.3453755834401346,0.3453755834401346,0.010757138699003863,0.010757138699003863,0.019558286539797243,0.019558286539797243,0.059122740026,0.059122740026,0.05602198527,0.05602198527,0.008821442127891321,0.008821442127891321,0.006359195620000001,0.006359195620000001,0.22495681852,0.22495681852,0.2436737534,0.2436737534,0.06327910225683535,0.06327910225683535,0.09111510679999998,0.09111510679999998,0.50327300962,0.50327300962,0.5162422495,0.5162422495,0.05286959835447303,0.05286959835447303,0.05892443390000002,0.05892443390000002,0.022824139427999997,0.022824139427999997,0.02325713031,0.02325713031,0.003516196063003259,0.003516196063003259,0.0064497362,0.0064497362,0.0026373167758000004,0.0026373167758000004,0.001849698485,0.001849698485,0.002101497011049871,0.002101497011049871,0.00044434901799999984,0.00044434901799999984
graphmvp_gin,esol,scaffold,2,historical,molecule_model.gnns.1.mlp.0,gin_mlp_in,1,dumped/n4_full_ft_splits/esol_scaffold_seed2.json,32,regression,600,300,5,True,1.0648505688,1.0648505688,1.120839834,1.120839834,0.45778383789199845,0.45778383789199845,0.4797061685999999,0.4797061685999999,15.323042238000003,15.323042238000003,14.97876325,14.97876325,1.2112286150363814,1.2112286150363814,0.1646549799999999,0.1646549799999999,0.051076807460000005,0.051076807460000005,0.049929210833333335,0.049929210833333335,0.004037428716787937,0.004037428716787937,0.0005488499333333313,0.0005488499333333313,2.2822183228,2.2822183228,2.342639861,2.342639861,0.43748962265696434,0.43748962265696434,0.4570094549999997,0.4570094549999997,0.85126719338,0.85126719338,0.8699694999,0.8699694999,0.04430016140449358,0.04430016140449358,0.02243477309999997,0.02243477309999997,0.96633603552,0.96633603552,0.9721400871,0.9721400871,0.009960011295237554,0.009960011295237554,0.006730910599999973,0.006730910599999973,0.99612002354,0.99612002354,0.9965746387,0.9965746387,0.0016053412299935515,0.0016053412299935515,0.0008240974000000012,0.0008240974000000012,2.7263800764000004,2.7263800764000004,2.706633415,2.706633415,0.07626069163083608,0.07626069163083608,0.010953476000000073,0.010953476000000073,0.47799510035914095,0.47799510035914095,0.47453307117276494,0.47453307117276494,0.013370196351226146,0.013370196351226146,0.0019203881018727276,0.0019203881018727276,0.019542889304,0.019542889304,0.01550564409,0.01550564409,0.008242560650528615,0.008242560650528615,0.00908588076,0.00908588076,0.066255281152,0.066255281152,0.06058087665,0.06058087665,0.018124011190424078,0.018124011190424078,0.023311282819999994,0.023311282819999994,0.23288779176000002,0.23288779176000002,0.2389647122,0.2389647122,0.026019391884277772,0.026019391884277772,0.04728666570000001,0.04728666570000001,0.08271206486800001,0.08271206486800001,0.07705427214,0.07705427214,0.01419350867329363,0.01419350867329363,0.020199092380000006,0.020199092380000006,0.008298736437599999,0.008298736437599999,0.006898651831,0.006898651831,0.0038447646052526866,0.0038447646052526866,0.0015947315849999992,0.0015947315849999992
graphmvp_gin,esol,scaffold,2,historical,molecule_model.gnns.2.mlp.0,gin_mlp_in,2,dumped/n4_full_ft_splits/esol_scaffold_seed2.json,32,regression,600,300,5,True,1.0648505688,1.0648505688,1.120839834,1.120839834,0.45778383789199845,0.45778383789199845,0.4797061685999999,0.4797061685999999,22.550434810000002,22.550434810000002,21.99061852,21.99061852,1.82752881024595,1.82752881024595,2.5734086199999986,2.5734086199999986,0.07516811603333333,0.07516811603333333,0.07330206173333334,0.07330206173333334,0.006091762700819833,0.006091762700819833,0.008578028733333326,0.008578028733333326,1.9988001654,1.9988001654,1.9910257,1.9910257,0.17531321335282501,0.17531321335282501,0.24103678800000017,0.24103678800000017,0.8217717002,0.8217717002,0.8260185521,0.8260185521,0.031728220984610034,0.031728220984610034,0.0244339576,0.0244339576,0.94622218188,0.94622218188,0.9519748675,0.9519748675,0.0139643291959702,0.0139643291959702,0.019201077100000075,0.019201077100000075,0.99036345134,0.99036345134,0.9907259503,0.9907259503,0.0026930535017088003,0.0026930535017088003,0.0047825043000000456,0.0047825043000000456,3.112482425,3.112482425,3.090615931,3.090615931,0.08082586612008133,0.08082586612008133,0.11325740899999959,0.11325740899999959,0.545687434405115,0.545687434405115,0.5418537513891234,0.5418537513891234,0.01417057303275807,0.01417057303275807,0.01985654423240013,0.01985654423240013,0.0072477216492000006,0.0072477216492000006,0.004833567552,0.004833567552,0.0032841115407292528,0.0032841115407292528,0.006659445913000001,0.006659445913000001,0.032694553076,0.032694553076,0.0368083478,0.0368083478,0.011126861827393622,0.011126861827393622,0.01244320066,0.01244320066,0.12490452428000001,0.12490452428000001,0.1158941351,0.1158941351,0.02229637083476145,0.02229637083476145,0.03536658549999999,0.03536658549999999,0.1233449775,0.1233449775,0.1252197093,0.1252197093,0.017488404438621995,0.017488404438621995,0.012903529999999996,0.012903529999999996,0.0123554371292,0.0123554371292,0.00937933661,0.00937933661,0.005676826064294068,0.005676826064294068,0.003484326416000001,0.003484326416000001
graphmvp_gin,esol,scaffold,2,historical,molecule_model.gnns.3.mlp.0,gin_mlp_in,3,dumped/n4_full_ft_splits/esol_scaffold_seed2.json,32,regression,600,300,5,True,1.0648505688,1.0648505688,1.120839834,1.120839834,0.45778383789199845,0.45778383789199845,0.4797061685999999,0.4797061685999999,25.456274264,25.456274264,23.49373928,23.49373928,3.086895139913004,3.086895139913004,3.190754990000002,3.190754990000002,0.08485424754666666,0.08485424754666666,0.07831246426666666,0.07831246426666666,0.010289650466376683,0.010289650466376683,0.01063584996666668,0.01063584996666668,2.0633278656,2.0633278656,2.050582349,2.050582349,0.2784657883248585,0.2784657883248585,0.3736649419999998,0.3736649419999998,0.80723060212,0.80723060212,0.8287069936,0.8287069936,0.04909512732771348,0.04909512732771348,0.0919060531,0.0919060531,0.93388954676,0.93388954676,0.9400770222,0.9400770222,0.019911684750045625,0.019911684750045625,0.035043114399999964,0.035043114399999964,0.9860661373399999,0.9860661373399999,0.9896029811,0.9896029811,0.0053404882781126735,0.0053404882781126735,0.0085486857999999,0.0085486857999999,3.2300939012,3.2300939012,3.156733972,3.156733972,0.11520889964688781,0.11520889964688781,0.12858383799999995,0.12858383799999995,0.5663073435132527,0.5663073435132527,0.5534457153698299,0.5534457153698299,0.020198683971346953,0.020198683971346953,0.022543608311035856,0.022543608311035856,0.0082524240888,0.0082524240888,0.008040480162,0.008040480162,0.003122435898116798,0.003122435898116798,0.006151310072999999,0.006151310072999999,0.051849633094,0.051849633094,0.04729269097,0.04729269097,0.012953436531644266,0.012953436531644266,0.009742756459999995,0.009742756459999995,0.11391842558200001,0.11391842558200001,0.115681011,0.115681011,0.017248843330291624,0.017248843330291624,0.008210641500000004,0.008210641500000004,0.16787357774,0.16787357774,0.1659597939,0.1659597939,0.02083678833407016,0.02083678833407016,0.013536387999999983,0.013536387999999983,0.018468154967599997,0.018468154967599997,0.01142453216,0.01142453216,0.012068247352002482,0.012068247352002482,0.010956427083,0.010956427083
graphmvp_gin,esol,scaffold,2,historical,molecule_model.gnns.4.mlp.0,gin_mlp_in,4,dumped/n4_full_ft_splits/esol_scaffold_seed2.json,32,regression,600,300,5,True,1.0648505688,1.0648505688,1.120839834,1.120839834,0.45778383789199845,0.45778383789199845,0.4797061685999999,0.4797061685999999,17.762198394000002,17.762198394000002,18.36966253,18.36966253,1.509163202111942,1.509163202111942,1.4752188800000035,1.4752188800000035,0.05920732798,0.05920732798,0.06123220843333333,0.06123220843333333,0.005030544007039807,0.005030544007039807,0.004917396266666672,0.004917396266666672,1.4154576552,1.4154576552,1.401556696,1.401556696,0.07703960579772944,0.07703960579772944,0.152136571,0.152136571,0.9318848556599999,0.9318848556599999,0.9271434519,0.9271434519,0.017441482181021824,0.017441482181021824,0.012761831099999954,0.012761831099999954,0.9767598521,0.9767598521,0.9766299587,0.9766299587,0.0052187190313577,0.0052187190313577,0.004798761399999907,0.004798761399999907,0.9950202915,0.9950202915,0.9947243468,0.9947243468,0.001103474251747334,0.001103474251747334,0.0010339842000000043,0.0010339842000000043,2.8733601535999997,2.8733601535999997,2.910700529,2.910700529,0.0867926442628538,0.0867926442628538,0.08353478700000005,0.08353478700000005,0.5037639787925456,0.5037639787925456,0.5103105775743042,0.5103105775743042,0.0152166820260945,0.0152166820260945,0.014645507147436454,0.014645507147436454,0.0096836789176,0.0096836789176,0.008569416613,0.008569416613,0.003937307715278952,0.003937307715278952,0.0017435298700000006,0.0017435298700000006,0.019797678218,0.019797678218,0.01826401891,0.01826401891,0.005009986185231092,0.005009986185231092,0.0006131222500000005,0.0006131222500000005,0.06926782824399999,0.06926782824399999,0.06705981603,0.06705981603,0.007342197778904412,0.007342197778904412,0.014286022190000011,0.014286022190000011,0.60324524048,0.60324524048,0.6074956852,0.6074956852,0.033492037112483844,0.033492037112483844,0.03081444379999998,0.03081444379999998,0.067605020844,0.067605020844,0.04453580827,0.04453580827,0.04784471839449578,0.04784471839449578,0.026491668070000002,0.026491668070000002
graphmvp_gin,freesolv,scaffold,0,expanded,molecule_model.gnns.0.mlp.0,gin_mlp_in,0,dumped/n4_full_ft_splits/freesolv_scaffold_seed0.json,32,regression,600,300,5,True,0.76060198536,0.76060198536,0.8511844277,0.8511844277,0.18946286588094416,0.18946286588094416,0.2907544971,0.2907544971,7.7567460336,7.7567460336,7.687180268,7.687180268,0.4546556119703574,0.4546556119703574,0.34884451199999944,0.34884451199999944,0.025855820112,0.025855820112,0.025623934226666666,0.025623934226666666,0.0015155187065678574,0.0015155187065678574,0.0011628150399999974,0.0011628150399999974,2.5053699944,2.5053699944,2.656799826,2.656799826,0.3654919382676143,0.3654919382676143,0.5774749429999999,0.5774749429999999,0.91021046624,0.91021046624,0.9188924495,0.9188924495,0.01983077856566705,0.01983077856566705,0.02365497400000005,0.02365497400000005,0.9950766182799999,0.9950766182799999,0.9942192219,0.9942192219,0.0018818605008108181,0.0018818605008108181,0.0022120850999999275,0.0022120850999999275,1.0,1.0,1.0,1.0,0.0,0.0,0.0,0.0,2.0468937092,2.0468937092,2.039554041,2.039554041,0.05737115867526342,0.05737115867526342,0.04566767199999999,0.04566767199999999,0.3588660188734455,0.3588660188734455,0.3575792117007294,0.3575792117007294,0.01005844085572732,0.01005844085572732,0.008006559191714724,0.008006559191714724,0.08970562103400001,0.08970562103400001,0.07743344794,0.07743344794,0.04996524520230001,0.04996524520230001,0.03467482009,0.03467482009,0.2720549469,0.2720549469,0.2677042623,0.2677042623,0.041705877635847134,0.041705877635847134,0.07048286540000004,0.07048286540000004,0.48942140636,0.48942140636,0.47972253,0.47972253,0.03957505170567811,0.03957505170567811,0.06432316560000007,0.06432316560000007,0.006105377387200001,0.006105377387200001,0.005737225085,0.005737225085,0.002050646344871837,0.002050646344871837,0.0035250344939999996,0.0035250344939999996,0.0019803285365999996,0.0019803285365999996,0.001372433035,0.001372433035,0.0014104856574023445,0.0014104856574023445,0.0005822546090000001,0.0005822546090000001
graphmvp_gin,freesolv,scaffold,0,expanded,molecule_model.gnns.0.mlp.2,gin_mlp_out,0,dumped/n4_full_ft_splits/freesolv_scaffold_seed0.json,32,regression,300,600,5,True,0.76060198536,0.76060198536,0.8511844277,0.8511844277,0.18946286588094416,0.18946286588094416,0.2907544971,0.2907544971,13.11526794,13.11526794,12.91295086,12.91295086,0.9740196767692505,0.9740196767692505,0.8903137399999999,0.8903137399999999,0.0437175598,0.0437175598,0.043043169533333335,0.043043169533333335,0.0032467322558975,0.0032467322558975,0.002967712466666661,0.002967712466666661,2.38985877,2.38985877,2.373295826,2.373295826,0.32799195230019035,0.32799195230019035,0.46851215,0.46851215,0.8848857280200001,0.8848857280200001,0.8783912224,0.8783912224,0.024966471295984186,0.024966471295984186,0.013368562600000078,0.013368562600000078,0.98169094396,0.98169094396,0.9816207975,0.9816207975,0.00278249712779139,0.00278249712779139,0.0029583664999999204,0.0029583664999999204,0.9978318736,0.9978318736,0.9981436691,0.9981436691,0.000552450146962471,0.000552450146962471,0.0005496032999999789,0.0005496032999999789,2.5710210019999997,2.5710210019999997,2.55823075,2.55823075,0.07425172585030429,0.07425172585030429,0.0675985429999999,0.0675985429999999,0.4507571972500529,0.4507571972500529,0.448514781439697,0.448514781439697,0.013017979942297826,0.013017979942297826,0.011851528928454536,0.011851528928454536,0.04796979136,0.04796979136,0.0475847271,0.0475847271,0.014902996381617059,0.014902996381617059,0.018970918580000003,0.018970918580000003,0.115251167626,0.115251167626,0.1081398597,0.1081398597,0.014696890204554293,0.014696890204554293,0.026306549200000015,0.026306549200000015,0.23911670108000002,0.23911670108000002,0.24404975,0.24404975,0.011642810280321962,0.011642810280321962,0.02094993639999998,0.02094993639999998,0.014847795665999999,0.014847795665999999,0.01521342069,0.01521342069,0.002509320673196084,0.002509320673196084,0.0035570197600000002,0.0035570197600000002,0.0045913210604,0.0045913210604,0.003639285685,0.003639285685,0.0024524753320422058,0.0024524753320422058,0.0005048124589999998,0.0005048124589999998
graphmvp_gin,freesolv,scaffold,0,expanded,molecule_model.gnns.1.mlp.0,gin_mlp_in,1,dumped/n4_full_ft_splits/freesolv_scaffold_seed0.json,32,regression,600,300,5,True,0.76060198536,0.76060198536,0.8511844277,0.8511844277,0.18946286588094416,0.18946286588094416,0.2907544971,0.2907544971,15.123821968000001,15.123821968000001,15.44231307,15.44231307,0.5414901489013149,0.5414901489013149,0.94688835,0.94688835,0.050412739893333336,0.050412739893333336,0.0514743769,0.0514743769,0.0018049671630043828,0.0018049671630043828,0.0031562944999999967,0.0031562944999999967,2.811103997,2.811103997,2.716758016,2.716758016,0.5752255573555592,0.5752255573555592,0.17951899500000001,0.17951899500000001,0.82359152572,0.82359152572,0.8363455203,0.8363455203,0.030498769503449232,0.030498769503449232,0.06221731070000003,0.06221731070000003,0.9647556954799998,0.9647556954799998,0.9686542217,0.9686542217,0.008107796810220376,0.008107796810220376,0.016862735200000034,0.016862735200000034,0.99644372442,0.99644372442,0.9965797284,0.9965797284,0.00045693358118877763,0.00045693358118877763,0.00039765169999994576,0.00039765169999994576,2.7156241286000005,2.7156241286000005,2.737111344,2.737111344,0.036054832572199665,0.036054832572199665,0.06297670199999983,0.06297670199999983,0.4761093433465283,0.4761093433465283,0.4798765303834595,0.4798765303834595,0.006321214515526017,0.006321214515526017,0.011041217346528576,0.011041217346528576,0.03288662546,0.03288662546,0.03528163739,0.03528163739,0.010431104708583274,0.010431104708583274,0.009494071530000002,0.009494071530000002,0.09453503223200001,0.09453503223200001,0.09758861231,0.09758861231,0.017408809075518394,0.017408809075518394,0.004014691969999998,0.004014691969999998,0.24622146494000002,0.24622146494000002,0.2438096302,0.2438096302,0.028810244033088434,0.028810244033088434,0.037482588600000005,0.037482588600000005,0.021277259032,0.021277259032,0.02084096744,0.02084096744,0.00436961265005055,0.00436961265005055,0.0070573836599999995,0.0070573836599999995,0.0066755867092,0.0066755867092,0.005239902064,0.005239902064,0.0038097696996014685,0.0038097696996014685,0.0008355719039999992,0.0008355719039999992
graphmvp_gin,freesolv,scaffold,0,expanded,molecule_model.gnns.1.mlp.2,gin_mlp_out,1,dumped/n4_full_ft_splits/freesolv_scaffold_seed0.json,32,regression,300,600,5,True,0.76060198536,0.76060198536,0.8511844277,0.8511844277,0.18946286588094416,0.18946286588094416,0.2907544971,0.2907544971,22.792042544000005,22.792042544000005,22.46493992,22.46493992,1.031371469282423,1.031371469282423,0.8818440600000024,0.8818440600000024,0.07597347514666666,0.07597347514666666,0.07488313306666666,0.07488313306666666,0.0034379048976080776,0.0034379048976080776,0.002939480199999997,0.002939480199999997,2.3661337278000003,2.3661337278000003,2.494385039,2.494385039,0.37720667711554834,0.37720667711554834,0.3656664639999998,0.3656664639999998,0.82976574602,0.82976574602,0.8196379341,0.8196379341,0.02366317518950033,0.02366317518950033,0.03962944660000001,0.03962944660000001,0.94669159384,0.94669159384,0.9480478642,0.9480478642,0.0062908435125532455,0.0062908435125532455,0.012463827799999994,0.012463827799999994,0.9896858592800001,0.9896858592800001,0.9902265198,0.9902265198,0.0007743126784940507,0.0007743126784940507,0.001370049100000048,0.001370049100000048,3.1254179516000002,3.1254179516000002,3.111955868,3.111955868,0.04424227964071022,0.04424227964071022,0.03926602399999979,0.03926602399999979,0.5479553200857974,0.5479553200857974,0.5455951172449954,0.5455951172449954,0.0077566561903952835,0.0077566561903952835,0.00688420783479593,0.00688420783479593,0.0092807221868,0.0092807221868,0.007633650639,0.007633650639,0.0035543469680299074,0.0035543469680299074,0.006466505712999999,0.006466505712999999,0.04388491799,0.04388491799,0.04018273946,0.04018273946,0.010908290882421172,0.010908290882421172,0.006584004379999994,0.006584004379999994,0.12343717139999999,0.12343717139999999,0.1228355646,0.1228355646,0.008327067403927559,0.008327067403927559,0.0022817806999999996,0.0022817806999999996,0.041283879765999995,0.041283879765999995,0.0424866125,0.0424866125,0.008751516783794584,0.008751516783794584,0.010721540119999998,0.010721540119999998,0.0124017115686,0.0124017115686,0.01016345527,0.01016345527,0.005596785114223922,0.005596785114223922,0.004045713695000001,0.004045713695000001
graphmvp_gin,freesolv,scaffold,0,expanded,molecule_model.gnns.2.mlp.0,gin_mlp_in,2,dumped/n4_full_ft_splits/freesolv_scaffold_seed0.json,32,regression,600,300,5,True,0.76060198536,0.76060198536,0.8511844277,0.8511844277,0.18946286588094416,0.18946286588094416,0.2907544971,0.2907544971,21.664114681999997,21.664114681999997,21.48583383,21.48583383,0.9212791063652418,0.9212791063652418,1.2494675200000032,1.2494675200000032,0.07221371560666666,0.07221371560666666,0.0716194461,0.0716194461,0.0030709303545508057,0.0030709303545508057,0.004164891733333342,0.004164891733333342,2.6817583514,2.6817583514,2.728172233,2.728172233,0.4721324942953979,0.4721324942953979,0.742959715,0.742959715,0.78889963614,0.78889963614,0.7888439668,0.7888439668,0.024290494982454905,0.024290494982454905,0.02561778960000005,0.02561778960000005,0.94234202366,0.94234202366,0.9483726165,0.9483726165,0.013557286557222423,0.013557286557222423,0.007998822900000091,0.007998822900000091,0.9900453196600001,0.9900453196600001,0.990204078,0.990204078,0.002173279257049608,0.002173279257049608,0.0013649930000000365,0.0013649930000000365,3.0747624154,3.0747624154,3.067393826,3.067393826,0.04219326990144711,0.04219326990144711,0.05795687700000007,0.05795687700000007,0.5390742772997025,0.5390742772997025,0.5377823995970129,0.5377823995970129,0.00739741918436158,0.00739741918436158,0.010161130312651645,0.010161130312651645,0.020376383932600002,0.020376383932600002,0.02017742518,0.02017742518,0.010527937449489353,0.010527937449489353,0.017076441659999997,0.017076441659999997,0.05391256404,0.05391256404,0.05848136564,0.05848136564,0.022050661798630505,0.022050661798630505,0.014384815620000005,0.014384815620000005,0.14268377632,0.14268377632,0.1488353092,0.1488353092,0.024949096209723957,0.024949096209723957,0.011468565399999991,0.011468565399999991,0.034468236077999995,0.034468236077999995,0.03376072479,0.03376072479,0.005778695884316743,0.005778695884316743,0.009095636269999999,0.009095636269999999,0.0102547416464,0.0102547416464,0.009552676231,0.009552676231,0.0038950521888587836,0.0038950521888587836,0.0004576062780000008,0.0004576062780000008
graphmvp_gin,freesolv,scaffold,0,expanded,molecule_model.gnns.2.mlp.2,gin_mlp_out,2,dumped/n4_full_ft_splits/freesolv_scaffold_seed0.json,32,regression,300,600,5,True,0.76060198536,0.76060198536,0.8511844277,0.8511844277,0.18946286588094416,0.18946286588094416,0.2907544971,0.2907544971,28.80583378,28.80583378,29.02164097,29.02164097,0.9634481202501535,0.9634481202501535,0.26974429999999927,0.26974429999999927,0.09601944593333334,0.09601944593333334,0.09673880323333334,0.09673880323333334,0.0032114937341671756,0.0032114937341671756,0.0008991476666666692,0.0008991476666666692,2.821066236,2.821066236,2.977807992,2.977807992,0.31049449100205956,0.31049449100205956,0.3637445220000002,0.3637445220000002,0.7868894897,0.7868894897,0.788931896,0.788931896,0.018213048630572538,0.018213048630572538,0.007497830899999891,0.007497830899999891,0.92237654126,0.92237654126,0.922811927,0.922811927,0.011369560656092155,0.011369560656092155,0.014777793900000002,0.014777793900000002,0.9814701467200001,0.9814701467200001,0.9816537072,0.9816537072,0.0023118900232116505,0.0023118900232116505,0.0005428928000000832,0.0005428928000000832,3.3600033601999995,3.3600033601999995,3.368041792,3.368041792,0.03412768343850816,0.03412768343850816,0.009262845999999936,0.009262845999999936,0.5890833626860088,0.5890833626860088,0.5904926786681168,0.5904926786681168,0.005983342385539562,0.005983342385539562,0.001623983039528265,0.001623983039528265,0.0105294031006,0.0105294031006,0.01180125462,0.01180125462,0.003627859973242959,0.003627859973242959,0.003144966551,0.003144966551,0.03352250463,0.03352250463,0.03441940069,0.03441940069,0.005512021635649844,0.005512021635649844,0.004437225789999999,0.004437225789999999,0.09108006968,0.09108006968,0.09239007783,0.09239007783,0.005348895087452897,0.005348895087452897,0.005266027440000001,0.005266027440000001,0.037125676867999995,0.037125676867999995,0.03513130089,0.03513130089,0.006244647237486815,0.006244647237486815,0.00835148258,0.00835148258,0.0108285255722,0.0108285255722,0.01042483933,0.01042483933,0.003366069082170647,0.003366069082170647,0.001736435104000001,0.001736435104000001
graphmvp_gin,freesolv,scaffold,0,expanded,molecule_model.gnns.3.mlp.0,gin_mlp_in,3,dumped/n4_full_ft_splits/freesolv_scaffold_seed0.json,32,regression,600,300,5,True,0.76060198536,0.76060198536,0.8511844277,0.8511844277,0.18946286588094416,0.18946286588094416,0.2907544971,0.2907544971,24.621319722000003,24.621319722000003,24.66223357,24.66223357,0.37746546102181255,0.37746546102181255,0.4726393399999971,0.4726393399999971,0.08207106574,0.08207106574,0.08220744523333334,0.08220744523333334,0.0012582182034060402,0.0012582182034060402,0.0015754644666666484,0.0015754644666666484,2.6702387908,2.6702387908,2.771880206,2.771880206,0.23750931555173654,0.23750931555173654,0.18289101899999993,0.18289101899999993,0.77240368088,0.77240368088,0.7779221346,0.7779221346,0.008026462110264239,0.008026462110264239,0.01244745589999996,0.01244745589999996,0.9259491928799999,0.9259491928799999,0.9228094951,0.9228094951,0.010516625178675769,0.010516625178675769,0.01370476240000007,0.01370476240000007,0.9856465421799999,0.9856465421799999,0.9858405665,0.9858405665,0.0013881368591493698,0.0013881368591493698,0.0012164572999999734,0.0012164572999999734,3.2034946548,3.2034946548,3.205273068,3.205273068,0.015384781809001232,0.015384781809001232,0.01915203299999968,0.01915203299999968,0.5616439036786887,0.5616439036786887,0.5619556990895239,0.5619556990895239,0.0026972946246391636,0.0026972946246391636,0.0033577775949729105,0.0033577775949729105,0.010589840811800002,0.010589840811800002,0.008463375384,0.008463375384,0.005431031783273473,0.005431031783273473,0.0056539399940000006,0.0056539399940000006,0.04855157272999999,0.04855157272999999,0.0501210162,0.0501210162,0.007014348499800068,0.007014348499800068,0.0060190947900000055,0.0060190947900000055,0.11971399847799999,0.11971399847799999,0.120622254,0.120622254,0.01641407414837662,0.01641407414837662,0.023935801499999992,0.023935801499999992,0.041419195452,0.041419195452,0.04102106812,0.04102106812,0.003533728167064012,0.003533728167064012,0.0031550768600000015,0.0031550768600000015,0.0120520798502,0.0120520798502,0.01096817199,0.01096817199,0.0034135299107186387,0.0034135299107186387,0.003434881572,0.003434881572
graphmvp_gin,freesolv,scaffold,0,expanded,molecule_model.gnns.3.mlp.2,gin_mlp_out,3,dumped/n4_full_ft_splits/freesolv_scaffold_seed0.json,32,regression,300,600,5,True,0.76060198536,0.76060198536,0.8511844277,0.8511844277,0.18946286588094416,0.18946286588094416,0.2907544971,0.2907544971,27.679193828000002,27.679193828000002,27.33355586,27.33355586,1.0625159049736848,1.0625159049736848,0.5718399599999984,0.5718399599999984,0.09226397942666667,0.09226397942666667,0.09111185286666666,0.09111185286666666,0.0035417196832456172,0.0035417196832456172,0.001906133199999993,0.001906133199999993,2.142229656,2.142229656,2.13757442,2.13757442,0.18264572339189758,0.18264572339189758,0.18521196999999967,0.18521196999999967,0.8123184241400001,0.8123184241400001,0.810774921,0.810774921,0.011070061926801218,0.011070061926801218,0.019980649000000072,0.019980649000000072,0.9272037474400001,0.9272037474400001,0.9280438424,0.9280438424,0.00452554661100929,0.00452554661100929,0.002333562200000028,0.002333562200000028,0.98329927876,0.98329927876,0.9834360428,0.9834360428,0.0012222749609442833,0.0012222749609442833,0.002364699099999923,0.002364699099999923,3.3199647994,3.3199647994,3.3081151,3.3081151,0.03758022721033259,0.03758022721033259,0.020912329999999812,0.020912329999999812,0.5820637119581095,0.5820637119581095,0.5799861959496271,0.5799861959496271,0.006588650141781195,0.006588650141781195,0.0036663968327894647,0.0036663968327894647,0.006114938184,0.006114938184,0.005542698834,0.005542698834,0.0014974997225218874,0.0014974997225218874,0.0012854897969999998,0.0012854897969999998,0.022462932318,0.022462932318,0.0249978178,0.0249978178,0.0051831972099537355,0.0051831972099537355,0.008119858140000002,0.008119858140000002,0.051877361436000004,0.051877361436000004,0.0546268473,0.0546268473,0.004993455790553946,0.004993455790553946,0.0030202850799999972,0.0030202850799999972,0.06839487715,0.06839487715,0.06897491254,0.06897491254,0.005528945399030041,0.005528945399030041,0.004513342039999993,0.004513342039999993,0.019845604152,0.019845604152,0.01816427149,0.01816427149,0.00551583134517649,0.00551583134517649,0.0035434644700000004,0.0035434644700000004
graphmvp_gin,freesolv,scaffold,0,expanded,molecule_model.gnns.4.mlp.0,gin_mlp_in,4,dumped/n4_full_ft_splits/freesolv_scaffold_seed0.json,32,regression,600,300,5,True,0.76060198536,0.76060198536,0.8511844277,0.8511844277,0.18946286588094416,0.18946286588094416,0.2907544971,0.2907544971,17.661552608,17.661552608,17.25816099,17.25816099,0.7609227931977048,0.7609227931977048,1.4876360599999998,1.4876360599999998,0.05887184202666666,0.05887184202666666,0.0575272033,0.0575272033,0.002536409310659015,0.002536409310659015,0.004958786866666662,0.004958786866666662,1.4524590098,1.4524590098,1.442881927,1.442881927,0.06927953353946267,0.06927953353946267,0.05637771399999991,0.05637771399999991,0.90937662936,0.90937662936,0.9094407156,0.9094407156,0.011022757922299417,0.011022757922299417,0.020013608799999916,0.020013608799999916,0.9716827457800001,0.9716827457800001,0.9726997791,0.9726997791,0.003544634607611466,0.003544634607611466,0.005923662199999957,0.005923662199999957,0.99462549688,0.99462549688,0.9943965086,0.9943965086,0.0005946824909521304,0.0005946824909521304,0.000588360199999971,0.000588360199999971,2.8704701326,2.8704701326,2.848285132,2.848285132,0.04279795161053325,0.04279795161053325,0.08381481300000004,0.08381481300000004,0.5032572937966082,0.5032572937966082,0.4993677694855785,0.4993677694855785,0.007503433344574199,0.007503433344574199,0.014694601936945717,0.014694601936945717,0.0153928597808,0.0153928597808,0.01720956072,0.01720956072,0.004248671265733835,0.004248671265733835,0.0027170626800000017,0.0027170626800000017,0.026690123775999997,0.026690123775999997,0.02793415602,0.02793415602,0.0053033400640499564,0.0053033400640499564,0.009714577079999998,0.009714577079999998,0.07386721198400001,0.07386721198400001,0.07949100887,0.07949100887,0.010601451929805347,0.010601451929805347,0.004174101309999997,0.004174101309999997,0.1533222429,0.1533222429,0.1575105882,0.1575105882,0.007030114826199491,0.007030114826199491,0.0034867227999999806,0.0034867227999999806,0.045766457168,0.045766457168,0.03710647672,0.03710647672,0.017356285724707012,0.017356285724707012,0.013485942029999996,0.013485942029999996
graphmvp_gin,freesolv,scaffold,0,expanded,molecule_model.gnns.4.mlp.2,gin_mlp_out,4,dumped/n4_full_ft_splits/freesolv_scaffold_seed0.json,32,regression,300,600,5,True,0.76060198536,0.76060198536,0.8511844277,0.8511844277,0.18946286588094416,0.18946286588094416,0.2907544971,0.2907544971,5.744151874800001,5.744151874800001,5.727992106,5.727992106,0.3132065159144308,0.3132065159144308,0.4285926480000004,0.4285926480000004,0.019147172916000002,0.019147172916000002,0.019093307020000002,0.019093307020000002,0.0010440217197147693,0.0010440217197147693,0.0014286421600000002,0.0014286421600000002,1.055414529,1.055414529,1.053428236,1.053428236,0.0044137785382220756,0.0044137785382220756,0.009060518000000073,0.009060518000000073,0.99295444242,0.99295444242,0.992927738,0.992927738,0.0012543210356532495,0.0012543210356532495,0.0022583265000000186,0.0022583265000000186,0.9977322227200001,0.9977322227200001,0.9978546473,0.9978546473,0.0002880073149244745,0.0002880073149244745,0.0005564659000000249,0.0005564659000000249,0.9997076103,0.9997076103,0.9997104964,0.9997104964,5.6851351394743274e-05,5.6851351394743274e-05,4.223510000000985e-05,4.223510000000985e-05,1.7467135040000001,1.7467135040000001,1.745365051,1.745365051,0.054038777962766245,0.054038777962766245,0.07544099100000001,0.07544099100000001,0.3062377486801483,0.3062377486801483,0.3060013348607238,0.3060013348607238,0.009474200357899072,0.009474200357899072,0.013226484588991505,0.013226484588991505,0.00023271726530000003,0.00023271726530000003,0.0002307805594,0.0002307805594,7.624530650921609e-05,7.624530650921609e-05,2.27361737e-05,2.27361737e-05,0.00079884648674,0.00079884648674,0.0006825182013,0.0006825182013,0.0002083357320522957,0.0002083357320522957,0.00034432274779999997,0.00034432274779999997,0.003405703996,0.003405703996,0.003390513332,0.003390513332,0.0003744122681446574,0.0003744122681446574,0.0002851539809999998,0.0002851539809999998,0.5817554597199999,0.5817554597199999,0.5853408265,0.5853408265,0.02247888106348166,0.02247888106348166,0.03554773659999999,0.03554773659999999,0.17369034587999996,0.17369034587999996,0.1354161203,0.1354161203,0.06595256072444994,0.06595256072444994,0.049578532499999994,0.049578532499999994
graphmvp_gin,freesolv,scaffold,0,historical,molecule_model.gnns.0.mlp.0,gin_mlp_in,0,dumped/n4_full_ft_splits/freesolv_scaffold_seed0.json,32,regression,600,300,5,True,0.76060198536,0.76060198536,0.8511844277,0.8511844277,0.18946286588094416,0.18946286588094416,0.2907544971,0.2907544971,7.7567460336,7.7567460336,7.687180268,7.687180268,0.4546556119703574,0.4546556119703574,0.34884451199999944,0.34884451199999944,0.025855820112,0.025855820112,0.025623934226666666,0.025623934226666666,0.0015155187065678574,0.0015155187065678574,0.0011628150399999974,0.0011628150399999974,2.5053699944,2.5053699944,2.656799826,2.656799826,0.3654919382676143,0.3654919382676143,0.5774749429999999,0.5774749429999999,0.91021046624,0.91021046624,0.9188924495,0.9188924495,0.01983077856566705,0.01983077856566705,0.02365497400000005,0.02365497400000005,0.9950766182799999,0.9950766182799999,0.9942192219,0.9942192219,0.0018818605008108181,0.0018818605008108181,0.0022120850999999275,0.0022120850999999275,1.0,1.0,1.0,1.0,0.0,0.0,0.0,0.0,2.0468937092,2.0468937092,2.039554041,2.039554041,0.05737115867526342,0.05737115867526342,0.04566767199999999,0.04566767199999999,0.3588660188734455,0.3588660188734455,0.3575792117007294,0.3575792117007294,0.01005844085572732,0.01005844085572732,0.008006559191714724,0.008006559191714724,0.08970562103400001,0.08970562103400001,0.07743344794,0.07743344794,0.04996524520230001,0.04996524520230001,0.03467482009,0.03467482009,0.2720549469,0.2720549469,0.2677042623,0.2677042623,0.041705877635847134,0.041705877635847134,0.07048286540000004,0.07048286540000004,0.48942140636,0.48942140636,0.47972253,0.47972253,0.03957505170567811,0.03957505170567811,0.06432316560000007,0.06432316560000007,0.023626471842,0.023626471842,0.02268420735,0.02268420735,0.007441239036929977,0.007441239036929977,0.011803224849999999,0.011803224849999999,0.0019803285365999996,0.0019803285365999996,0.001372433035,0.001372433035,0.0014104856574023445,0.0014104856574023445,0.0005822546090000001,0.0005822546090000001
graphmvp_gin,freesolv,scaffold,0,historical,molecule_model.gnns.1.mlp.0,gin_mlp_in,1,dumped/n4_full_ft_splits/freesolv_scaffold_seed0.json,32,regression,600,300,5,True,0.76060198536,0.76060198536,0.8511844277,0.8511844277,0.18946286588094416,0.18946286588094416,0.2907544971,0.2907544971,15.123821968000001,15.123821968000001,15.44231307,15.44231307,0.5414901489013149,0.5414901489013149,0.94688835,0.94688835,0.050412739893333336,0.050412739893333336,0.0514743769,0.0514743769,0.0018049671630043828,0.0018049671630043828,0.0031562944999999967,0.0031562944999999967,2.811103997,2.811103997,2.716758016,2.716758016,0.5752255573555592,0.5752255573555592,0.17951899500000001,0.17951899500000001,0.82359152572,0.82359152572,0.8363455203,0.8363455203,0.030498769503449232,0.030498769503449232,0.06221731070000003,0.06221731070000003,0.9647556954799998,0.9647556954799998,0.9686542217,0.9686542217,0.008107796810220376,0.008107796810220376,0.016862735200000034,0.016862735200000034,0.99644372442,0.99644372442,0.9965797284,0.9965797284,0.00045693358118877763,0.00045693358118877763,0.00039765169999994576,0.00039765169999994576,2.7156241286000005,2.7156241286000005,2.737111344,2.737111344,0.036054832572199665,0.036054832572199665,0.06297670199999983,0.06297670199999983,0.4761093433465283,0.4761093433465283,0.4798765303834595,0.4798765303834595,0.006321214515526017,0.006321214515526017,0.011041217346528576,0.011041217346528576,0.03288662546,0.03288662546,0.03528163739,0.03528163739,0.010431104708583274,0.010431104708583274,0.009494071530000002,0.009494071530000002,0.09453503223200001,0.09453503223200001,0.09758861231,0.09758861231,0.017408809075518394,0.017408809075518394,0.004014691969999998,0.004014691969999998,0.24622146494000002,0.24622146494000002,0.2438096302,0.2438096302,0.028810244033088434,0.028810244033088434,0.037482588600000005,0.037482588600000005,0.08256347126400002,0.08256347126400002,0.08240234955,0.08240234955,0.015008861486946827,0.015008861486946827,0.02190349975,0.02190349975,0.0066755867092,0.0066755867092,0.005239902064,0.005239902064,0.0038097696996014685,0.0038097696996014685,0.0008355719039999992,0.0008355719039999992
graphmvp_gin,freesolv,scaffold,0,historical,molecule_model.gnns.2.mlp.0,gin_mlp_in,2,dumped/n4_full_ft_splits/freesolv_scaffold_seed0.json,32,regression,600,300,5,True,0.76060198536,0.76060198536,0.8511844277,0.8511844277,0.18946286588094416,0.18946286588094416,0.2907544971,0.2907544971,21.664114681999997,21.664114681999997,21.48583383,21.48583383,0.9212791063652418,0.9212791063652418,1.2494675200000032,1.2494675200000032,0.07221371560666666,0.07221371560666666,0.0716194461,0.0716194461,0.0030709303545508057,0.0030709303545508057,0.004164891733333342,0.004164891733333342,2.6817583514,2.6817583514,2.728172233,2.728172233,0.4721324942953979,0.4721324942953979,0.742959715,0.742959715,0.78889963614,0.78889963614,0.7888439668,0.7888439668,0.024290494982454905,0.024290494982454905,0.02561778960000005,0.02561778960000005,0.94234202366,0.94234202366,0.9483726165,0.9483726165,0.013557286557222423,0.013557286557222423,0.007998822900000091,0.007998822900000091,0.9900453196600001,0.9900453196600001,0.990204078,0.990204078,0.002173279257049608,0.002173279257049608,0.0013649930000000365,0.0013649930000000365,3.0747624154,3.0747624154,3.067393826,3.067393826,0.04219326990144711,0.04219326990144711,0.05795687700000007,0.05795687700000007,0.5390742772997025,0.5390742772997025,0.5377823995970129,0.5377823995970129,0.00739741918436158,0.00739741918436158,0.010161130312651645,0.010161130312651645,0.020376383932600002,0.020376383932600002,0.02017742518,0.02017742518,0.010527937449489353,0.010527937449489353,0.017076441659999997,0.017076441659999997,0.05391256404,0.05391256404,0.05848136564,0.05848136564,0.022050661798630505,0.022050661798630505,0.014384815620000005,0.014384815620000005,0.14268377632,0.14268377632,0.1488353092,0.1488353092,0.024949096209723957,0.024949096209723957,0.011468565399999991,0.011468565399999991,0.13394223168000002,0.13394223168000002,0.1298466377,0.1298466377,0.019929855903352816,0.019929855903352816,0.026199360800000016,0.026199360800000016,0.0102547416464,0.0102547416464,0.009552676231,0.009552676231,0.0038950521888587836,0.0038950521888587836,0.0004576062780000008,0.0004576062780000008
graphmvp_gin,freesolv,scaffold,0,historical,molecule_model.gnns.3.mlp.0,gin_mlp_in,3,dumped/n4_full_ft_splits/freesolv_scaffold_seed0.json,32,regression,600,300,5,True,0.76060198536,0.76060198536,0.8511844277,0.8511844277,0.18946286588094416,0.18946286588094416,0.2907544971,0.2907544971,24.621319722000003,24.621319722000003,24.66223357,24.66223357,0.37746546102181255,0.37746546102181255,0.4726393399999971,0.4726393399999971,0.08207106574,0.08207106574,0.08220744523333334,0.08220744523333334,0.0012582182034060402,0.0012582182034060402,0.0015754644666666484,0.0015754644666666484,2.6702387908,2.6702387908,2.771880206,2.771880206,0.23750931555173654,0.23750931555173654,0.18289101899999993,0.18289101899999993,0.77240368088,0.77240368088,0.7779221346,0.7779221346,0.008026462110264239,0.008026462110264239,0.01244745589999996,0.01244745589999996,0.9259491928799999,0.9259491928799999,0.9228094951,0.9228094951,0.010516625178675769,0.010516625178675769,0.01370476240000007,0.01370476240000007,0.9856465421799999,0.9856465421799999,0.9858405665,0.9858405665,0.0013881368591493698,0.0013881368591493698,0.0012164572999999734,0.0012164572999999734,3.2034946548,3.2034946548,3.205273068,3.205273068,0.015384781809001232,0.015384781809001232,0.01915203299999968,0.01915203299999968,0.5616439036786887,0.5616439036786887,0.5619556990895239,0.5619556990895239,0.0026972946246391636,0.0026972946246391636,0.0033577775949729105,0.0033577775949729105,0.010589840811800002,0.010589840811800002,0.008463375384,0.008463375384,0.005431031783273473,0.005431031783273473,0.0056539399940000006,0.0056539399940000006,0.04855157272999999,0.04855157272999999,0.0501210162,0.0501210162,0.007014348499800068,0.007014348499800068,0.0060190947900000055,0.0060190947900000055,0.11971399847799999,0.11971399847799999,0.120622254,0.120622254,0.01641407414837662,0.01641407414837662,0.023935801499999992,0.023935801499999992,0.16175037244,0.16175037244,0.1682993806,0.1682993806,0.016198760223330146,0.016198760223330146,0.021886372799999998,0.021886372799999998,0.0120520798502,0.0120520798502,0.01096817199,0.01096817199,0.0034135299107186387,0.0034135299107186387,0.003434881572,0.003434881572
graphmvp_gin,freesolv,scaffold,0,historical,molecule_model.gnns.4.mlp.0,gin_mlp_in,4,dumped/n4_full_ft_splits/freesolv_scaffold_seed0.json,32,regression,600,300,5,True,0.76060198536,0.76060198536,0.8511844277,0.8511844277,0.18946286588094416,0.18946286588094416,0.2907544971,0.2907544971,17.661552608,17.661552608,17.25816099,17.25816099,0.7609227931977048,0.7609227931977048,1.4876360599999998,1.4876360599999998,0.05887184202666666,0.05887184202666666,0.0575272033,0.0575272033,0.002536409310659015,0.002536409310659015,0.004958786866666662,0.004958786866666662,1.4524590098,1.4524590098,1.442881927,1.442881927,0.06927953353946267,0.06927953353946267,0.05637771399999991,0.05637771399999991,0.90937662936,0.90937662936,0.9094407156,0.9094407156,0.011022757922299417,0.011022757922299417,0.020013608799999916,0.020013608799999916,0.9716827457800001,0.9716827457800001,0.9726997791,0.9726997791,0.003544634607611466,0.003544634607611466,0.005923662199999957,0.005923662199999957,0.99462549688,0.99462549688,0.9943965086,0.9943965086,0.0005946824909521304,0.0005946824909521304,0.000588360199999971,0.000588360199999971,2.8704701326,2.8704701326,2.848285132,2.848285132,0.04279795161053325,0.04279795161053325,0.08381481300000004,0.08381481300000004,0.5032572937966082,0.5032572937966082,0.4993677694855785,0.4993677694855785,0.007503433344574199,0.007503433344574199,0.014694601936945717,0.014694601936945717,0.0153928597808,0.0153928597808,0.01720956072,0.01720956072,0.004248671265733835,0.004248671265733835,0.0027170626800000017,0.0027170626800000017,0.026690123775999997,0.026690123775999997,0.02793415602,0.02793415602,0.0053033400640499564,0.0053033400640499564,0.009714577079999998,0.009714577079999998,0.07386721198400001,0.07386721198400001,0.07949100887,0.07949100887,0.010601451929805347,0.010601451929805347,0.004174101309999997,0.004174101309999997,0.5981174528,0.5981174528,0.5925429358,0.5925429358,0.03236016450796264,0.03236016450796264,0.038269069000000044,0.038269069000000044,0.045766457168,0.045766457168,0.03710647672,0.03710647672,0.017356285724707012,0.017356285724707012,0.013485942029999996,0.013485942029999996
graphmvp_gin,freesolv,scaffold,1,expanded,molecule_model.gnns.0.mlp.0,gin_mlp_in,0,dumped/n4_full_ft_splits/freesolv_scaffold_seed1.json,32,regression,600,300,5,True,0.5881492018800001,0.5881492018800001,0.5794459581,0.5794459581,0.144361623483978,0.144361623483978,0.26431113480000007,0.26431113480000007,7.0978064432,7.0978064432,7.151908721,7.151908721,0.8538869904783258,0.8538869904783258,0.3924604139999994,0.3924604139999994,0.02365935481066667,0.02365935481066667,0.023839695736666666,0.023839695736666666,0.0028462899682610864,0.0028462899682610864,0.0013082013799999986,0.0013082013799999986,2.1108532585999997,2.1108532585999997,2.109019436,2.109019436,0.5051556054245777,0.5051556054245777,0.701286131,0.701286131,0.94484175058,0.94484175058,0.9532985909,0.9532985909,0.02461574431418151,0.02461574431418151,0.02085166100000002,0.02085166100000002,0.99604995352,0.99604995352,0.9965653261,0.9965653261,0.0026214318743702563,0.0026214318743702563,0.0021148984999999065,0.0021148984999999065,1.0,1.0,1.0,1.0,0.0,0.0,0.0,0.0,1.9525593258,1.9525593258,1.967379275,1.967379275,0.12030483406790936,0.12030483406790936,0.05607145299999994,0.05607145299999994,0.3423271021424589,0.3423271021424589,0.3449253690409337,0.3449253690409337,0.02109211468047102,0.02109211468047102,0.00983057352715394,0.00983057352715394,0.08799894054799999,0.08799894054799999,0.09037662095,0.09037662095,0.05175577318767075,0.05175577318767075,0.10626968510000001,0.10626968510000001,0.23528761549999996,0.23528761549999996,0.2682471847,0.2682471847,0.07436818709234365,0.07436818709234365,0.06683030659999997,0.06683030659999997,0.49179309894,0.49179309894,0.5089003584,0.5089003584,0.06121810247860145,0.06121810247860145,0.08524931039999994,0.08524931039999994,0.0137215596632,0.0137215596632,0.009976465511,0.009976465511,0.011837536855699937,0.011837536855699937,0.005231056724000001,0.005231056724000001,0.005542003829199999,0.005542003829199999,0.001825324143,0.001825324143,0.007436075976670393,0.007436075976670393,0.0005068174799999999,0.0005068174799999999
graphmvp_gin,freesolv,scaffold,1,expanded,molecule_model.gnns.0.mlp.2,gin_mlp_out,0,dumped/n4_full_ft_splits/freesolv_scaffold_seed1.json,32,regression,300,600,5,True,0.5881492018800001,0.5881492018800001,0.5794459581,0.5794459581,0.144361623483978,0.144361623483978,0.26431113480000007,0.26431113480000007,12.445214572000001,12.445214572000001,12.1500823,12.1500823,1.3527444781404343,1.3527444781404343,1.9982796599999997,1.9982796599999997,0.041484048573333335,0.041484048573333335,0.04050027433333333,0.04050027433333333,0.004509148260468113,0.004509148260468113,0.006660932199999997,0.006660932199999997,2.093866798,2.093866798,2.071336318,2.071336318,0.3414560543674479,0.3414560543674479,0.20549359899999975,0.20549359899999975,0.9089888928800001,0.9089888928800001,0.9243083215,0.9243083215,0.02653632861581005,0.02653632861581005,0.045670935199999985,0.045670935199999985,0.9823177470600001,0.9823177470600001,0.98148161,0.98148161,0.005760927396075131,0.005760927396075131,0.011212657899999923,0.011212657899999923,0.99789825962,0.99789825962,0.9980994272,0.9980994272,0.0008758015793934665,0.0008758015793934665,0.0011266543000000295,0.0011266543000000295,2.5154264187999997,2.5154264187999997,2.497335944,2.497335944,0.10874133061240333,0.10874133061240333,0.15960411899999993,0.15960411899999993,0.4410102296111177,0.4410102296111177,0.4378385667925614,0.4378385667925614,0.01906477519007381,0.01906477519007381,0.02798215389685249,0.02798215389685249,0.041095416052,0.041095416052,0.04807136849,0.04807136849,0.011326127603162622,0.011326127603162622,0.019131773440000003,0.019131773440000003,0.11948212294,0.11948212294,0.117230672,0.117230672,0.009323454468408534,0.009323454468408534,0.009166815599999989,0.009166815599999989,0.2560785927,0.2560785927,0.2527341527,0.2527341527,0.025931004499299304,0.025931004499299304,0.01479646779999999,0.01479646779999999,0.025572224578000003,0.025572224578000003,0.0228130743,0.0228130743,0.01252515326830692,0.01252515326830692,0.0029471865999999985,0.0029471865999999985,0.0093043508014,0.0093043508014,0.004253339022,0.004253339022,0.00894849513256163,0.00894849513256163,0.003931766375999999,0.003931766375999999
graphmvp_gin,freesolv,scaffold,1,expanded,molecule_model.gnns.1.mlp.0,gin_mlp_in,1,dumped/n4_full_ft_splits/freesolv_scaffold_seed1.json,32,regression,600,300,5,True,0.5881492018800001,0.5881492018800001,0.5794459581,0.5794459581,0.144361623483978,0.144361623483978,0.26431113480000007,0.26431113480000007,14.154274084000003,14.154274084000003,14.75983353,14.75983353,1.172754666158084,1.172754666158084,1.3627195800000003,1.3627195800000003,0.04718091361333333,0.04718091361333333,0.0491994451,0.0491994451,0.003909182220526949,0.003909182220526949,0.004542398599999997,0.004542398599999997,2.25741916,2.25741916,2.07691416,2.07691416,0.704364170845323,0.704364170845323,0.40621288899999985,0.40621288899999985,0.8553715574000001,0.8553715574000001,0.8432692472,0.8432692472,0.049357042354838544,0.049357042354838544,0.07833278030000002,0.07833278030000002,0.97043302904,0.97043302904,0.9714028897,0.9714028897,0.010318659826030833,0.010318659826030833,0.012327475600000026,0.012327475600000026,0.9972393922,0.9972393922,0.9971468042,0.9971468042,0.0007986499784500483,0.0007986499784500483,0.0010270583999999472,0.0010270583999999472,2.6464619712,2.6464619712,2.691909541,2.691909541,0.08506216406317667,0.08506216406317667,0.09663602999999998,0.09663602999999998,0.46398367801701923,0.46398367801701923,0.4719516483949112,0.4719516483949112,0.01491329033691873,0.01491329033691873,0.016942446600897887,0.016942446600897887,0.029977496922000003,0.029977496922000003,0.03046204079,0.03046204079,0.009387643639082486,0.009387643639082486,0.01403178431,0.01403178431,0.081031613066,0.081031613066,0.08363593553,0.08363593553,0.014386017282080535,0.014386017282080535,0.014974253270000001,0.014974253270000001,0.24840022118,0.24840022118,0.229084053,0.229084053,0.05059714516928184,0.05059714516928184,0.009001735999999982,0.009001735999999982,0.033830404382,0.033830404382,0.03087138754,0.03087138754,0.012897662924741163,0.012897662924741163,0.007221314479999998,0.007221314479999998,0.0123437217908,0.0123437217908,0.008621219546,0.008621219546,0.010314162624737038,0.010314162624737038,0.005809432361999999,0.005809432361999999
graphmvp_gin,freesolv,scaffold,1,expanded,molecule_model.gnns.1.mlp.2,gin_mlp_out,1,dumped/n4_full_ft_splits/freesolv_scaffold_seed1.json,32,regression,300,600,5,True,0.5881492018800001,0.5881492018800001,0.5794459581,0.5794459581,0.144361623483978,0.144361623483978,0.26431113480000007,0.26431113480000007,20.520177875999998,20.520177875999998,21.97811847,21.97811847,2.659944856465925,2.659944856465925,2.8397033500000006,2.8397033500000006,0.06840059292,0.06840059292,0.0732603949,0.0732603949,0.008866482854886419,0.008866482854886419,0.009465677833333339,0.009465677833333339,1.9814175196000001,1.9814175196000001,2.040307028,2.040307028,0.22421746263069486,0.22421746263069486,0.23212142300000016,0.23212142300000016,0.8669313630800002,0.8669313630800002,0.8768633488,0.8768633488,0.045537513458363585,0.045537513458363585,0.02114642599999994,0.02114642599999994,0.95722369872,0.95722369872,0.9580435831,0.9580435831,0.016222279129459866,0.016222279129459866,0.004345289500000016,0.004345289500000016,0.9915322200000001,0.9915322200000001,0.9905063419,0.9905063419,0.003091451541476426,0.003091451541476426,0.003069534400000018,0.003069534400000018,3.012324016,3.012324016,3.090047343,3.090047343,0.13747164686802785,0.13747164686802785,0.13788794999999965,0.13788794999999965,0.5281274363783605,0.5281274363783605,0.5417540652593443,0.5417540652593443,0.024101838995238697,0.024101838995238697,0.02417482619869915,0.02417482619869915,0.010843014219600001,0.010843014219600001,0.008430603745,0.008430603745,0.005026090983247222,0.005026090983247222,0.002920635227,0.002920635227,0.041127712969999994,0.041127712969999994,0.03701359277,0.03701359277,0.014169338222448459,0.014169338222448459,0.017319357520000002,0.017319357520000002,0.118538298834,0.118538298834,0.1191465354,0.1191465354,0.022801930120474358,0.022801930120474358,0.019988111409999995,0.019988111409999995,0.071055808486,0.071055808486,0.05514734216,0.05514734216,0.034067437663578115,0.034067437663578115,0.0018966652000000014,0.0018966652000000014,0.027016565389999997,0.027016565389999997,0.01764760166,0.01764760166,0.02558458409460349,0.02558458409460349,0.012120149099999998,0.012120149099999998
graphmvp_gin,freesolv,scaffold,1,expanded,molecule_model.gnns.2.mlp.0,gin_mlp_in,2,dumped/n4_full_ft_splits/freesolv_scaffold_seed1.json,32,regression,600,300,5,True,0.5881492018800001,0.5881492018800001,0.5794459581,0.5794459581,0.144361623483978,0.144361623483978,0.26431113480000007,0.26431113480000007,19.705701298,19.705701298,19.26776404,19.26776404,1.9365921025752066,1.9365921025752066,3.1826330600000006,3.1826330600000006,0.06568567099333333,0.06568567099333333,0.06422588013333333,0.06422588013333333,0.006455307008584025,0.006455307008584025,0.010608776866666676,0.010608776866666676,1.9999021063999998,1.9999021063999998,2.039373015,2.039373015,0.37051436034897656,0.37051436034897656,0.7122830610000002,0.7122830610000002,0.8504716527600001,0.8504716527600001,0.8500219688,0.8500219688,0.044366520095606536,0.044366520095606536,0.08634592340000002,0.08634592340000002,0.9521348683400002,0.9521348683400002,0.955016355,0.955016355,0.014337720525632135,0.014337720525632135,0.024117880200000053,0.024117880200000053,0.9920751534999999,0.9920751534999999,0.9927664891,0.9927664891,0.0027495498929019954,0.0027495498929019954,0.004081116500000093,0.004081116500000093,2.9760134446,2.9760134446,2.958433443,2.958433443,0.09928125490359756,0.09928125490359756,0.15780643900000024,0.15780643900000024,0.5217613851550995,0.5217613851550995,0.5186792196485932,0.5186792196485932,0.017406213393434476,0.017406213393434476,0.027666980587213286,0.027666980587213286,0.018950462108000003,0.018950462108000003,0.01880119217,0.01880119217,0.006527028597243131,0.006527028597243131,0.007105343750000001,0.007105343750000001,0.048445306866,0.048445306866,0.0511004478,0.0511004478,0.009176854921490315,0.009176854921490315,0.016909355349999995,0.016909355349999995,0.13840272748,0.13840272748,0.1337426968,0.1337426968,0.01067599410513412,0.01067599410513412,0.01370826850000001,0.01370826850000001,0.047753660484,0.047753660484,0.04472360545,0.04472360545,0.010334306884097122,0.010334306884097122,0.01051932588,0.01051932588,0.016791902574800004,0.016791902574800004,0.0166269578,0.0166269578,0.011001845808544684,0.011001845808544684,0.010924998671,0.010924998671
graphmvp_gin,freesolv,scaffold,1,expanded,molecule_model.gnns.2.mlp.2,gin_mlp_out,2,dumped/n4_full_ft_splits/freesolv_scaffold_seed1.json,32,regression,300,600,5,True,0.5881492018800001,0.5881492018800001,0.5794459581,0.5794459581,0.144361623483978,0.144361623483978,0.26431113480000007,0.26431113480000007,26.412897952,26.412897952,25.12111377,25.12111377,2.395587006768284,2.395587006768284,3.7787892700000008,3.7787892700000008,0.08804299317333333,0.08804299317333333,0.0837370459,0.0837370459,0.007985290022560947,0.007985290022560947,0.01259596423333334,0.01259596423333334,2.1993554692,2.1993554692,2.114691976,2.114691976,0.481586062843517,0.481586062843517,0.9682507849999997,0.9682507849999997,0.8306871540799999,0.8306871540799999,0.8422561482,0.8422561482,0.037710224056281265,0.037710224056281265,0.07396745399999993,0.07396745399999993,0.9339290658400001,0.9339290658400001,0.9437221601,0.9437221601,0.016846061517835853,0.016846061517835853,0.0330044733,0.0330044733,0.98442333378,0.98442333378,0.9868203105,0.9868203105,0.00437962219919759,0.00437962219919759,0.007931941599999992,0.007931941599999992,3.2698253800000003,3.2698253800000003,3.223708679,3.223708679,0.0892597550966648,0.0892597550966648,0.14253923700000026,0.14253923700000026,0.5732731559327375,0.5732731559327375,0.5651878719646143,0.5651878719646143,0.015649221458440186,0.015649221458440186,0.024990300319717607,0.024990300319717607,0.010934884878200001,0.010934884878200001,0.01063120843,0.01063120843,0.003753923600894278,0.003753923600894278,0.005381066794,0.005381066794,0.032135805704,0.032135805704,0.03335693231,0.03335693231,0.005424554261127697,0.005424554261127697,0.010174825379999999,0.010174825379999999,0.092182427936,0.092182427936,0.08532779197,0.08532779197,0.01387070778599466,0.01387070778599466,0.02726412415,0.02726412415,0.04473827324,0.04473827324,0.04631172781,0.04631172781,0.007629314768508911,0.007629314768508911,0.011295673939999994,0.011295673939999994,0.014917115122999999,0.014917115122999999,0.01518173516,0.01518173516,0.0077435240068411725,0.0077435240068411725,0.012877138336,0.012877138336
graphmvp_gin,freesolv,scaffold,1,expanded,molecule_model.gnns.3.mlp.0,gin_mlp_in,3,dumped/n4_full_ft_splits/freesolv_scaffold_seed1.json,32,regression,600,300,5,True,0.5881492018800001,0.5881492018800001,0.5794459581,0.5794459581,0.144361623483978,0.144361623483978,0.26431113480000007,0.26431113480000007,23.613562539999997,23.613562539999997,22.90956063,22.90956063,1.5376320764987992,1.5376320764987992,2.1797295400000003,2.1797295400000003,0.07871187513333333,0.07871187513333333,0.0763652021,0.0763652021,0.005125440254995998,0.005125440254995998,0.007265765133333338,0.007265765133333338,2.4701118364,2.4701118364,2.802681086,2.802681086,0.4994443688324437,0.4994443688324437,0.7711560319999999,0.7711560319999999,0.7946075105,0.7946075105,0.7916966471,0.7916966471,0.052437276175119306,0.052437276175119306,0.046369467100000006,0.046369467100000006,0.93217117938,0.93217117938,0.9333651165,0.9333651165,0.014746618555812269,0.014746618555812269,0.00556234500000008,0.00556234500000008,0.9863472653399998,0.9863472653399998,0.9884091151,0.9884091151,0.0032443243610915393,0.0032443243610915393,0.0037436522999999555,0.0037436522999999555,3.1597305518,3.1597305518,3.131554318,3.131554318,0.06443745770950281,0.06443745770950281,0.09201400400000015,0.09201400400000015,0.553971082494771,0.553971082494771,0.5490311616746493,0.5490311616746493,0.011297320330117759,0.011297320330117759,0.016132102584355046,0.016132102584355046,0.0108305858426,0.0108305858426,0.009769342054,0.009769342054,0.004754121501472008,0.004754121501472008,0.002526835675999999,0.002526835675999999,0.05664724570600001,0.05664724570600001,0.05599524963,0.05599524963,0.01834721582252182,0.01834721582252182,0.025574400930000005,0.025574400930000005,0.12702634039400001,0.12702634039400001,0.1217475645,0.1217475645,0.02549519195449988,0.02549519195449988,0.017525418500000015,0.017525418500000015,0.042333657268,0.042333657268,0.03883285674,0.03883285674,0.009122359406501433,0.009122359406501433,0.004309528549999997,0.004309528549999997,0.013719189260200002,0.013719189260200002,0.01468483359,0.01468483359,0.006304181463368043,0.006304181463368043,0.012695433572,0.012695433572
graphmvp_gin,freesolv,scaffold,1,expanded,molecule_model.gnns.3.mlp.2,gin_mlp_out,3,dumped/n4_full_ft_splits/freesolv_scaffold_seed1.json,32,regression,300,600,5,True,0.5881492018800001,0.5881492018800001,0.5794459581,0.5794459581,0.144361623483978,0.144361623483978,0.26431113480000007,0.26431113480000007,27.127804419999997,27.127804419999997,27.19006641,27.19006641,1.3596522178776587,1.3596522178776587,2.2168249099999997,2.2168249099999997,0.09042601473333332,0.09042601473333332,0.0906335547,0.0906335547,0.0045321740595921966,0.0045321740595921966,0.007389416366666665,0.007389416366666665,2.0997748184,2.0997748184,2.09290386,2.09290386,0.2213175226377706,0.2213175226377706,0.4411602400000001,0.4411602400000001,0.8097213814399999,0.8097213814399999,0.80306976,0.80306976,0.02835256909555115,0.02835256909555115,0.04158564890000005,0.04158564890000005,0.9240145696600001,0.9240145696600001,0.9338203904,0.9338203904,0.0126628197392719,0.0126628197392719,0.02193369590000005,0.02193369590000005,0.9825142981400001,0.9825142981400001,0.982580676,0.982580676,0.0027149627595635948,0.0027149627595635948,0.004233784500000004,0.004233784500000004,3.2992938502,3.2992938502,3.302851701,3.302851701,0.05039947990176051,0.05039947990176051,0.08143094299999998,0.08143094299999998,0.5784396345512575,0.5784396345512575,0.5790634049730449,0.5790634049730449,0.008836150418726898,0.008836150418726898,0.014276656475211813,0.014276656475211813,0.0076258963938,0.0076258963938,0.009084279728,0.009084279728,0.003477665596722615,0.003477665596722615,0.005484734059000001,0.005484734059000001,0.027194987894000006,0.027194987894000006,0.02524456793,0.02524456793,0.009579899226294536,0.009579899226294536,0.012254213319999999,0.012254213319999999,0.05778758797,0.05778758797,0.05536628922,0.05536628922,0.009764489998845941,0.009764489998845941,0.007860185149999997,0.007860185149999997,0.06234179168,0.06234179168,0.0609903688,0.0609903688,0.006408655855194667,0.006408655855194667,0.012423808170000009,0.012423808170000009,0.019840215334600002,0.019840215334600002,0.0229542926,0.0229542926,0.008103750763626726,0.008103750763626726,0.01344372798,0.01344372798
graphmvp_gin,freesolv,scaffold,1,expanded,molecule_model.gnns.4.mlp.0,gin_mlp_in,4,dumped/n4_full_ft_splits/freesolv_scaffold_seed1.json,32,regression,600,300,5,True,0.5881492018800001,0.5881492018800001,0.5794459581,0.5794459581,0.144361623483978,0.144361623483978,0.26431113480000007,0.26431113480000007,17.980242344,17.980242344,18.10409886,18.10409886,0.7069327601213172,0.7069327601213172,0.8086309699999994,0.8086309699999994,0.05993414114666666,0.05993414114666666,0.0603469962,0.0603469962,0.002356442533737726,0.002356442533737726,0.0026954365666666605,0.0026954365666666605,1.4812250858,1.4812250858,1.488453704,1.488453704,0.02605430011846551,0.02605430011846551,0.03463308500000006,0.03463308500000006,0.90694507756,0.90694507756,0.9051534723,0.9051534723,0.013308896499829536,0.013308896499829536,0.007986145700000002,0.007986145700000002,0.96903038606,0.96903038606,0.9687382025,0.9687382025,0.0029391491000156597,0.0029391491000156597,0.0029600451000000305,0.0029600451000000305,0.99397509598,0.99397509598,0.9936551389,0.9936551389,0.0008112927774922492,0.0008112927774922492,0.0013706868999999733,0.0013706868999999733,2.8884879668,2.8884879668,2.896138369,2.896138369,0.03979910661647997,0.03979910661647997,0.04469650799999991,0.04469650799999991,0.5064162211014376,0.5064162211014376,0.5077575068594401,0.5077575068594401,0.006977669080705756,0.006977669080705756,0.007836292530194022,0.007836292530194022,0.014813329834,0.014813329834,0.01444821626,0.01444821626,0.001678751482849862,0.001678751482849862,0.0019759942600000007,0.0019759942600000007,0.026544901484,0.026544901484,0.02455747668,0.02455747668,0.005212262755274486,0.005212262755274486,0.0072866688200000015,0.0072866688200000015,0.076410173492,0.076410173492,0.07481509163,0.07481509163,0.009718528539326832,0.009718528539326832,0.006106297750000003,0.006106297750000003,0.12873213406,0.12873213406,0.1313649666,0.1313649666,0.014094668028902068,0.014094668028902068,0.009441548800000005,0.009441548800000005,0.04108296334599999,0.04108296334599999,0.04539746046,0.04539746046,0.016915886422135575,0.016915886422135575,0.03424543142,0.03424543142
graphmvp_gin,freesolv,scaffold,1,expanded,molecule_model.gnns.4.mlp.2,gin_mlp_out,4,dumped/n4_full_ft_splits/freesolv_scaffold_seed1.json,32,regression,300,600,5,True,0.5881492018800001,0.5881492018800001,0.5794459581,0.5794459581,0.144361623483978,0.144361623483978,0.26431113480000007,0.26431113480000007,5.657124295000001,5.657124295000001,5.654333388,5.654333388,0.10228193922920496,0.10228193922920496,0.10523399199999961,0.10523399199999961,0.018857080983333337,0.018857080983333337,0.018847777960000003,0.018847777960000003,0.00034093979743068356,0.00034093979743068356,0.00035077997333333305,0.00035077997333333305,1.054342888,1.054342888,1.048822224,1.048822224,0.008503792507559766,0.008503792507559766,0.011648242000000142,0.011648242000000142,0.9932176468,0.9932176468,0.9929974284,0.9929974284,0.0006702190329399286,0.0006702190329399286,0.0007411319999999222,0.0007411319999999222,0.99785140688,0.99785140688,0.997810338,0.997810338,0.00013790212003803094,0.00013790212003803094,6.234319999998128e-05,6.234319999998128e-05,0.99970007784,0.99970007784,0.9997137032,0.9997137032,3.990403062361295e-05,3.990403062361295e-05,5.687949999999553e-05,5.687949999999553e-05,1.7327506289999999,1.7327506289999999,1.732422223,1.732422223,0.01821391492451431,0.01821391492451431,0.018462715999999935,0.018462715999999935,0.3037897459622954,0.3037897459622954,0.30373216908213574,0.30373216908213574,0.0031933046194248835,0.0031933046194248835,0.003236924984786116,0.003236924984786116,0.00021614213624,0.00021614213624,0.0001819655208,0.0001819655208,0.0001124663730194142,0.0001124663730194142,5.413202999999999e-05,5.413202999999999e-05,0.0009141472770799999,0.0009141472770799999,0.0009714358763,0.0009714358763,0.0001373845153478638,0.0001373845153478638,4.563035429999999e-05,4.563035429999999e-05,0.0034560547336000003,0.0034560547336000003,0.002823749994,0.002823749994,0.0011323416879143872,0.0011323416879143872,0.00102592283,0.00102592283,0.52992048616,0.52992048616,0.5477904137,0.5477904137,0.06700625143522461,0.06700625143522461,0.065191746,0.065191746,0.166843180372,0.166843180372,0.1785040498,0.1785040498,0.06519350935081496,0.06519350935081496,0.1197000444,0.1197000444
graphmvp_gin,freesolv,scaffold,1,historical,molecule_model.gnns.0.mlp.0,gin_mlp_in,0,dumped/n4_full_ft_splits/freesolv_scaffold_seed1.json,32,regression,600,300,5,True,0.5881492018800001,0.5881492018800001,0.5794459581,0.5794459581,0.144361623483978,0.144361623483978,0.26431113480000007,0.26431113480000007,7.0978064432,7.0978064432,7.151908721,7.151908721,0.8538869904783258,0.8538869904783258,0.3924604139999994,0.3924604139999994,0.02365935481066667,0.02365935481066667,0.023839695736666666,0.023839695736666666,0.0028462899682610864,0.0028462899682610864,0.0013082013799999986,0.0013082013799999986,2.1108532585999997,2.1108532585999997,2.109019436,2.109019436,0.5051556054245777,0.5051556054245777,0.701286131,0.701286131,0.94484175058,0.94484175058,0.9532985909,0.9532985909,0.02461574431418151,0.02461574431418151,0.02085166100000002,0.02085166100000002,0.99604995352,0.99604995352,0.9965653261,0.9965653261,0.0026214318743702563,0.0026214318743702563,0.0021148984999999065,0.0021148984999999065,1.0,1.0,1.0,1.0,0.0,0.0,0.0,0.0,1.9525593258,1.9525593258,1.967379275,1.967379275,0.12030483406790936,0.12030483406790936,0.05607145299999994,0.05607145299999994,0.3423271021424589,0.3423271021424589,0.3449253690409337,0.3449253690409337,0.02109211468047102,0.02109211468047102,0.00983057352715394,0.00983057352715394,0.08799894054799999,0.08799894054799999,0.09037662095,0.09037662095,0.05175577318767075,0.05175577318767075,0.10626968510000001,0.10626968510000001,0.23528761549999996,0.23528761549999996,0.2682471847,0.2682471847,0.07436818709234365,0.07436818709234365,0.06683030659999997,0.06683030659999997,0.49179309894,0.49179309894,0.5089003584,0.5089003584,0.06121810247860145,0.06121810247860145,0.08524931039999994,0.08524931039999994,0.049287979461999996,0.049287979461999996,0.04076733264,0.04076733264,0.038042589979462006,0.038042589979462006,0.022491638039999998,0.022491638039999998,0.005542003829199999,0.005542003829199999,0.001825324143,0.001825324143,0.007436075976670393,0.007436075976670393,0.0005068174799999999,0.0005068174799999999
graphmvp_gin,freesolv,scaffold,1,historical,molecule_model.gnns.1.mlp.0,gin_mlp_in,1,dumped/n4_full_ft_splits/freesolv_scaffold_seed1.json,32,regression,600,300,5,True,0.5881492018800001,0.5881492018800001,0.5794459581,0.5794459581,0.144361623483978,0.144361623483978,0.26431113480000007,0.26431113480000007,14.154274084000003,14.154274084000003,14.75983353,14.75983353,1.172754666158084,1.172754666158084,1.3627195800000003,1.3627195800000003,0.04718091361333333,0.04718091361333333,0.0491994451,0.0491994451,0.003909182220526949,0.003909182220526949,0.004542398599999997,0.004542398599999997,2.25741916,2.25741916,2.07691416,2.07691416,0.704364170845323,0.704364170845323,0.40621288899999985,0.40621288899999985,0.8553715574000001,0.8553715574000001,0.8432692472,0.8432692472,0.049357042354838544,0.049357042354838544,0.07833278030000002,0.07833278030000002,0.97043302904,0.97043302904,0.9714028897,0.9714028897,0.010318659826030833,0.010318659826030833,0.012327475600000026,0.012327475600000026,0.9972393922,0.9972393922,0.9971468042,0.9971468042,0.0007986499784500483,0.0007986499784500483,0.0010270583999999472,0.0010270583999999472,2.6464619712,2.6464619712,2.691909541,2.691909541,0.08506216406317667,0.08506216406317667,0.09663602999999998,0.09663602999999998,0.46398367801701923,0.46398367801701923,0.4719516483949112,0.4719516483949112,0.01491329033691873,0.01491329033691873,0.016942446600897887,0.016942446600897887,0.029977496922000003,0.029977496922000003,0.03046204079,0.03046204079,0.009387643639082486,0.009387643639082486,0.01403178431,0.01403178431,0.081031613066,0.081031613066,0.08363593553,0.08363593553,0.014386017282080535,0.014386017282080535,0.014974253270000001,0.014974253270000001,0.24840022118,0.24840022118,0.229084053,0.229084053,0.05059714516928184,0.05059714516928184,0.009001735999999982,0.009001735999999982,0.12458474575,0.12458474575,0.1175704711,0.1175704711,0.03724207644647812,0.03724207644647812,0.025305809799999995,0.025305809799999995,0.0123437217908,0.0123437217908,0.008621219546,0.008621219546,0.010314162624737038,0.010314162624737038,0.005809432361999999,0.005809432361999999
graphmvp_gin,freesolv,scaffold,1,historical,molecule_model.gnns.2.mlp.0,gin_mlp_in,2,dumped/n4_full_ft_splits/freesolv_scaffold_seed1.json,32,regression,600,300,5,True,0.5881492018800001,0.5881492018800001,0.5794459581,0.5794459581,0.144361623483978,0.144361623483978,0.26431113480000007,0.26431113480000007,19.705701298,19.705701298,19.26776404,19.26776404,1.9365921025752066,1.9365921025752066,3.1826330600000006,3.1826330600000006,0.06568567099333333,0.06568567099333333,0.06422588013333333,0.06422588013333333,0.006455307008584025,0.006455307008584025,0.010608776866666676,0.010608776866666676,1.9999021063999998,1.9999021063999998,2.039373015,2.039373015,0.37051436034897656,0.37051436034897656,0.7122830610000002,0.7122830610000002,0.8504716527600001,0.8504716527600001,0.8500219688,0.8500219688,0.044366520095606536,0.044366520095606536,0.08634592340000002,0.08634592340000002,0.9521348683400002,0.9521348683400002,0.955016355,0.955016355,0.014337720525632135,0.014337720525632135,0.024117880200000053,0.024117880200000053,0.9920751534999999,0.9920751534999999,0.9927664891,0.9927664891,0.0027495498929019954,0.0027495498929019954,0.004081116500000093,0.004081116500000093,2.9760134446,2.9760134446,2.958433443,2.958433443,0.09928125490359756,0.09928125490359756,0.15780643900000024,0.15780643900000024,0.5217613851550995,0.5217613851550995,0.5186792196485932,0.5186792196485932,0.017406213393434476,0.017406213393434476,0.027666980587213286,0.027666980587213286,0.018950462108000003,0.018950462108000003,0.01880119217,0.01880119217,0.006527028597243131,0.006527028597243131,0.007105343750000001,0.007105343750000001,0.048445306866,0.048445306866,0.0511004478,0.0511004478,0.009176854921490315,0.009176854921490315,0.016909355349999995,0.016909355349999995,0.13840272748,0.13840272748,0.1337426968,0.1337426968,0.01067599410513412,0.01067599410513412,0.01370826850000001,0.01370826850000001,0.1774631145,0.1774631145,0.1739125864,0.1739125864,0.02355270224566219,0.02355270224566219,0.017007083000000006,0.017007083000000006,0.016791902574800004,0.016791902574800004,0.0166269578,0.0166269578,0.011001845808544684,0.011001845808544684,0.010924998671,0.010924998671
graphmvp_gin,freesolv,scaffold,1,historical,molecule_model.gnns.3.mlp.0,gin_mlp_in,3,dumped/n4_full_ft_splits/freesolv_scaffold_seed1.json,32,regression,600,300,5,True,0.5881492018800001,0.5881492018800001,0.5794459581,0.5794459581,0.144361623483978,0.144361623483978,0.26431113480000007,0.26431113480000007,23.613562539999997,23.613562539999997,22.90956063,22.90956063,1.5376320764987992,1.5376320764987992,2.1797295400000003,2.1797295400000003,0.07871187513333333,0.07871187513333333,0.0763652021,0.0763652021,0.005125440254995998,0.005125440254995998,0.007265765133333338,0.007265765133333338,2.4701118364,2.4701118364,2.802681086,2.802681086,0.4994443688324437,0.4994443688324437,0.7711560319999999,0.7711560319999999,0.7946075105,0.7946075105,0.7916966471,0.7916966471,0.052437276175119306,0.052437276175119306,0.046369467100000006,0.046369467100000006,0.93217117938,0.93217117938,0.9333651165,0.9333651165,0.014746618555812269,0.014746618555812269,0.00556234500000008,0.00556234500000008,0.9863472653399998,0.9863472653399998,0.9884091151,0.9884091151,0.0032443243610915393,0.0032443243610915393,0.0037436522999999555,0.0037436522999999555,3.1597305518,3.1597305518,3.131554318,3.131554318,0.06443745770950281,0.06443745770950281,0.09201400400000015,0.09201400400000015,0.553971082494771,0.553971082494771,0.5490311616746493,0.5490311616746493,0.011297320330117759,0.011297320330117759,0.016132102584355046,0.016132102584355046,0.0108305858426,0.0108305858426,0.009769342054,0.009769342054,0.004754121501472008,0.004754121501472008,0.002526835675999999,0.002526835675999999,0.05664724570600001,0.05664724570600001,0.05599524963,0.05599524963,0.01834721582252182,0.01834721582252182,0.025574400930000005,0.025574400930000005,0.12702634039400001,0.12702634039400001,0.1217475645,0.1217475645,0.02549519195449988,0.02549519195449988,0.017525418500000015,0.017525418500000015,0.15913136338,0.15913136338,0.1510057717,0.1510057717,0.030909008801522947,0.030909008801522947,0.021275524399999995,0.021275524399999995,0.013719189260200002,0.013719189260200002,0.01468483359,0.01468483359,0.006304181463368043,0.006304181463368043,0.012695433572,0.012695433572
graphmvp_gin,freesolv,scaffold,1,historical,molecule_model.gnns.4.mlp.0,gin_mlp_in,4,dumped/n4_full_ft_splits/freesolv_scaffold_seed1.json,32,regression,600,300,5,True,0.5881492018800001,0.5881492018800001,0.5794459581,0.5794459581,0.144361623483978,0.144361623483978,0.26431113480000007,0.26431113480000007,17.980242344,17.980242344,18.10409886,18.10409886,0.7069327601213172,0.7069327601213172,0.8086309699999994,0.8086309699999994,0.05993414114666666,0.05993414114666666,0.0603469962,0.0603469962,0.002356442533737726,0.002356442533737726,0.0026954365666666605,0.0026954365666666605,1.4812250858,1.4812250858,1.488453704,1.488453704,0.02605430011846551,0.02605430011846551,0.03463308500000006,0.03463308500000006,0.90694507756,0.90694507756,0.9051534723,0.9051534723,0.013308896499829536,0.013308896499829536,0.007986145700000002,0.007986145700000002,0.96903038606,0.96903038606,0.9687382025,0.9687382025,0.0029391491000156597,0.0029391491000156597,0.0029600451000000305,0.0029600451000000305,0.99397509598,0.99397509598,0.9936551389,0.9936551389,0.0008112927774922492,0.0008112927774922492,0.0013706868999999733,0.0013706868999999733,2.8884879668,2.8884879668,2.896138369,2.896138369,0.03979910661647997,0.03979910661647997,0.04469650799999991,0.04469650799999991,0.5064162211014376,0.5064162211014376,0.5077575068594401,0.5077575068594401,0.006977669080705756,0.006977669080705756,0.007836292530194022,0.007836292530194022,0.014813329834,0.014813329834,0.01444821626,0.01444821626,0.001678751482849862,0.001678751482849862,0.0019759942600000007,0.0019759942600000007,0.026544901484,0.026544901484,0.02455747668,0.02455747668,0.005212262755274486,0.005212262755274486,0.0072866688200000015,0.0072866688200000015,0.076410173492,0.076410173492,0.07481509163,0.07481509163,0.009718528539326832,0.009718528539326832,0.006106297750000003,0.006106297750000003,0.4895327969,0.4895327969,0.5178275086,0.5178275086,0.0828026090393911,0.0828026090393911,0.06365082179999998,0.06365082179999998,0.04108296334599999,0.04108296334599999,0.04539746046,0.04539746046,0.016915886422135575,0.016915886422135575,0.03424543142,0.03424543142
graphmvp_gin,freesolv,scaffold,2,expanded,molecule_model.gnns.0.mlp.0,gin_mlp_in,0,dumped/n4_full_ft_splits/freesolv_scaffold_seed2.json,32,regression,600,300,5,True,1.04073152524,1.04073152524,1.060443401,1.060443401,0.15883889883421953,0.15883889883421953,0.10513770499999997,0.10513770499999997,7.0726207178,7.0726207178,6.853887138,6.853887138,0.747534710172231,0.747534710172231,1.0432880009999996,1.0432880009999996,0.023575402392666665,0.023575402392666665,0.02284629046,0.02284629046,0.00249178236724077,0.00249178236724077,0.0034776266699999975,0.0034776266699999975,2.0531623810000004,2.0531623810000004,2.072138406,2.072138406,0.49584111446039714,0.49584111446039714,0.8607916460000002,0.8607916460000002,0.93912708108,0.93912708108,0.9460273615,0.9460273615,0.027738766333608184,0.027738766333608184,0.027933868400000006,0.027933868400000006,0.9965582733,0.9965582733,0.9980293146,0.9980293146,0.0026839048381072416,0.0026839048381072416,0.0031455903999999535,0.0031455903999999535,1.0,1.0,1.0,1.0,0.0,0.0,0.0,0.0,1.9504997812,1.9504997812,1.924815957,1.924815957,0.10777876379686228,0.10777876379686228,0.1425461669999999,0.1425461669999999,0.3419660181408947,0.3419660181408947,0.3374630721898313,0.3374630721898313,0.018896015806310833,0.018896015806310833,0.024991515302937972,0.024991515302937972,0.05230204297600001,0.05230204297600001,0.05504120916,0.05504120916,0.013180873462798365,0.013180873462798365,0.013542403100000003,0.013542403100000003,0.19550153720000002,0.19550153720000002,0.2050600123,0.2050600123,0.04742228825411829,0.04742228825411829,0.06713617629999999,0.06713617629999999,0.53828690068,0.53828690068,0.5430845889,0.5430845889,0.013917820618196661,0.013917820618196661,0.024316514899999975,0.024316514899999975,0.0082106681338,0.0082106681338,0.006145191958,0.006145191958,0.003986864190281935,0.003986864190281935,0.0038473671460000003,0.0038473671460000003,0.004072243021800001,0.004072243021800001,0.003098098096,0.003098098096,0.0020708283121420265,0.0020708283121420265,0.0027328773870000005,0.0027328773870000005
graphmvp_gin,freesolv,scaffold,2,expanded,molecule_model.gnns.0.mlp.2,gin_mlp_out,0,dumped/n4_full_ft_splits/freesolv_scaffold_seed2.json,32,regression,300,600,5,True,1.04073152524,1.04073152524,1.060443401,1.060443401,0.15883889883421953,0.15883889883421953,0.10513770499999997,0.10513770499999997,12.571020596,12.571020596,12.88036812,12.88036812,1.4813758622132358,1.4813758622132358,1.7560807699999987,1.7560807699999987,0.041903401986666665,0.041903401986666665,0.0429345604,0.0429345604,0.004937919540710786,0.004937919540710786,0.0058536025666666575,0.0058536025666666575,2.5276346796,2.5276346796,2.439407758,2.439407758,0.19730925614409053,0.19730925614409053,0.39466903600000025,0.39466903600000025,0.9029307144799998,0.9029307144799998,0.9007438054,0.9007438054,0.035808738013814005,0.035808738013814005,0.019828582599999978,0.019828582599999978,0.98229248538,0.98229248538,0.9795166329,0.9795166329,0.004987478737386838,0.004987478737386838,0.006820942399999974,0.006820942399999974,0.99801407248,0.99801407248,0.997645114,0.997645114,0.0008447102190221544,0.0008447102190221544,0.00142465759999999,0.00142465759999999,2.5240395226,2.5240395226,2.555704301,2.555704301,0.12307787366177511,0.12307787366177511,0.13758559700000017,0.13758559700000017,0.4425202983835982,0.4425202983835982,0.44807183870630457,0.44807183870630457,0.02157829023260458,0.02157829023260458,0.024121816989224,0.024121816989224,0.037198028208,0.037198028208,0.04061602279,0.04061602279,0.013296491629876443,0.013296491629876443,0.02376685671,0.02376685671,0.11212990008999998,0.11212990008999998,0.1117038727,0.1117038727,0.023339375354018525,0.023339375354018525,0.009370932799999995,0.009370932799999995,0.26066657332,0.26066657332,0.2572416989,0.2572416989,0.02144376562851671,0.02144376562851671,0.014240099300000003,0.014240099300000003,0.018479166956600002,0.018479166956600002,0.0130233104,0.0130233104,0.009543154090878475,0.009543154090878475,0.013953617000000001,0.013953617000000001,0.009201246825999999,0.009201246825999999,0.006318163127,0.006318163127,0.0050253372715455295,0.0050253372715455295,0.008613066749,0.008613066749
graphmvp_gin,freesolv,scaffold,2,expanded,molecule_model.gnns.1.mlp.0,gin_mlp_in,1,dumped/n4_full_ft_splits/freesolv_scaffold_seed2.json,32,regression,600,300,5,True,1.04073152524,1.04073152524,1.060443401,1.060443401,0.15883889883421953,0.15883889883421953,0.10513770499999997,0.10513770499999997,14.795495250000002,14.795495250000002,15.0011815,15.0011815,1.4770988378768475,1.4770988378768475,2.098052879999999,2.098052879999999,0.0493183175,0.0493183175,0.05000393833333333,0.05000393833333333,0.004923662792922826,0.004923662792922826,0.006993509599999996,0.006993509599999996,2.7684303772,2.7684303772,2.75252793,2.75252793,0.3704476972507964,0.3704476972507964,0.12162159799999994,0.12162159799999994,0.84331914618,0.84331914618,0.8556298823,0.8556298823,0.04144151655105273,0.04144151655105273,0.04587724039999996,0.04587724039999996,0.96662189618,0.96662189618,0.9679916084,0.9679916084,0.011758240538016137,0.011758240538016137,0.020367033699999926,0.020367033699999926,0.9965913947799999,0.9965913947799999,0.9961189039,0.9961189039,0.0013199327812315805,0.0013199327812315805,0.001830134300000008,0.001830134300000008,2.6891713287999996,2.6891713287999996,2.708128964,2.708128964,0.10236260955208339,0.10236260955208339,0.14041153699999986,0.14041153699999986,0.47147157885997243,0.47147157885997243,0.4747952741944694,0.4747952741944694,0.017946443435897914,0.017946443435897914,0.024617267159800504,0.024617267159800504,0.0195323812674,0.0195323812674,0.02199271162,0.02199271162,0.007572984432910165,0.007572984432910165,0.0118327016,0.0118327016,0.06261554406799999,0.06261554406799999,0.07015324174,0.07015324174,0.011187883350485315,0.011187883350485315,0.022353682939999994,0.022353682939999994,0.2254429554,0.2254429554,0.2292538725,0.2292538725,0.011450386251092065,0.011450386251092065,0.011780795700000013,0.011780795700000013,0.024650030948,0.024650030948,0.02067290332,0.02067290332,0.0095166757788438,0.0095166757788438,0.014865082500000001,0.014865082500000001,0.012206965684599998,0.012206965684599998,0.008744573221,0.008744573221,0.005071894995984844,0.005071894995984844,0.00845516659,0.00845516659
graphmvp_gin,freesolv,scaffold,2,expanded,molecule_model.gnns.1.mlp.2,gin_mlp_out,1,dumped/n4_full_ft_splits/freesolv_scaffold_seed2.json,32,regression,300,600,5,True,1.04073152524,1.04073152524,1.060443401,1.060443401,0.15883889883421953,0.15883889883421953,0.10513770499999997,0.10513770499999997,22.083558943999996,22.083558943999996,23.39733946,23.39733946,3.4857391463725187,3.4857391463725187,3.910396519999999,3.910396519999999,0.07361186314666668,0.07361186314666668,0.07799113153333334,0.07799113153333334,0.011619130487908396,0.011619130487908396,0.013034655066666664,0.013034655066666664,2.5034838774,2.5034838774,2.562424722,2.562424722,0.31762887118356026,0.31762887118356026,0.3856356700000001,0.3856356700000001,0.84198792772,0.84198792772,0.8407973295,0.8407973295,0.05017411409693647,0.05017411409693647,0.07015974409999992,0.07015974409999992,0.9477073084200001,0.9477073084200001,0.946685743,0.946685743,0.02250266262451954,0.02250266262451954,0.04084507729999998,0.04084507729999998,0.99004149704,0.99004149704,0.9884563706,0.9884563706,0.004092069154718623,0.004092069154718623,0.00655667680000005,0.00655667680000005,3.0811764926,3.0811764926,3.152622317,3.152622317,0.16918170735269586,0.16918170735269586,0.175307133,0.175307133,0.5401988077719813,0.5401988077719813,0.5527248507474027,0.5527248507474027,0.02966131827509664,0.02966131827509664,0.030735241706525085,0.030735241706525085,0.0066740558336,0.0066740558336,0.007744558136,0.007744558136,0.0026347013285923974,0.0026347013285923974,0.004785438288999999,0.004785438288999999,0.037641727188000004,0.037641727188000004,0.03725567093,0.03725567093,0.009390717237819417,0.009390717237819417,0.01845624865,0.01845624865,0.11118766921999998,0.11118766921999998,0.1071082782,0.1071082782,0.01328930518650302,0.01328930518650302,0.017982342,0.017982342,0.052351260751999994,0.052351260751999994,0.04000340783,0.04000340783,0.02535378549942014,0.02535378549942014,0.03266387642,0.03266387642,0.025966749898,0.025966749898,0.01715856045,0.01715856045,0.013216079041343828,0.013216079041343828,0.018681267270000003,0.018681267270000003
graphmvp_gin,freesolv,scaffold,2,expanded,molecule_model.gnns.2.mlp.0,gin_mlp_in,2,dumped/n4_full_ft_splits/freesolv_scaffold_seed2.json,32,regression,600,300,5,True,1.04073152524,1.04073152524,1.060443401,1.060443401,0.15883889883421953,0.15883889883421953,0.10513770499999997,0.10513770499999997,21.172623207999997,21.172623207999997,21.85709056,21.85709056,1.8608883263431428,1.8608883263431428,2.6696174200000016,2.6696174200000016,0.07057541069333333,0.07057541069333333,0.07285696853333333,0.07285696853333333,0.006202961087810476,0.006202961087810476,0.008898724733333335,0.008898724733333335,2.4299981394,2.4299981394,2.424971942,2.424971942,0.30795829939657543,0.30795829939657543,0.5575328740000001,0.5575328740000001,0.83107508934,0.83107508934,0.8530013119,0.8530013119,0.03445948317107914,0.03445948317107914,0.04429027480000003,0.04429027480000003,0.95107108014,0.95107108014,0.9475825895,0.9475825895,0.010567962504522205,0.010567962504522205,0.017867542199999975,0.017867542199999975,0.9907859735000001,0.9907859735000001,0.9894838409,0.9894838409,0.002853072697042701,0.002853072697042701,0.0049930078000000044,0.0049930078000000044,3.0487599152,3.0487599152,3.08452538,3.08452538,0.08936749291527916,0.08936749291527916,0.12718659999999993,0.12718659999999993,0.534515460354011,0.534515460354011,0.5407859422594691,0.5407859422594691,0.01566811029564479,0.01566811029564479,0.022298641395448127,0.022298641395448127,0.0238043776278,0.0238043776278,0.02422543603,0.02422543603,0.012294005776853469,0.012294005776853469,0.011242611870000002,0.011242611870000002,0.049471173474,0.049471173474,0.05375323422,0.05375323422,0.015499442103651477,0.015499442103651477,0.015967413280000002,0.015967413280000002,0.12766473334,0.12766473334,0.123965065,0.123965065,0.01406673864472571,0.01406673864472571,0.0076460754000000075,0.0076460754000000075,0.035738192936,0.035738192936,0.03295672276,0.03295672276,0.007850871800223577,0.007850871800223577,0.010713635620000002,0.010713635620000002,0.017660265416,0.017660265416,0.01665205508,0.01665205508,0.004572214746585829,0.004572214746585829,0.0079843048,0.0079843048
graphmvp_gin,freesolv,scaffold,2,expanded,molecule_model.gnns.2.mlp.2,gin_mlp_out,2,dumped/n4_full_ft_splits/freesolv_scaffold_seed2.json,32,regression,300,600,5,True,1.04073152524,1.04073152524,1.060443401,1.060443401,0.15883889883421953,0.15883889883421953,0.10513770499999997,0.10513770499999997,27.880360158000002,27.880360158000002,27.29622689,27.29622689,2.4369770781969184,2.4369770781969184,2.5379609499999987,2.5379609499999987,0.09293453385999999,0.09293453385999999,0.09098742296666666,0.09098742296666666,0.008123256927323064,0.008123256927323064,0.008459869833333328,0.008459869833333328,2.6231338688,2.6231338688,2.646844031,2.646844031,0.28053288656289616,0.28053288656289616,0.5395940579999996,0.5395940579999996,0.81386465218,0.81386465218,0.8329644569,0.8329644569,0.028921973162003737,0.028921973162003737,0.03437912040000002,0.03437912040000002,0.9308393088000001,0.9308393088000001,0.931606063,0.931606063,0.016071208131999436,0.016071208131999436,0.01483864849999994,0.01483864849999994,0.9834709509199999,0.9834709509199999,0.9839995656,0.9839995656,0.0038207493403912603,0.0038207493403912603,0.007473610100000028,0.007473610100000028,3.3240993513999997,3.3240993513999997,3.306748484,3.306748484,0.08748661844689927,0.08748661844689927,0.09041385900000032,0.09041385900000032,0.5827885909341874,0.5827885909341874,0.5797465977521025,0.5797465977521025,0.01533835114428564,0.01533835114428564,0.015851561556167182,0.015851561556167182,0.0102211374782,0.0102211374782,0.009343920062,0.009343920062,0.001492982989665653,0.001492982989665653,0.0022003715110000006,0.0022003715110000006,0.030671334387999998,0.030671334387999998,0.03067715615,0.03067715615,0.004399044085449776,0.004399044085449776,0.0053433992499999985,0.0053433992499999985,0.09038453318200002,0.09038453318200002,0.08661231051,0.08661231051,0.011333315630098035,0.011333315630098035,0.014015780140000003,0.014015780140000003,0.03685911978800001,0.03685911978800001,0.03870886013,0.03870886013,0.007005342123542293,0.007005342123542293,0.005640000650000004,0.005640000650000004,0.018176011927999995,0.018176011927999995,0.01960545406,0.01960545406,0.004088205821022589,0.004088205821022589,0.005726600070000001,0.005726600070000001
graphmvp_gin,freesolv,scaffold,2,expanded,molecule_model.gnns.3.mlp.0,gin_mlp_in,3,dumped/n4_full_ft_splits/freesolv_scaffold_seed2.json,32,regression,600,300,5,True,1.04073152524,1.04073152524,1.060443401,1.060443401,0.15883889883421953,0.15883889883421953,0.10513770499999997,0.10513770499999997,23.973592814,23.973592814,24.39440343,24.39440343,1.8364850627037368,1.8364850627037368,2.867973769999999,2.867973769999999,0.07991197604666667,0.07991197604666667,0.0813146781,0.0813146781,0.0061216168756791246,0.0061216168756791246,0.009559912566666662,0.009559912566666662,2.3215485082000002,2.3215485082000002,2.325448568,2.325448568,0.19727484172067108,0.19727484172067108,0.20691057099999988,0.20691057099999988,0.82640461634,0.82640461634,0.8206605753,0.8206605753,0.03386997948843728,0.03386997948843728,0.026080773200000018,0.026080773200000018,0.93670238566,0.93670238566,0.9287648596,0.9287648596,0.013464064508456325,0.013464064508456325,0.009856565400000017,0.009856565400000017,0.98691508426,0.98691508426,0.9864300296,0.9864300296,0.0034157765577172306,0.0034157765577172306,0.003667734300000003,0.003667734300000003,3.1739305817999997,3.1739305817999997,3.194353738,3.194353738,0.0783277440038385,0.0783277440038385,0.11822611000000016,0.11822611000000016,0.5564606637617804,0.5564606637617804,0.5600412975413376,0.5600412975413376,0.013732596632475834,0.013732596632475834,0.02072766809136184,0.02072766809136184,0.012347040414599999,0.012347040414599999,0.01230979743,0.01230979743,0.0031009925957078736,0.0031009925957078736,0.005192428819999999,0.005192428819999999,0.058075137262,0.058075137262,0.06107837344,0.06107837344,0.010454195625738611,0.010454195625738611,0.012293828709999996,0.012293828709999996,0.12860779041999998,0.12860779041999998,0.134424871,0.134424871,0.009238830468500929,0.009238830468500929,0.007402742600000012,0.007402742600000012,0.039972356532,0.039972356532,0.03639613175,0.03639613175,0.008769486877127,0.008769486877127,0.0035796702299999983,0.0035796702299999983,0.019750834627999998,0.019750834627999998,0.01813023165,0.01813023165,0.005247503227975705,0.005247503227975705,0.0017584748600000012,0.0017584748600000012
graphmvp_gin,freesolv,scaffold,2,expanded,molecule_model.gnns.3.mlp.2,gin_mlp_out,3,dumped/n4_full_ft_splits/freesolv_scaffold_seed2.json,32,regression,300,600,5,True,1.04073152524,1.04073152524,1.060443401,1.060443401,0.15883889883421953,0.15883889883421953,0.10513770499999997,0.10513770499999997,27.16973847,27.16973847,27.40914264,27.40914264,1.3724612731266985,1.3724612731266985,2.4705443199999984,2.4705443199999984,0.0905657949,0.0905657949,0.0913638088,0.0913638088,0.0045748709104223295,0.0045748709104223295,0.008235147733333323,0.008235147733333323,1.9451164604,1.9451164604,1.926397168,1.926397168,0.09718665494295917,0.09718665494295917,0.13663173399999984,0.13663173399999984,0.83273436472,0.83273436472,0.8172354018,0.8172354018,0.02807598045666459,0.02807598045666459,0.03206417340000001,0.03206417340000001,0.9348905223599999,0.9348905223599999,0.9318166005,0.9318166005,0.009015735437942445,0.009015735437942445,0.0040719065,0.0040719065,0.9842252848400002,0.9842252848400002,0.9833372687,0.9833372687,0.0023449635782664515,0.0023449635782664515,0.0032462343999999366,0.0032462343999999366,3.3008174510000003,3.3008174510000003,3.310876631,3.310876631,0.050824425284545456,0.050824425284545456,0.09091965899999987,0.09091965899999987,0.5787067556777677,0.5787067556777677,0.5804703537891432,0.5804703537891432,0.008910652801079822,0.008910652801079822,0.01594023955225954,0.01594023955225954,0.009589294158,0.009589294158,0.01036477659,0.01036477659,0.0026485788262242014,0.0026485788262242014,0.002410335393,0.002410335393,0.02909563047,0.02909563047,0.03036426551,0.03036426551,0.006249687990379971,0.006249687990379971,0.004505928539999995,0.004505928539999995,0.060547921973999996,0.060547921973999996,0.0594631213,0.0594631213,0.005978686825431196,0.005978686825431196,0.002651407210000005,0.002651407210000005,0.063051077028,0.063051077028,0.05844331421,0.05844331421,0.009568941395477846,0.009568941395477846,0.011820505670000002,0.011820505670000002,0.031031539292000004,0.031031539292000004,0.02797508799,0.02797508799,0.005765646805503011,0.005765646805503011,0.0020393934099999997,0.0020393934099999997
graphmvp_gin,freesolv,scaffold,2,expanded,molecule_model.gnns.4.mlp.0,gin_mlp_in,4,dumped/n4_full_ft_splits/freesolv_scaffold_seed2.json,32,regression,600,300,5,True,1.04073152524,1.04073152524,1.060443401,1.060443401,0.15883889883421953,0.15883889883421953,0.10513770499999997,0.10513770499999997,16.633032617999998,16.633032617999998,16.58702322,16.58702322,0.32614226740333657,0.32614226740333657,0.2881153800000007,0.2881153800000007,0.05544344206,0.05544344206,0.0552900774,0.0552900774,0.001087140891344455,0.001087140891344455,0.0009603846000000027,0.0009603846000000027,1.3868001957999998,1.3868001957999998,1.391074794,1.391074794,0.023905455592260486,0.023905455592260486,0.04390902200000002,0.04390902200000002,0.9376068674999999,0.9376068674999999,0.9330448438,0.9330448438,0.009559077467456418,0.009559077467456418,0.011753069700000007,0.011753069700000007,0.9777919052399999,0.9777919052399999,0.9782660674,0.9782660674,0.0019090843945550814,0.0019090843945550814,0.0019539244999999816,0.0019539244999999816,0.9953151504600001,0.9953151504600001,0.9953616765,0.9953616765,0.0005441895034906827,0.0005441895034906827,0.000496904300000045,0.000496904300000045,2.8111977120000002,2.8111977120000002,2.808620656,2.808620656,0.01966075418711286,0.01966075418711286,0.017263027999999903,0.017263027999999903,0.492865519414719,0.492865519414719,0.4924137041480165,0.4924137041480165,0.003446967740174543,0.003446967740174543,0.0030265929804836333,0.0030265929804836333,0.015531575786400001,0.015531575786400001,0.01512257398,0.01512257398,0.00541288405109973,0.00541288405109973,0.0060968182,0.0060968182,0.027072494881999996,0.027072494881999996,0.02684680261,0.02684680261,0.006963815237071232,0.006963815237071232,0.0065251602799999975,0.0065251602799999975,0.078958107014,0.078958107014,0.08257303042,0.08257303042,0.010113228450751865,0.010113228450751865,0.010817786590000003,0.010817786590000003,0.14838571265999997,0.14838571265999997,0.1477111201,0.1477111201,0.01282365337688454,0.01282365337688454,0.018933536200000017,0.018933536200000017,0.07274803072,0.07274803072,0.07481345534,0.07481345534,0.006565660042373127,0.006565660042373127,0.008443482220000006,0.008443482220000006
graphmvp_gin,freesolv,scaffold,2,expanded,molecule_model.gnns.4.mlp.2,gin_mlp_out,4,dumped/n4_full_ft_splits/freesolv_scaffold_seed2.json,32,regression,300,600,5,True,1.04073152524,1.04073152524,1.060443401,1.060443401,0.15883889883421953,0.15883889883421953,0.10513770499999997,0.10513770499999997,5.282367575,5.282367575,5.182868409,5.182868409,0.2733457509855265,0.2733457509855265,0.40788037,0.40788037,0.017607891916666667,0.017607891916666667,0.01727622803,0.01727622803,0.000911152503285088,0.000911152503285088,0.0013596012333333338,0.0013596012333333338,1.0548252528,1.0548252528,1.051937548,1.051937548,0.010754777043151809,0.010754777043151809,0.006228098000000015,0.006228098000000015,0.9946720493400001,0.9946720493400001,0.9941587691,0.9941587691,0.0007774489099436127,0.0007774489099436127,0.0016137224000000172,0.0016137224000000172,0.99829984498,0.99829984498,0.9983218975,0.9983218975,0.0001671496381267793,0.0001671496381267793,0.0002676066999999227,0.0002676066999999227,0.9997500063199999,0.9997500063199999,0.9997449121,0.9997449121,6.076564790947925e-05,6.076564790947925e-05,7.441349999992575e-05,7.441349999992575e-05,1.6630308354,1.6630308354,1.64535865,1.64535865,0.05188399841409297,0.05188399841409297,0.07610267199999998,0.07610267199999998,0.2915663145972691,0.2915663145972691,0.28846798721916106,0.28846798721916106,0.00909641955047038,0.00909641955047038,0.01334249199336568,0.01334249199336568,0.00030185171944199996,0.00030185171944199996,0.0003673125195,0.0003673125195,0.0001930310146074995,0.0001930310146074995,0.00027607867466,0.00027607867466,0.00083257534852,0.00083257534852,0.0008198828951,0.0008198828951,0.0001726800238788183,0.0001726800238788183,0.00022071185909999997,0.00022071185909999997,0.0029373478566,0.0029373478566,0.003060723823,0.003060723823,0.0003962104181866479,0.0003962104181866479,0.0003510171149999999,0.0003510171149999999,0.57230241424,0.57230241424,0.5830782173,0.5830782173,0.05973682065509127,0.05973682065509127,0.10335819590000006,0.10335819590000006,0.28099417686,0.28099417686,0.2636041045,0.2636041045,0.03419173159285713,0.03419173159285713,0.05663231009999997,0.05663231009999997
graphmvp_gin,freesolv,scaffold,2,historical,molecule_model.gnns.0.mlp.0,gin_mlp_in,0,dumped/n4_full_ft_splits/freesolv_scaffold_seed2.json,32,regression,600,300,5,True,1.04073152524,1.04073152524,1.060443401,1.060443401,0.15883889883421953,0.15883889883421953,0.10513770499999997,0.10513770499999997,7.0726207178,7.0726207178,6.853887138,6.853887138,0.747534710172231,0.747534710172231,1.0432880009999996,1.0432880009999996,0.023575402392666665,0.023575402392666665,0.02284629046,0.02284629046,0.00249178236724077,0.00249178236724077,0.0034776266699999975,0.0034776266699999975,2.0531623810000004,2.0531623810000004,2.072138406,2.072138406,0.49584111446039714,0.49584111446039714,0.8607916460000002,0.8607916460000002,0.93912708108,0.93912708108,0.9460273615,0.9460273615,0.027738766333608184,0.027738766333608184,0.027933868400000006,0.027933868400000006,0.9965582733,0.9965582733,0.9980293146,0.9980293146,0.0026839048381072416,0.0026839048381072416,0.0031455903999999535,0.0031455903999999535,1.0,1.0,1.0,1.0,0.0,0.0,0.0,0.0,1.9504997812,1.9504997812,1.924815957,1.924815957,0.10777876379686228,0.10777876379686228,0.1425461669999999,0.1425461669999999,0.3419660181408947,0.3419660181408947,0.3374630721898313,0.3374630721898313,0.018896015806310833,0.018896015806310833,0.024991515302937972,0.024991515302937972,0.05230204297600001,0.05230204297600001,0.05504120916,0.05504120916,0.013180873462798365,0.013180873462798365,0.013542403100000003,0.013542403100000003,0.19550153720000002,0.19550153720000002,0.2050600123,0.2050600123,0.04742228825411829,0.04742228825411829,0.06713617629999999,0.06713617629999999,0.53828690068,0.53828690068,0.5430845889,0.5430845889,0.013917820618196661,0.013917820618196661,0.024316514899999975,0.024316514899999975,0.031449583308000004,0.031449583308000004,0.02547309971,0.02547309971,0.014411014885451635,0.014411014885451635,0.011229183019999998,0.011229183019999998,0.004072243021800001,0.004072243021800001,0.003098098096,0.003098098096,0.0020708283121420265,0.0020708283121420265,0.0027328773870000005,0.0027328773870000005
graphmvp_gin,freesolv,scaffold,2,historical,molecule_model.gnns.1.mlp.0,gin_mlp_in,1,dumped/n4_full_ft_splits/freesolv_scaffold_seed2.json,32,regression,600,300,5,True,1.04073152524,1.04073152524,1.060443401,1.060443401,0.15883889883421953,0.15883889883421953,0.10513770499999997,0.10513770499999997,14.795495250000002,14.795495250000002,15.0011815,15.0011815,1.4770988378768475,1.4770988378768475,2.098052879999999,2.098052879999999,0.0493183175,0.0493183175,0.05000393833333333,0.05000393833333333,0.004923662792922826,0.004923662792922826,0.006993509599999996,0.006993509599999996,2.7684303772,2.7684303772,2.75252793,2.75252793,0.3704476972507964,0.3704476972507964,0.12162159799999994,0.12162159799999994,0.84331914618,0.84331914618,0.8556298823,0.8556298823,0.04144151655105273,0.04144151655105273,0.04587724039999996,0.04587724039999996,0.96662189618,0.96662189618,0.9679916084,0.9679916084,0.011758240538016137,0.011758240538016137,0.020367033699999926,0.020367033699999926,0.9965913947799999,0.9965913947799999,0.9961189039,0.9961189039,0.0013199327812315805,0.0013199327812315805,0.001830134300000008,0.001830134300000008,2.6891713287999996,2.6891713287999996,2.708128964,2.708128964,0.10236260955208339,0.10236260955208339,0.14041153699999986,0.14041153699999986,0.47147157885997243,0.47147157885997243,0.4747952741944694,0.4747952741944694,0.017946443435897914,0.017946443435897914,0.024617267159800504,0.024617267159800504,0.0195323812674,0.0195323812674,0.02199271162,0.02199271162,0.007572984432910165,0.007572984432910165,0.0118327016,0.0118327016,0.06261554406799999,0.06261554406799999,0.07015324174,0.07015324174,0.011187883350485315,0.011187883350485315,0.022353682939999994,0.022353682939999994,0.2254429554,0.2254429554,0.2292538725,0.2292538725,0.011450386251092065,0.011450386251092065,0.011780795700000013,0.011780795700000013,0.0944521658,0.0944521658,0.07921735024,0.07921735024,0.032622872925204,0.032622872925204,0.040241932499999994,0.040241932499999994,0.012206965684599998,0.012206965684599998,0.008744573221,0.008744573221,0.005071894995984844,0.005071894995984844,0.00845516659,0.00845516659
graphmvp_gin,freesolv,scaffold,2,historical,molecule_model.gnns.2.mlp.0,gin_mlp_in,2,dumped/n4_full_ft_splits/freesolv_scaffold_seed2.json,32,regression,600,300,5,True,1.04073152524,1.04073152524,1.060443401,1.060443401,0.15883889883421953,0.15883889883421953,0.10513770499999997,0.10513770499999997,21.172623207999997,21.172623207999997,21.85709056,21.85709056,1.8608883263431428,1.8608883263431428,2.6696174200000016,2.6696174200000016,0.07057541069333333,0.07057541069333333,0.07285696853333333,0.07285696853333333,0.006202961087810476,0.006202961087810476,0.008898724733333335,0.008898724733333335,2.4299981394,2.4299981394,2.424971942,2.424971942,0.30795829939657543,0.30795829939657543,0.5575328740000001,0.5575328740000001,0.83107508934,0.83107508934,0.8530013119,0.8530013119,0.03445948317107914,0.03445948317107914,0.04429027480000003,0.04429027480000003,0.95107108014,0.95107108014,0.9475825895,0.9475825895,0.010567962504522205,0.010567962504522205,0.017867542199999975,0.017867542199999975,0.9907859735000001,0.9907859735000001,0.9894838409,0.9894838409,0.002853072697042701,0.002853072697042701,0.0049930078000000044,0.0049930078000000044,3.0487599152,3.0487599152,3.08452538,3.08452538,0.08936749291527916,0.08936749291527916,0.12718659999999993,0.12718659999999993,0.534515460354011,0.534515460354011,0.5407859422594691,0.5407859422594691,0.01566811029564479,0.01566811029564479,0.022298641395448127,0.022298641395448127,0.0238043776278,0.0238043776278,0.02422543603,0.02422543603,0.012294005776853469,0.012294005776853469,0.011242611870000002,0.011242611870000002,0.049471173474,0.049471173474,0.05375323422,0.05375323422,0.015499442103651477,0.015499442103651477,0.015967413280000002,0.015967413280000002,0.12766473334,0.12766473334,0.123965065,0.123965065,0.01406673864472571,0.01406673864472571,0.0076460754000000075,0.0076460754000000075,0.13790925782000002,0.13790925782000002,0.1369160841,0.1369160841,0.022996243828128718,0.022996243828128718,0.031863761300000015,0.031863761300000015,0.017660265416,0.017660265416,0.01665205508,0.01665205508,0.004572214746585829,0.004572214746585829,0.0079843048,0.0079843048
graphmvp_gin,freesolv,scaffold,2,historical,molecule_model.gnns.3.mlp.0,gin_mlp_in,3,dumped/n4_full_ft_splits/freesolv_scaffold_seed2.json,32,regression,600,300,5,True,1.04073152524,1.04073152524,1.060443401,1.060443401,0.15883889883421953,0.15883889883421953,0.10513770499999997,0.10513770499999997,23.973592814,23.973592814,24.39440343,24.39440343,1.8364850627037368,1.8364850627037368,2.867973769999999,2.867973769999999,0.07991197604666667,0.07991197604666667,0.0813146781,0.0813146781,0.0061216168756791246,0.0061216168756791246,0.009559912566666662,0.009559912566666662,2.3215485082000002,2.3215485082000002,2.325448568,2.325448568,0.19727484172067108,0.19727484172067108,0.20691057099999988,0.20691057099999988,0.82640461634,0.82640461634,0.8206605753,0.8206605753,0.03386997948843728,0.03386997948843728,0.026080773200000018,0.026080773200000018,0.93670238566,0.93670238566,0.9287648596,0.9287648596,0.013464064508456325,0.013464064508456325,0.009856565400000017,0.009856565400000017,0.98691508426,0.98691508426,0.9864300296,0.9864300296,0.0034157765577172306,0.0034157765577172306,0.003667734300000003,0.003667734300000003,3.1739305817999997,3.1739305817999997,3.194353738,3.194353738,0.0783277440038385,0.0783277440038385,0.11822611000000016,0.11822611000000016,0.5564606637617804,0.5564606637617804,0.5600412975413376,0.5600412975413376,0.013732596632475834,0.013732596632475834,0.02072766809136184,0.02072766809136184,0.012347040414599999,0.012347040414599999,0.01230979743,0.01230979743,0.0031009925957078736,0.0031009925957078736,0.005192428819999999,0.005192428819999999,0.058075137262,0.058075137262,0.06107837344,0.06107837344,0.010454195625738611,0.010454195625738611,0.012293828709999996,0.012293828709999996,0.12860779041999998,0.12860779041999998,0.134424871,0.134424871,0.009238830468500929,0.009238830468500929,0.007402742600000012,0.007402742600000012,0.15420244952,0.15420244952,0.1505822176,0.1505822176,0.022937321753537816,0.022937321753537816,0.01346008310000002,0.01346008310000002,0.019750834627999998,0.019750834627999998,0.01813023165,0.01813023165,0.005247503227975705,0.005247503227975705,0.0017584748600000012,0.0017584748600000012
graphmvp_gin,freesolv,scaffold,2,historical,molecule_model.gnns.4.mlp.0,gin_mlp_in,4,dumped/n4_full_ft_splits/freesolv_scaffold_seed2.json,32,regression,600,300,5,True,1.04073152524,1.04073152524,1.060443401,1.060443401,0.15883889883421953,0.15883889883421953,0.10513770499999997,0.10513770499999997,16.633032617999998,16.633032617999998,16.58702322,16.58702322,0.32614226740333657,0.32614226740333657,0.2881153800000007,0.2881153800000007,0.05544344206,0.05544344206,0.0552900774,0.0552900774,0.001087140891344455,0.001087140891344455,0.0009603846000000027,0.0009603846000000027,1.3868001957999998,1.3868001957999998,1.391074794,1.391074794,0.023905455592260486,0.023905455592260486,0.04390902200000002,0.04390902200000002,0.9376068674999999,0.9376068674999999,0.9330448438,0.9330448438,0.009559077467456418,0.009559077467456418,0.011753069700000007,0.011753069700000007,0.9777919052399999,0.9777919052399999,0.9782660674,0.9782660674,0.0019090843945550814,0.0019090843945550814,0.0019539244999999816,0.0019539244999999816,0.9953151504600001,0.9953151504600001,0.9953616765,0.9953616765,0.0005441895034906827,0.0005441895034906827,0.000496904300000045,0.000496904300000045,2.8111977120000002,2.8111977120000002,2.808620656,2.808620656,0.01966075418711286,0.01966075418711286,0.017263027999999903,0.017263027999999903,0.492865519414719,0.492865519414719,0.4924137041480165,0.4924137041480165,0.003446967740174543,0.003446967740174543,0.0030265929804836333,0.0030265929804836333,0.015531575786400001,0.015531575786400001,0.01512257398,0.01512257398,0.00541288405109973,0.00541288405109973,0.0060968182,0.0060968182,0.027072494881999996,0.027072494881999996,0.02684680261,0.02684680261,0.006963815237071232,0.006963815237071232,0.0065251602799999975,0.0065251602799999975,0.078958107014,0.078958107014,0.08257303042,0.08257303042,0.010113228450751865,0.010113228450751865,0.010817786590000003,0.010817786590000003,0.58198654354,0.58198654354,0.6151292014,0.6151292014,0.07793709386221066,0.07793709386221066,0.12125545100000001,0.12125545100000001,0.07274803072,0.07274803072,0.07481345534,0.07481345534,0.006565660042373127,0.006565660042373127,0.008443482220000006,0.008443482220000006
graphmvp_gin,lipo,scaffold,0,expanded,molecule_model.gnns.0.mlp.0,gin_mlp_in,0,dumped/n4_full_ft_splits/lipo_scaffold_seed0.json,32,regression,600,300,5,True,1.12104296684,1.12104296684,1.023103952,1.023103952,0.24720498765628907,0.24720498765628907,0.1276689768,0.1276689768,7.529062279200001,7.529062279200001,7.648793551,7.648793551,0.7264111929008791,0.7264111929008791,0.3581892160000004,0.3581892160000004,0.025096874264,0.025096874264,0.025495978503333332,0.025495978503333332,0.00242137064300293,0.00242137064300293,0.001193964053333333,0.001193964053333333,2.2719007914,2.2719007914,2.273122228,2.273122228,0.3810596324108726,0.3810596324108726,0.600502799,0.600502799,0.91974070466,0.91974070466,0.9259400199,0.9259400199,0.0336882636077914,0.0336882636077914,0.03549351639999998,0.03549351639999998,0.9947018063799999,0.9947018063799999,0.9951073957,0.9951073957,0.002443754372857681,0.002443754372857681,0.0009837171000000033,0.0009837171000000033,1.0,1.0,1.0,1.0,0.0,0.0,0.0,0.0,2.0138830478,2.0138830478,2.03454793,2.03454793,0.1001324012096422,0.1001324012096422,0.047016120999999966,0.047016120999999966,0.3530785153095075,0.3530785153095075,0.35670152903624425,0.35670152903624425,0.017555438282326467,0.017555438282326467,0.008242972309850216,0.008242972309850216,0.124642097426,0.124642097426,0.1223735769,0.1223735769,0.022233379549941392,0.022233379549941392,0.030852997900000012,0.030852997900000012,0.28015256405999994,0.28015256405999994,0.2790341019,0.2790341019,0.026079452850025588,0.026079452850025588,0.04198461719999996,0.04198461719999996,0.45918187856000003,0.45918187856000003,0.4663612038,0.4663612038,0.020300333723690608,0.020300333723690608,0.027425053899999996,0.027425053899999996,0.0081788439506,0.0081788439506,0.007958883356,0.007958883356,0.0020453250104620446,0.0020453250104620446,0.0014280324720000008,0.0014280324720000008,0.0013197541935000001,0.0013197541935000001,0.001199210528,0.001199210528,0.0006734744576343359,0.0006734744576343359,0.00039808987659999996,0.00039808987659999996
graphmvp_gin,lipo,scaffold,0,expanded,molecule_model.gnns.0.mlp.2,gin_mlp_out,0,dumped/n4_full_ft_splits/lipo_scaffold_seed0.json,32,regression,300,600,5,True,1.12104296684,1.12104296684,1.023103952,1.023103952,0.24720498765628907,0.24720498765628907,0.1276689768,0.1276689768,15.178875878,15.178875878,14.92992586,14.92992586,1.7047380653885231,1.7047380653885231,1.1402604299999997,1.1402604299999997,0.05059625292666666,0.05059625292666666,0.049766419533333335,0.049766419533333335,0.005682460217961744,0.005682460217961744,0.0038008681000000002,0.0038008681000000002,2.4365924191999997,2.4365924191999997,2.336425515,2.336425515,0.5102454643530872,0.5102454643530872,0.304536927,0.304536927,0.88562392752,0.88562392752,0.885619349,0.885619349,0.03970191130745196,0.03970191130745196,0.07362198310000001,0.07362198310000001,0.9755531162000001,0.9755531162000001,0.9771861009,0.9771861009,0.005697186049471622,0.005697186049471622,0.005831239199999949,0.005831239199999949,0.99611443972,0.99611443972,0.9968505522,0.9968505522,0.0017594050827639581,0.0017594050827639581,0.0011632328000000802,0.0011632328000000802,2.7137866824,2.7137866824,2.703367645,2.703367645,0.10984842658633585,0.10984842658633585,0.07640728600000024,0.07640728600000024,0.47578719813707043,0.47578719813707043,0.47396050901519476,0.47396050901519476,0.01925887375166023,0.01925887375166023,0.013395897606457319,0.013395897606457319,0.059236757402000004,0.059236757402000004,0.06204197283,0.06204197283,0.01800459201116673,0.01800459201116673,0.02400737619,0.02400737619,0.14109870808,0.14109870808,0.1348255381,0.1348255381,0.027278145976741417,0.027278145976741417,0.006922086699999996,0.006922086699999996,0.27567285803999997,0.27567285803999997,0.2834231774,0.2834231774,0.019210588097588674,0.019210588097588674,0.02412336100000001,0.02412336100000001,0.021080265549999998,0.021080265549999998,0.01953208316,0.01953208316,0.003285388373244657,0.003285388373244657,0.00650646538,0.00650646538,0.0034576541746,0.0034576541746,0.003194923513,0.003194923513,0.0015245543959659037,0.0015245543959659037,0.003111014842,0.003111014842
graphmvp_gin,lipo,scaffold,0,expanded,molecule_model.gnns.1.mlp.0,gin_mlp_in,1,dumped/n4_full_ft_splits/lipo_scaffold_seed0.json,32,regression,600,300,5,True,1.12104296684,1.12104296684,1.023103952,1.023103952,0.24720498765628907,0.24720498765628907,0.1276689768,0.1276689768,18.45112434,18.45112434,17.58703194,17.58703194,2.3185194556682482,2.3185194556682482,2.39394656,2.39394656,0.061503747799999994,0.061503747799999994,0.058623439799999996,0.058623439799999996,0.007728398185560827,0.007728398185560827,0.007979821866666674,0.007979821866666674,2.4744633451999998,2.4744633451999998,2.435820965,2.435820965,0.5743842788569845,0.5743842788569845,0.405161589,0.405161589,0.82993656514,0.82993656514,0.8280387632,0.8280387632,0.04598952631475535,0.04598952631475535,0.04803115390000001,0.04803115390000001,0.9517420401399999,0.9517420401399999,0.9572787752,0.9572787752,0.014718396201692156,0.014718396201692156,0.02153050979999993,0.02153050979999993,0.9926168161,0.9926168161,0.9941812106,0.9941812106,0.0038715865117542525,0.0038715865117542525,0.003806747099999952,0.003806747099999952,2.9073858042,2.9073858042,2.867161809,2.867161809,0.1238540728519678,0.1238540728519678,0.12951662300000022,0.12951662300000022,0.5097294325508521,0.5097294325508521,0.5026772710459685,0.5026772710459685,0.021714375224211747,0.021714375224211747,0.02270714627976883,0.02270714627976883,0.031669557588000004,0.031669557588000004,0.03183454441,0.03183454441,0.01006534111328088,0.01006534111328088,0.020329314309999996,0.020329314309999996,0.08189518181199999,0.08189518181199999,0.08389325826,0.08389325826,0.01011516399655506,0.01011516399655506,0.015998157769999993,0.015998157769999993,0.26278611636,0.26278611636,0.2596260563,0.2596260563,0.031159883555043344,0.031159883555043344,0.04529027700000002,0.04529027700000002,0.031489514018,0.031489514018,0.02959914906,0.02959914906,0.004670533921723376,0.004670533921723376,0.009697858360000002,0.009697858360000002,0.0052043553908,0.0052043553908,0.005324766971,0.005324766971,0.002308346421658676,0.002308346421658676,0.004655699479,0.004655699479
graphmvp_gin,lipo,scaffold,0,expanded,molecule_model.gnns.1.mlp.2,gin_mlp_out,1,dumped/n4_full_ft_splits/lipo_scaffold_seed0.json,32,regression,300,600,5,True,1.12104296684,1.12104296684,1.023103952,1.023103952,0.24720498765628907,0.24720498765628907,0.1276689768,0.1276689768,32.738671942,32.738671942,31.38229441,31.38229441,2.8123007893153673,2.8123007893153673,3.626458170000003,3.626458170000003,0.10912890647333336,0.10912890647333336,0.10460764803333333,0.10460764803333333,0.009374335964384558,0.009374335964384558,0.012088193900000002,0.012088193900000002,2.099568231,2.099568231,1.885900763,1.885900763,0.46961830883297717,0.46961830883297717,0.26975612399999993,0.26975612399999993,0.8423578384399999,0.8423578384399999,0.8326560045,0.8326560045,0.021513353567699546,0.021513353567699546,0.01789147229999999,0.01789147229999999,0.93374274564,0.93374274564,0.9329843368,0.9329843368,0.010269958580043472,0.010269958580043472,0.01016036659999997,0.01016036659999997,0.98259215426,0.98259215426,0.9834392503,0.9834392503,0.003912261689862282,0.003912261689862282,0.004758413300000042,0.004758413300000042,3.4849512251999997,3.4849512251999997,3.446243862,3.446243862,0.08443620909694043,0.08443620909694043,0.11071247900000003,0.11071247900000003,0.6109895040150629,0.6109895040150629,0.6042032418509657,0.6042032418509657,0.014803546501311816,0.014803546501311816,0.019410361368430884,0.019410361368430884,0.007388028148600001,0.007388028148600001,0.007005291579,0.007005291579,0.0035941723559318644,0.0035941723559318644,0.005610745901999999,0.005610745901999999,0.037263554920000004,0.037263554920000004,0.03574118413,0.03574118413,0.0064334392807411335,0.0064334392807411335,0.006911222269999996,0.006911222269999996,0.11173149914,0.11173149914,0.1128864658,0.1128864658,0.005176650395137256,0.005176650395137256,0.007135654700000008,0.007135654700000008,0.06319585772,0.06319585772,0.06001670571,0.06001670571,0.008276459790391592,0.008276459790391592,0.005526071689999995,0.005526071689999995,0.0101482581332,0.0101482581332,0.009676754475,0.009676754475,0.004139468929037725,0.004139468929037725,0.005800332869,0.005800332869
graphmvp_gin,lipo,scaffold,0,expanded,molecule_model.gnns.2.mlp.0,gin_mlp_in,2,dumped/n4_full_ft_splits/lipo_scaffold_seed0.json,32,regression,600,300,5,True,1.12104296684,1.12104296684,1.023103952,1.023103952,0.24720498765628907,0.24720498765628907,0.1276689768,0.1276689768,34.005083606,34.005083606,33.62464229,33.62464229,3.5966478876246177,3.5966478876246177,6.66482693,6.66482693,0.11335027868666667,0.11335027868666667,0.11208214096666666,0.11208214096666666,0.011988826292082064,0.011988826292082064,0.02221608976666667,0.02221608976666667,2.2091599506,2.2091599506,2.323938201,2.323938201,0.27402912984984984,0.27402912984984984,0.21234664300000006,0.21234664300000006,0.79968381222,0.79968381222,0.8176887558,0.8176887558,0.03794839203818204,0.03794839203818204,0.06769116529999997,0.06769116529999997,0.9163821866999999,0.9163821866999999,0.9253522216,0.9253522216,0.019876216514604347,0.019876216514604347,0.03361470030000002,0.03361470030000002,0.97803663576,0.97803663576,0.9791724506,0.9791724506,0.00663603121845356,0.00663603121845356,0.011652480199999982,0.011652480199999982,3.5209152153999996,3.5209152153999996,3.5152592,3.5152592,0.1057742752954948,0.1057742752954948,0.1966527880000002,0.1966527880000002,0.6172947918411327,0.6172947918411327,0.6163031664723302,0.6163031664723302,0.01854458436405752,0.01854458436405752,0.03447761005504568,0.03447761005504568,0.0145126080016,0.0145126080016,0.01540595047,0.01540595047,0.0075181752433477415,0.0075181752433477415,0.009772152970000001,0.009772152970000001,0.051616819902,0.051616819902,0.04163108874,0.04163108874,0.016757891674577113,0.016757891674577113,0.028769613050000004,0.028769613050000004,0.1431669391,0.1431669391,0.1359554504,0.1359554504,0.024146632995414776,0.024146632995414776,0.0176337964,0.0176337964,0.043949498278,0.043949498278,0.04421497991,0.04421497991,0.004232885993863653,0.004232885993863653,0.0069358650500000035,0.0069358650500000035,0.007080078684000001,0.007080078684000001,0.008076695725,0.008076695725,0.0026879494332547826,0.0026879494332547826,0.004372256808000001,0.004372256808000001
graphmvp_gin,lipo,scaffold,0,expanded,molecule_model.gnns.2.mlp.2,gin_mlp_out,2,dumped/n4_full_ft_splits/lipo_scaffold_seed0.json,32,regression,300,600,5,True,1.12104296684,1.12104296684,1.023103952,1.023103952,0.24720498765628907,0.24720498765628907,0.1276689768,0.1276689768,46.10092475399999,46.10092475399999,43.34421784,43.34421784,4.946734612941555,4.946734612941555,6.929408990000006,6.929408990000006,0.15366974918,0.15366974918,0.14448072613333332,0.14448072613333332,0.016489115376471845,0.016489115376471845,0.023098029966666683,0.023098029966666683,2.2084271656,2.2084271656,2.174222716,2.174222716,0.26302698631309823,0.26302698631309823,0.26627725400000024,0.26627725400000024,0.78819533664,0.78819533664,0.8029636683,0.8029636683,0.03631842744729531,0.03631842744729531,0.05052979600000007,0.05052979600000007,0.90061396964,0.90061396964,0.9130817805,0.9130817805,0.021649182150385096,0.021649182150385096,0.03757864370000008,0.03757864370000008,0.9662643852,0.9662643852,0.9720784989,0.9720784989,0.009009840451504842,0.009009840451504842,0.012545985100000046,0.012545985100000046,3.8251835916000005,3.8251835916000005,3.769173311,3.769173311,0.1057887132905023,0.1057887132905023,0.14863788799999966,0.14863788799999966,0.6706398093890432,0.6706398093890432,0.6608199607449422,0.6608199607449422,0.01854711566588603,0.01854711566588603,0.026059529559629424,0.026059529559629424,0.0059467146733999995,0.0059467146733999995,0.005596356939,0.005596356939,0.0012032342752799974,0.0012032342752799974,0.0017689987960000002,0.0017689987960000002,0.03264423909,0.03264423909,0.0311081027,0.0311081027,0.005131345043837442,0.005131345043837442,0.0017110762999999994,0.0017110762999999994,0.097191596446,0.097191596446,0.09449533806,0.09449533806,0.010981285828528649,0.010981285828528649,0.004371012559999998,0.004371012559999998,0.048326010286,0.048326010286,0.04600134308,0.04600134308,0.006754393598307325,0.006754393598307325,0.003982615850000003,0.003982615850000003,0.007791574205400001,0.007791574205400001,0.007908537984,0.007908537984,0.003234650872732683,0.003234650872732683,0.004381821956,0.004381821956
graphmvp_gin,lipo,scaffold,0,expanded,molecule_model.gnns.3.mlp.0,gin_mlp_in,3,dumped/n4_full_ft_splits/lipo_scaffold_seed0.json,32,regression,600,300,5,True,1.12104296684,1.12104296684,1.023103952,1.023103952,0.24720498765628907,0.24720498765628907,0.1276689768,0.1276689768,40.178906994,40.178906994,41.57381366,41.57381366,5.149871212205142,5.149871212205142,6.799432499999995,6.799432499999995,0.13392968998,0.13392968998,0.13857937886666666,0.13857937886666666,0.01716623737401714,0.01716623737401714,0.022664774999999984,0.022664774999999984,2.2123689082,2.2123689082,2.285233682,2.285233682,0.4706386023849127,0.4706386023849127,0.8064240039999999,0.8064240039999999,0.79449275422,0.79449275422,0.7939630316,0.7939630316,0.04300535899323237,0.04300535899323237,0.04964954180000003,0.04964954180000003,0.9026782260799999,0.9026782260799999,0.8917665391,0.8917665391,0.028504823085586644,0.028504823085586644,0.04030961599999994,0.04030961599999994,0.96950265114,0.96950265114,0.9665749149,0.9665749149,0.01061448361708172,0.01061448361708172,0.012705202200000043,0.012705202200000043,3.6850800286000003,3.6850800286000003,3.72747049,3.72747049,0.12876383671571784,0.12876383671571784,0.17470918300000005,0.17470918300000005,0.6460765369251078,0.6460765369251078,0.6535085281674728,0.6535085281674728,0.022575166091599437,0.022575166091599437,0.030630407764723033,0.030630407764723033,0.006783823035400001,0.006783823035400001,0.007194608079,0.007194608079,0.00287015939081388,0.00287015939081388,0.002670426371,0.002670426371,0.0513884817,0.0513884817,0.04560158721,0.04560158721,0.01674570277220618,0.01674570277220618,0.02473614549,0.02473614549,0.12323855453200001,0.12323855453200001,0.1156157041,0.1156157041,0.026596739088769507,0.026596739088769507,0.04074125358000001,0.04074125358000001,0.052810266874,0.052810266874,0.05207136634,0.05207136634,0.006140755685000879,0.006140755685000879,0.005063438070000002,0.005063438070000002,0.0084236728972,0.0084236728972,0.0103496993,0.0103496993,0.002950331526577237,0.002950331526577237,0.005203528329000001,0.005203528329000001
graphmvp_gin,lipo,scaffold,0,expanded,molecule_model.gnns.3.mlp.2,gin_mlp_out,3,dumped/n4_full_ft_splits/lipo_scaffold_seed0.json,32,regression,300,600,5,True,1.12104296684,1.12104296684,1.023103952,1.023103952,0.24720498765628907,0.24720498765628907,0.1276689768,0.1276689768,47.18645385800001,47.18645385800001,47.78538139,47.78538139,6.11656218629965,6.11656218629965,9.108149410000003,9.108149410000003,0.15728817952666665,0.15728817952666665,0.15928460463333333,0.15928460463333333,0.020388540620998836,0.020388540620998836,0.03036049803333335,0.03036049803333335,1.9724662093999998,1.9724662093999998,2.065038656,2.065038656,0.16695183464668778,0.16695183464668778,0.3164213920000001,0.3164213920000001,0.7863675175199999,0.7863675175199999,0.7801545294,0.7801545294,0.04379947956936084,0.04379947956936084,0.04708839929999997,0.04708839929999997,0.8926198171399999,0.8926198171399999,0.8896951123,0.8896951123,0.02756861610778966,0.02756861610778966,0.044636765899999986,0.044636765899999986,0.9623908374999999,0.9623908374999999,0.9630559202,0.9630559202,0.012264313238995149,0.012264313238995149,0.015952881699999977,0.015952881699999977,3.8457865268000004,3.8457865268000004,3.866719764,3.866719764,0.12870716504389326,0.12870716504389326,0.2000979580000002,0.2000979580000002,0.6742519624281093,0.6742519624281093,0.6779220247583283,0.6779220247583283,0.022565230286355042,0.022565230286355042,0.03508162502499035,0.03508162502499035,0.007308172856799999,0.007308172856799999,0.006923728196,0.006923728196,0.002916095226368162,0.002916095226368162,0.0019022714109999993,0.0019022714109999993,0.026919895706,0.026919895706,0.02693127455,0.02693127455,0.008824204462335929,0.008824204462335929,0.00723445118,0.00723445118,0.069863095654,0.069863095654,0.06657388198,0.06657388198,0.006824929763438154,0.006824929763438154,0.00618265992,0.00618265992,0.071512987806,0.071512987806,0.07062809039,0.07062809039,0.006220208572308953,0.006220208572308953,0.007881857460000002,0.007881857460000002,0.0114603358324,0.0114603358324,0.01460174192,0.01460174192,0.004048001614104358,0.004048001614104358,0.007653782605999999,0.007653782605999999
graphmvp_gin,lipo,scaffold,0,expanded,molecule_model.gnns.4.mlp.0,gin_mlp_in,4,dumped/n4_full_ft_splits/lipo_scaffold_seed0.json,32,regression,600,300,5,True,1.12104296684,1.12104296684,1.023103952,1.023103952,0.24720498765628907,0.24720498765628907,0.1276689768,0.1276689768,29.426112084,29.426112084,30.42162098,30.42162098,3.5093589623288715,3.5093589623288715,6.22363958,6.22363958,0.09808704028,0.09808704028,0.10140540326666667,0.10140540326666667,0.011697863207762905,0.011697863207762905,0.020745465266666666,0.020745465266666666,1.4683076292,1.4683076292,1.503338005,1.503338005,0.07039960938125309,0.07039960938125309,0.10810215500000009,0.10810215500000009,0.8959171825599999,0.8959171825599999,0.8978904549,0.8978904549,0.022636002332475594,0.022636002332475594,0.045323429900000045,0.045323429900000045,0.95321288802,0.95321288802,0.9537872101,0.9537872101,0.012274927219379011,0.012274927219379011,0.025359254000000053,0.025359254000000053,0.98545395302,0.98545395302,0.9851057871,0.9851057871,0.004194031481139639,0.004194031481139639,0.007049920799999998,0.007049920799999998,3.3746601816000004,3.3746601816000004,3.415153572,3.415153572,0.12063074771653426,0.12063074771653426,0.21765002300000003,0.21765002300000003,0.5916530296508915,0.5916530296508915,0.598752422129466,0.598752422129466,0.021149254595969724,0.021149254595969724,0.03815889262381433,0.03815889262381433,0.0059326395462,0.0059326395462,0.007960590536,0.007960590536,0.003129613756387019,0.003129613756387019,0.004943960357,0.004943960357,0.021869122267999995,0.021869122267999995,0.01986340963,0.01986340963,0.008858064265770182,0.008858064265770182,0.0094420591,0.0094420591,0.065344117658,0.065344117658,0.0603528795,0.0603528795,0.013089927457622802,0.013089927457622802,0.006199706359999994,0.006199706359999994,0.14368566898,0.14368566898,0.1426286888,0.1426286888,0.011026632490683145,0.011026632490683145,0.01126710010000001,0.01126710010000001,0.022476833314,0.022476833314,0.02733650804,0.02733650804,0.0066515916761989554,0.0066515916761989554,0.01283252425,0.01283252425
graphmvp_gin,lipo,scaffold,0,expanded,molecule_model.gnns.4.mlp.2,gin_mlp_out,4,dumped/n4_full_ft_splits/lipo_scaffold_seed0.json,32,regression,300,600,5,True,1.12104296684,1.12104296684,1.023103952,1.023103952,0.24720498765628907,0.24720498765628907,0.1276689768,0.1276689768,6.4579319838,6.4579319838,6.425474096,6.425474096,0.5162632943185023,0.5162632943185023,0.6395197010000002,0.6395197010000002,0.021526439946000002,0.021526439946000002,0.021418246986666667,0.021418246986666667,0.00172087764772834,0.00172087764772834,0.0021317323366666675,0.0021317323366666675,1.0414931916,1.0414931916,1.040383687,1.040383687,0.003945502891804245,0.003945502891804245,0.004501409000000178,0.004501409000000178,0.9932895265600001,0.9932895265600001,0.9933721591,0.9933721591,0.0014422709555027351,0.0014422709555027351,0.001467269100000057,0.001467269100000057,0.99761328266,0.99761328266,0.9977298589,0.9977298589,0.0005166756706085717,0.0005166756706085717,0.0006373135999999668,0.0006373135999999668,0.99943973592,0.99943973592,0.9994490747,0.9994490747,0.00010344768455437543,0.00010344768455437543,8.940619999997512e-05,8.940619999997512e-05,1.8621092822,1.8621092822,1.860270417,1.860270417,0.08004100081497237,0.08004100081497237,0.09912853999999993,0.09912853999999993,0.3264691966206582,0.3264691966206582,0.32614680262892193,0.32614680262892193,0.014032968678350041,0.014032968678350041,0.017379439072310543,0.017379439072310543,0.0004052687649199999,0.0004052687649199999,0.0003818960229,0.0003818960229,0.00010867696216489945,0.00010867696216489945,8.093887059999999e-05,8.093887059999999e-05,0.0011461772126200001,0.0011461772126200001,0.001119999415,0.001119999415,0.0003304473207987739,0.0003304473207987739,0.00032773620899999995,0.00032773620899999995,0.0039872071794,0.0039872071794,0.003762411837,0.003762411837,0.001197055186323895,0.001197055186323895,0.00013773149600000006,0.00013773149600000006,0.5157710865199999,0.5157710865199999,0.5227923281,0.5227923281,0.017851033108729084,0.017851033108729084,0.028634655599999947,0.028634655599999947,0.080983800432,0.080983800432,0.08858586103,0.08858586103,0.024724110120490233,0.024724110120490233,0.051322203090000004,0.051322203090000004
graphmvp_gin,lipo,scaffold,0,historical,molecule_model.gnns.0.mlp.0,gin_mlp_in,0,dumped/n4_full_ft_splits/lipo_scaffold_seed0.json,32,regression,600,300,5,True,1.12104296684,1.12104296684,1.023103952,1.023103952,0.24720498765628907,0.24720498765628907,0.1276689768,0.1276689768,7.529062279200001,7.529062279200001,7.648793551,7.648793551,0.7264111929008791,0.7264111929008791,0.3581892160000004,0.3581892160000004,0.025096874264,0.025096874264,0.025495978503333332,0.025495978503333332,0.00242137064300293,0.00242137064300293,0.001193964053333333,0.001193964053333333,2.2719007914,2.2719007914,2.273122228,2.273122228,0.3810596324108726,0.3810596324108726,0.600502799,0.600502799,0.91974070466,0.91974070466,0.9259400199,0.9259400199,0.0336882636077914,0.0336882636077914,0.03549351639999998,0.03549351639999998,0.9947018063799999,0.9947018063799999,0.9951073957,0.9951073957,0.002443754372857681,0.002443754372857681,0.0009837171000000033,0.0009837171000000033,1.0,1.0,1.0,1.0,0.0,0.0,0.0,0.0,2.0138830478,2.0138830478,2.03454793,2.03454793,0.1001324012096422,0.1001324012096422,0.047016120999999966,0.047016120999999966,0.3530785153095075,0.3530785153095075,0.35670152903624425,0.35670152903624425,0.017555438282326467,0.017555438282326467,0.008242972309850216,0.008242972309850216,0.124642097426,0.124642097426,0.1223735769,0.1223735769,0.022233379549941392,0.022233379549941392,0.030852997900000012,0.030852997900000012,0.28015256405999994,0.28015256405999994,0.2790341019,0.2790341019,0.026079452850025588,0.026079452850025588,0.04198461719999996,0.04198461719999996,0.45918187856000003,0.45918187856000003,0.4663612038,0.4663612038,0.020300333723690608,0.020300333723690608,0.027425053899999996,0.027425053899999996,0.029396199336,0.029396199336,0.02940968965,0.02940968965,0.008028505317687574,0.008028505317687574,0.00748578385,0.00748578385,0.0013197541935000001,0.0013197541935000001,0.001199210528,0.001199210528,0.0006734744576343359,0.0006734744576343359,0.00039808987659999996,0.00039808987659999996
graphmvp_gin,lipo,scaffold,0,historical,molecule_model.gnns.1.mlp.0,gin_mlp_in,1,dumped/n4_full_ft_splits/lipo_scaffold_seed0.json,32,regression,600,300,5,True,1.12104296684,1.12104296684,1.023103952,1.023103952,0.24720498765628907,0.24720498765628907,0.1276689768,0.1276689768,18.45112434,18.45112434,17.58703194,17.58703194,2.3185194556682482,2.3185194556682482,2.39394656,2.39394656,0.061503747799999994,0.061503747799999994,0.058623439799999996,0.058623439799999996,0.007728398185560827,0.007728398185560827,0.007979821866666674,0.007979821866666674,2.4744633451999998,2.4744633451999998,2.435820965,2.435820965,0.5743842788569845,0.5743842788569845,0.405161589,0.405161589,0.82993656514,0.82993656514,0.8280387632,0.8280387632,0.04598952631475535,0.04598952631475535,0.04803115390000001,0.04803115390000001,0.9517420401399999,0.9517420401399999,0.9572787752,0.9572787752,0.014718396201692156,0.014718396201692156,0.02153050979999993,0.02153050979999993,0.9926168161,0.9926168161,0.9941812106,0.9941812106,0.0038715865117542525,0.0038715865117542525,0.003806747099999952,0.003806747099999952,2.9073858042,2.9073858042,2.867161809,2.867161809,0.1238540728519678,0.1238540728519678,0.12951662300000022,0.12951662300000022,0.5097294325508521,0.5097294325508521,0.5026772710459685,0.5026772710459685,0.021714375224211747,0.021714375224211747,0.02270714627976883,0.02270714627976883,0.031669557588000004,0.031669557588000004,0.03183454441,0.03183454441,0.01006534111328088,0.01006534111328088,0.020329314309999996,0.020329314309999996,0.08189518181199999,0.08189518181199999,0.08389325826,0.08389325826,0.01011516399655506,0.01011516399655506,0.015998157769999993,0.015998157769999993,0.26278611636,0.26278611636,0.2596260563,0.2596260563,0.031159883555043344,0.031159883555043344,0.04529027700000002,0.04529027700000002,0.112770441282,0.112770441282,0.1009451486,0.1009451486,0.018408619515534623,0.018408619515534623,0.03594402291000001,0.03594402291000001,0.0052043553908,0.0052043553908,0.005324766971,0.005324766971,0.002308346421658676,0.002308346421658676,0.004655699479,0.004655699479
graphmvp_gin,lipo,scaffold,0,historical,molecule_model.gnns.2.mlp.0,gin_mlp_in,2,dumped/n4_full_ft_splits/lipo_scaffold_seed0.json,32,regression,600,300,5,True,1.12104296684,1.12104296684,1.023103952,1.023103952,0.24720498765628907,0.24720498765628907,0.1276689768,0.1276689768,34.005083606,34.005083606,33.62464229,33.62464229,3.5966478876246177,3.5966478876246177,6.66482693,6.66482693,0.11335027868666667,0.11335027868666667,0.11208214096666666,0.11208214096666666,0.011988826292082064,0.011988826292082064,0.02221608976666667,0.02221608976666667,2.2091599506,2.2091599506,2.323938201,2.323938201,0.27402912984984984,0.27402912984984984,0.21234664300000006,0.21234664300000006,0.79968381222,0.79968381222,0.8176887558,0.8176887558,0.03794839203818204,0.03794839203818204,0.06769116529999997,0.06769116529999997,0.9163821866999999,0.9163821866999999,0.9253522216,0.9253522216,0.019876216514604347,0.019876216514604347,0.03361470030000002,0.03361470030000002,0.97803663576,0.97803663576,0.9791724506,0.9791724506,0.00663603121845356,0.00663603121845356,0.011652480199999982,0.011652480199999982,3.5209152153999996,3.5209152153999996,3.5152592,3.5152592,0.1057742752954948,0.1057742752954948,0.1966527880000002,0.1966527880000002,0.6172947918411327,0.6172947918411327,0.6163031664723302,0.6163031664723302,0.01854458436405752,0.01854458436405752,0.03447761005504568,0.03447761005504568,0.0145126080016,0.0145126080016,0.01540595047,0.01540595047,0.0075181752433477415,0.0075181752433477415,0.009772152970000001,0.009772152970000001,0.051616819902,0.051616819902,0.04163108874,0.04163108874,0.016757891674577113,0.016757891674577113,0.028769613050000004,0.028769613050000004,0.1431669391,0.1431669391,0.1359554504,0.1359554504,0.024146632995414776,0.024146632995414776,0.0176337964,0.0176337964,0.15707576176,0.15707576176,0.1559457647,0.1559457647,0.015464876745934792,0.015464876745934792,0.017854060099999985,0.017854060099999985,0.007080078684000001,0.007080078684000001,0.008076695725,0.008076695725,0.0026879494332547826,0.0026879494332547826,0.004372256808000001,0.004372256808000001
graphmvp_gin,lipo,scaffold,0,historical,molecule_model.gnns.3.mlp.0,gin_mlp_in,3,dumped/n4_full_ft_splits/lipo_scaffold_seed0.json,32,regression,600,300,5,True,1.12104296684,1.12104296684,1.023103952,1.023103952,0.24720498765628907,0.24720498765628907,0.1276689768,0.1276689768,40.178906994,40.178906994,41.57381366,41.57381366,5.149871212205142,5.149871212205142,6.799432499999995,6.799432499999995,0.13392968998,0.13392968998,0.13857937886666666,0.13857937886666666,0.01716623737401714,0.01716623737401714,0.022664774999999984,0.022664774999999984,2.2123689082,2.2123689082,2.285233682,2.285233682,0.4706386023849127,0.4706386023849127,0.8064240039999999,0.8064240039999999,0.79449275422,0.79449275422,0.7939630316,0.7939630316,0.04300535899323237,0.04300535899323237,0.04964954180000003,0.04964954180000003,0.9026782260799999,0.9026782260799999,0.8917665391,0.8917665391,0.028504823085586644,0.028504823085586644,0.04030961599999994,0.04030961599999994,0.96950265114,0.96950265114,0.9665749149,0.9665749149,0.01061448361708172,0.01061448361708172,0.012705202200000043,0.012705202200000043,3.6850800286000003,3.6850800286000003,3.72747049,3.72747049,0.12876383671571784,0.12876383671571784,0.17470918300000005,0.17470918300000005,0.6460765369251078,0.6460765369251078,0.6535085281674728,0.6535085281674728,0.022575166091599437,0.022575166091599437,0.030630407764723033,0.030630407764723033,0.006783823035400001,0.006783823035400001,0.007194608079,0.007194608079,0.00287015939081388,0.00287015939081388,0.002670426371,0.002670426371,0.0513884817,0.0513884817,0.04560158721,0.04560158721,0.01674570277220618,0.01674570277220618,0.02473614549,0.02473614549,0.12323855453200001,0.12323855453200001,0.1156157041,0.1156157041,0.026596739088769507,0.026596739088769507,0.04074125358000001,0.04074125358000001,0.18795755899999997,0.18795755899999997,0.188165388,0.188165388,0.012871880598031127,0.012871880598031127,0.01405513189999999,0.01405513189999999,0.0084236728972,0.0084236728972,0.0103496993,0.0103496993,0.002950331526577237,0.002950331526577237,0.005203528329000001,0.005203528329000001
graphmvp_gin,lipo,scaffold,0,historical,molecule_model.gnns.4.mlp.0,gin_mlp_in,4,dumped/n4_full_ft_splits/lipo_scaffold_seed0.json,32,regression,600,300,5,True,1.12104296684,1.12104296684,1.023103952,1.023103952,0.24720498765628907,0.24720498765628907,0.1276689768,0.1276689768,29.426112084,29.426112084,30.42162098,30.42162098,3.5093589623288715,3.5093589623288715,6.22363958,6.22363958,0.09808704028,0.09808704028,0.10140540326666667,0.10140540326666667,0.011697863207762905,0.011697863207762905,0.020745465266666666,0.020745465266666666,1.4683076292,1.4683076292,1.503338005,1.503338005,0.07039960938125309,0.07039960938125309,0.10810215500000009,0.10810215500000009,0.8959171825599999,0.8959171825599999,0.8978904549,0.8978904549,0.022636002332475594,0.022636002332475594,0.045323429900000045,0.045323429900000045,0.95321288802,0.95321288802,0.9537872101,0.9537872101,0.012274927219379011,0.012274927219379011,0.025359254000000053,0.025359254000000053,0.98545395302,0.98545395302,0.9851057871,0.9851057871,0.004194031481139639,0.004194031481139639,0.007049920799999998,0.007049920799999998,3.3746601816000004,3.3746601816000004,3.415153572,3.415153572,0.12063074771653426,0.12063074771653426,0.21765002300000003,0.21765002300000003,0.5916530296508915,0.5916530296508915,0.598752422129466,0.598752422129466,0.021149254595969724,0.021149254595969724,0.03815889262381433,0.03815889262381433,0.0059326395462,0.0059326395462,0.007960590536,0.007960590536,0.003129613756387019,0.003129613756387019,0.004943960357,0.004943960357,0.021869122267999995,0.021869122267999995,0.01986340963,0.01986340963,0.008858064265770182,0.008858064265770182,0.0094420591,0.0094420591,0.065344117658,0.065344117658,0.0603528795,0.0603528795,0.013089927457622802,0.013089927457622802,0.006199706359999994,0.006199706359999994,0.5128000385799999,0.5128000385799999,0.5148032801,0.5148032801,0.029467467711558643,0.029467467711558643,0.021054410900000042,0.021054410900000042,0.022476833314,0.022476833314,0.02733650804,0.02733650804,0.0066515916761989554,0.0066515916761989554,0.01283252425,0.01283252425
graphmvp_gin,lipo,scaffold,1,expanded,molecule_model.gnns.0.mlp.0,gin_mlp_in,0,dumped/n4_full_ft_splits/lipo_scaffold_seed1.json,32,regression,600,300,5,True,1.27631641612,1.27631641612,1.186386585,1.186386585,0.22240193927783233,0.22240193927783233,0.2849797009999999,0.2849797009999999,7.1971894314,7.1971894314,7.309138571,7.309138571,0.40873170747738496,0.40873170747738496,0.21117669699999997,0.21117669699999997,0.023990631438,0.023990631438,0.024363795236666666,0.024363795236666666,0.001362439024924616,0.001362439024924616,0.0007039223233333315,0.0007039223233333315,2.3696598589999995,2.3696598589999995,2.477605484,2.477605484,0.22715998157643935,0.22715998157643935,0.35474429900000004,0.35474429900000004,0.93999522544,0.93999522544,0.9333436788,0.9333436788,0.012672906955652902,0.012672906955652902,0.02159211189999999,0.02159211189999999,0.9966337225,0.9966337225,0.9968592688,0.9968592688,0.0014850853282946709,0.0014850853282946709,0.0018783836000000331,0.0018783836000000331,1.0,1.0,1.0,1.0,0.0,0.0,0.0,0.0,1.9720197654,1.9720197654,1.989125424,1.989125424,0.05832808839173302,0.05832808839173302,0.029058146000000118,0.029058146000000118,0.34573895027770407,0.34573895027770407,0.34873795290026305,0.34873795290026305,0.010226211930574856,0.010226211930574856,0.0050945396548895405,0.0050945396548895405,0.09353574770999999,0.09353574770999999,0.1010963123,0.1010963123,0.01405672845530378,0.01405672845530378,0.00696035745000001,0.00696035745000001,0.2607290107,0.2607290107,0.2589411638,0.2589411638,0.033836815000558754,0.033836815000558754,0.03916976269999997,0.03916976269999997,0.42673034702,0.42673034702,0.4215804595,0.4215804595,0.040726111587269256,0.040726111587269256,0.01667659540000005,0.01667659540000005,0.0076317899221999995,0.0076317899221999995,0.006023974837,0.006023974837,0.0036572999080160848,0.0036572999080160848,0.002437672434000001,0.002437672434000001,0.0013992346939799998,0.0013992346939799998,0.001489691553,0.001489691553,0.00043787744683078796,0.00043787744683078796,0.0007515291799000001,0.0007515291799000001
graphmvp_gin,lipo,scaffold,1,expanded,molecule_model.gnns.0.mlp.2,gin_mlp_out,0,dumped/n4_full_ft_splits/lipo_scaffold_seed1.json,32,regression,300,600,5,True,1.27631641612,1.27631641612,1.186386585,1.186386585,0.22240193927783233,0.22240193927783233,0.2849797009999999,0.2849797009999999,15.434407553999998,15.434407553999998,15.26796716,15.26796716,0.775973026706838,0.775973026706838,0.5947803100000009,0.5947803100000009,0.05144802518,0.05144802518,0.05089322386666666,0.05089322386666666,0.002586576755689459,0.002586576755689459,0.0019826010333333366,0.0019826010333333366,2.8474674702,2.8474674702,2.744491317,2.744491317,0.2849905349704496,0.2849905349704496,0.10871101100000002,0.10871101100000002,0.8854265587800001,0.8854265587800001,0.8950114811,0.8950114811,0.016133589763729868,0.016133589763729868,0.03064187220000003,0.03064187220000003,0.9748666057800002,0.9748666057800002,0.9756389696,0.9756389696,0.002830133749587469,0.002830133749587469,0.001786044699999989,0.001786044699999989,0.99599280682,0.99599280682,0.9963902529,0.9963902529,0.0007565417909000926,0.0007565417909000926,0.0007913864999999909,0.0007913864999999909,2.7353479852,2.7353479852,2.725756984,2.725756984,0.049907837474874595,0.049907837474874595,0.038602303999999865,0.038602303999999865,0.47956737434396546,0.47956737434396546,0.47788585839509895,0.47788585839509895,0.008749954560264476,0.008749954560264476,0.006767842948345759,0.006767842948345759,0.039379415529999996,0.039379415529999996,0.04120579738,0.04120579738,0.021895006072321557,0.021895006072321557,0.03675424981,0.03675424981,0.13967043325200001,0.13967043325200001,0.1346937503,0.1346937503,0.0344568052627579,0.0344568052627579,0.0681293125,0.0681293125,0.26803814702000006,0.26803814702000006,0.2763298619,0.2763298619,0.030055932628801872,0.030055932628801872,0.02870184549999999,0.02870184549999999,0.017156452978,0.017156452978,0.01398847487,0.01398847487,0.006465642445406518,0.006465642445406518,0.01044971397,0.01044971397,0.0031907876022,0.0031907876022,0.002679963363,0.002679963363,0.0008941894557905223,0.0008941894557905223,0.0013309128119999999,0.0013309128119999999
graphmvp_gin,lipo,scaffold,1,expanded,molecule_model.gnns.1.mlp.0,gin_mlp_in,1,dumped/n4_full_ft_splits/lipo_scaffold_seed1.json,32,regression,600,300,5,True,1.27631641612,1.27631641612,1.186386585,1.186386585,0.22240193927783233,0.22240193927783233,0.2849797009999999,0.2849797009999999,18.663962074,18.663962074,18.85676072,18.85676072,0.457417369278748,0.457417369278748,0.7239393700000001,0.7239393700000001,0.06221320691333333,0.06221320691333333,0.06285586906666667,0.06285586906666667,0.0015247245642624914,0.0015247245642624914,0.0024131312333333307,0.0024131312333333307,2.4632310046,2.4632310046,2.311672206,2.311672206,0.30020831637131506,0.30020831637131506,0.536917394,0.536917394,0.82634757786,0.82634757786,0.8196208519,0.8196208519,0.01033882121685515,0.01033882121685515,0.017580302100000056,0.017580302100000056,0.95364954042,0.95364954042,0.9537565381,0.9537565381,0.0020618074590388947,0.0020618074590388947,0.0018633587999999923,0.0018633587999999923,0.9929352014000001,0.9929352014000001,0.9923737433,0.9923737433,0.0009336482656635232,0.0009336482656635232,0.0014641926999999777,0.0014641926999999777,2.926293183,2.926293183,2.936871508,2.936871508,0.024568945714611958,0.024568945714611958,0.03897264499999986,0.03897264499999986,0.5130443168200212,0.5130443168200212,0.5148989326029692,0.5148989326029692,0.004307482942026634,0.004307482942026634,0.006832771967228535,0.006832771967228535,0.030839830327999994,0.030839830327999994,0.02479702013,0.02479702013,0.015929522111657372,0.015929522111657372,0.02081468197,0.02081468197,0.08226485845599998,0.08226485845599998,0.07649306727,0.07649306727,0.016826510432660764,0.016826510432660764,0.0047440230300000025,0.0047440230300000025,0.24883343106,0.24883343106,0.246686794,0.246686794,0.028552230827691177,0.028552230827691177,0.03908876720000001,0.03908876720000001,0.029363389500000003,0.029363389500000003,0.02269395996,0.02269395996,0.011781792837800053,0.011781792837800053,0.016104221849999996,0.016104221849999996,0.0054501538165999995,0.0054501538165999995,0.00481458474,0.00481458474,0.0015976487535819053,0.0015976487535819053,0.002447787672,0.002447787672
graphmvp_gin,lipo,scaffold,1,expanded,molecule_model.gnns.1.mlp.2,gin_mlp_out,1,dumped/n4_full_ft_splits/lipo_scaffold_seed1.json,32,regression,300,600,5,True,1.27631641612,1.27631641612,1.186386585,1.186386585,0.22240193927783233,0.22240193927783233,0.2849797009999999,0.2849797009999999,34.203444242,34.203444242,33.77476486,33.77476486,1.3631523487965647,1.3631523487965647,2.111906640000001,2.111906640000001,0.11401148080666668,0.11401148080666668,0.11258254953333333,0.11258254953333333,0.004543841162655215,0.004543841162655215,0.007039688799999999,0.007039688799999999,2.1305530787999998,2.1305530787999998,1.906676272,1.906676272,0.3923631449956007,0.3923631449956007,0.3789367429999999,0.3789367429999999,0.8089918444,0.8089918444,0.8207305867,0.8207305867,0.022162387624622228,0.022162387624622228,0.022196441600000005,0.022196441600000005,0.92466431516,0.92466431516,0.9284284742,0.9284284742,0.006962756044003165,0.006962756044003165,0.011540444799999938,0.011540444799999938,0.9797577739,0.9797577739,0.9798772231,0.9798772231,0.0025969929037450946,0.0025969929037450946,0.0035837249000000293,0.0035837249000000293,3.53152877,3.53152877,3.519713922,3.519713922,0.03998265212880336,0.03998265212880336,0.06096008499999961,0.06096008499999961,0.6191555841569615,0.6191555841569615,0.6170841783744835,0.6170841783744835,0.0070098486936448655,0.0070098486936448655,0.01068765950855688,0.01068765950855688,0.008324344889999998,0.008324344889999998,0.006722128939,0.006722128939,0.0038444854902885952,0.0038444854902885952,0.006219103750999999,0.006219103750999999,0.039469629566,0.039469629566,0.03431728571,0.03431728571,0.009512692574346681,0.009512692574346681,0.01389843206,0.01389843206,0.110149985822,0.110149985822,0.1132018558,0.1132018558,0.016598496457671644,0.016598496457671644,0.019870500590000006,0.019870500590000006,0.055624647008,0.055624647008,0.05146867892,0.05146867892,0.01913682184858556,0.01913682184858556,0.03079163568,0.03079163568,0.0104447210188,0.0104447210188,0.01091921888,0.01091921888,0.003157988202166902,0.003157988202166902,0.003600668158,0.003600668158
graphmvp_gin,lipo,scaffold,1,expanded,molecule_model.gnns.2.mlp.0,gin_mlp_in,2,dumped/n4_full_ft_splits/lipo_scaffold_seed1.json,32,regression,600,300,5,True,1.27631641612,1.27631641612,1.186386585,1.186386585,0.22240193927783233,0.22240193927783233,0.2849797009999999,0.2849797009999999,34.802140687999994,34.802140687999994,36.15173759,36.15173759,2.469792624309635,2.469792624309635,2.8611895700000005,2.8611895700000005,0.11600713562666667,0.11600713562666667,0.12050579196666668,0.12050579196666668,0.008232642081032117,0.008232642081032117,0.009537298566666658,0.009537298566666658,2.6459943457999997,2.6459943457999997,2.64074654,2.64074654,0.5695083976041939,0.5695083976041939,0.28659490099999996,0.28659490099999996,0.7587518626799999,0.7587518626799999,0.7473855164,0.7473855164,0.053449217010626604,0.053449217010626604,0.034111192999999984,0.034111192999999984,0.9068980304400001,0.9068980304400001,0.8969974291,0.8969974291,0.01994818295118377,0.01994818295118377,0.020781274399999994,0.020781274399999994,0.9756031067800001,0.9756031067800001,0.9721693912,0.9721693912,0.004980253795641899,0.004980253795641899,0.008318243599999997,0.008318243599999997,3.5470569325999994,3.5470569325999994,3.587725014,3.587725014,0.07315045889525412,0.07315045889525412,0.0817904060000001,0.0817904060000001,0.6218780166250644,0.6218780166250644,0.6290080363235192,0.6290080363235192,0.012824903337440718,0.012824903337440718,0.014339678338615158,0.014339678338615158,0.010136264205800001,0.010136264205800001,0.007502687893,0.007502687893,0.006122214187613373,0.006122214187613373,0.005674272165,0.005674272165,0.048796973268,0.048796973268,0.05068231429,0.05068231429,0.017747369530125033,0.017747369530125033,0.008404423040000004,0.008404423040000004,0.13088423918,0.13088423918,0.1343530584,0.1343530584,0.012862712340828973,0.012862712340828973,0.011617925400000007,0.011617925400000007,0.04085855233,0.04085855233,0.0479915519,0.0479915519,0.011778054335998465,0.011778054335998465,0.01961231859,0.01961231859,0.0076481467122,0.0076481467122,0.007177331485,0.007177331485,0.0017424839780955416,0.0017424839780955416,0.001545036677,0.001545036677
graphmvp_gin,lipo,scaffold,1,expanded,molecule_model.gnns.2.mlp.2,gin_mlp_out,2,dumped/n4_full_ft_splits/lipo_scaffold_seed1.json,32,regression,300,600,5,True,1.27631641612,1.27631641612,1.186386585,1.186386585,0.22240193927783233,0.22240193927783233,0.2849797009999999,0.2849797009999999,46.140477442,46.140477442,47.24322768,47.24322768,2.615145525324518,2.615145525324518,3.8582977000000014,3.8582977000000014,0.15380159147333336,0.15380159147333336,0.1574774256,0.1574774256,0.008717151751081727,0.008717151751081727,0.012860992333333349,0.012860992333333349,2.2211491386000004,2.2211491386000004,2.250849506,2.250849506,0.16546822739763267,0.16546822739763267,0.1730113409999996,0.1730113409999996,0.76732624384,0.76732624384,0.7569298944,0.7569298944,0.03722710732434531,0.03722710732434531,0.04774029369999999,0.04774029369999999,0.89588858294,0.89588858294,0.8960579,0.8960579,0.017005167288252705,0.017005167288252705,0.028279193599999974,0.028279193599999974,0.96467792276,0.96467792276,0.9620826642,0.9620826642,0.005498730006595022,0.005498730006595022,0.008339487799999934,0.008339487799999934,3.8300731481999994,3.8300731481999994,3.855309314,3.855309314,0.05697532422112605,0.05697532422112605,0.08470117499999974,0.08470117499999974,0.6714970574734023,0.6714970574734023,0.6759215189447387,0.6759215189447387,0.009989042267002021,0.009989042267002021,0.014850000920679451,0.014850000920679451,0.005053651538799999,0.005053651538799999,0.00530171592,0.00530171592,0.0010220734887667455,0.0010220734887667455,0.0014888835589999998,0.0014888835589999998,0.029838749815999998,0.029838749815999998,0.03066999744,0.03066999744,0.004199510018012172,0.004199510018012172,0.004630487450000002,0.004630487450000002,0.09593672021800001,0.09593672021800001,0.09167106711,0.09167106711,0.009311141931337745,0.009311141931337745,0.012473654139999998,0.012473654139999998,0.047371418796,0.047371418796,0.04963129315,0.04963129315,0.012408008505955704,0.012408008505955704,0.021017664730000003,0.021017664730000003,0.0089511917908,0.0089511917908,0.008173564449,0.008173564449,0.002065096821271319,0.002065096821271319,0.00033437367499999926,0.00033437367499999926
graphmvp_gin,lipo,scaffold,1,expanded,molecule_model.gnns.3.mlp.0,gin_mlp_in,3,dumped/n4_full_ft_splits/lipo_scaffold_seed1.json,32,regression,600,300,5,True,1.27631641612,1.27631641612,1.186386585,1.186386585,0.22240193927783233,0.22240193927783233,0.2849797009999999,0.2849797009999999,39.146084038000005,39.146084038000005,39.76862673,39.76862673,3.850762229479829,3.850762229479829,3.4345279199999936,3.4345279199999936,0.13048694679333334,0.13048694679333334,0.1325620891,0.1325620891,0.012835874098266094,0.012835874098266094,0.011448426399999989,0.011448426399999989,2.4324273875999998,2.4324273875999998,2.341606132,2.341606132,0.6409385896404286,0.6409385896404286,0.6294290070000002,0.6294290070000002,0.77756900864,0.77756900864,0.7633223646,0.7633223646,0.06417022789837866,0.06417022789837866,0.051156099499999996,0.051156099499999996,0.90086572172,0.90086572172,0.9055021391,0.9055021391,0.031661186942631155,0.031661186942631155,0.01432249699999999,0.01432249699999999,0.97095044118,0.97095044118,0.9710462215,0.9710462215,0.008223624306282994,0.008223624306282994,0.003929060200000056,0.003929060200000056,3.6624204504,3.6624204504,3.683078328,3.683078328,0.09905194768616556,0.09905194768616556,0.08865034399999994,0.08865034399999994,0.6421038085995303,0.6421038085995303,0.6457255942640063,0.6457255942640063,0.01736601073520706,0.01736601073520706,0.015542378131336965,0.015542378131336965,0.0085139534762,0.0085139534762,0.009692969363,0.009692969363,0.0032453854938717676,0.0032453854938717676,0.0031235718900000002,0.0031235718900000002,0.05323685004400001,0.05323685004400001,0.053454522,0.053454522,0.011543950729314634,0.011543950729314634,0.01258770486,0.01258770486,0.12862492406,0.12862492406,0.1202038923,0.1202038923,0.012289429601485921,0.012289429601485921,0.0231855678,0.0231855678,0.05659714395399999,0.05659714395399999,0.05609170117,0.05609170117,0.010947834072489466,0.010947834072489466,0.009556397309999999,0.009556397309999999,0.010837790836400001,0.010837790836400001,0.01106940769,0.01106940769,0.0017979121856615834,0.0017979121856615834,0.0020046103800000006,0.0020046103800000006
graphmvp_gin,lipo,scaffold,1,expanded,molecule_model.gnns.3.mlp.2,gin_mlp_out,3,dumped/n4_full_ft_splits/lipo_scaffold_seed1.json,32,regression,300,600,5,True,1.27631641612,1.27631641612,1.186386585,1.186386585,0.22240193927783233,0.22240193927783233,0.2849797009999999,0.2849797009999999,46.112550039999995,46.112550039999995,44.92749503,44.92749503,4.033840113928817,4.033840113928817,5.25202178,5.25202178,0.15370850013333331,0.15370850013333331,0.14975831676666668,0.14975831676666668,0.013446133713096053,0.013446133713096053,0.017506739266666654,0.017506739266666654,2.001246419,2.001246419,1.77663128,1.77663128,0.3055233327150166,0.3055233327150166,0.528209366,0.528209366,0.7733128109,0.7733128109,0.7846804662,0.7846804662,0.05377506382492741,0.05377506382492741,0.09710568789999996,0.09710568789999996,0.89547008324,0.89547008324,0.9105317104,0.9105317104,0.024091435534276874,0.024091435534276874,0.031057176699999967,0.031057176699999967,0.96466470828,0.96466470828,0.9677880001,0.9677880001,0.007212714864411784,0.007212714864411784,0.007259082300000053,0.007259082300000053,3.82729445,3.82729445,3.805049969,3.805049969,0.08687951113196221,0.08687951113196221,0.11360472299999991,0.11360472299999991,0.6710098898416866,0.6710098898416866,0.667109937292858,0.667109937292858,0.015231911721387823,0.015231911721387823,0.01991743610573915,0.01991743610573915,0.007502182391199999,0.007502182391199999,0.008436346209,0.008436346209,0.0018232084964993121,0.0018232084964993121,0.0027851291240000003,0.0027851291240000003,0.024809418672,0.024809418672,0.0237847192,0.0237847192,0.002516738699199422,0.002516738699199422,0.002004036760000001,0.002004036760000001,0.069112322378,0.069112322378,0.06904495821,0.06904495821,0.008139305491475323,0.008139305491475323,0.014120386779999994,0.014120386779999994,0.073315218168,0.073315218168,0.07434629783,0.07434629783,0.002748273552065091,0.002748273552065091,0.0024453334999999937,0.0024453334999999937,0.014336695706,0.014336695706,0.01443924103,0.01443924103,0.0028040573072966837,0.0028040573072966837,0.003420040939999999,0.003420040939999999
graphmvp_gin,lipo,scaffold,1,expanded,molecule_model.gnns.4.mlp.0,gin_mlp_in,4,dumped/n4_full_ft_splits/lipo_scaffold_seed1.json,32,regression,600,300,5,True,1.27631641612,1.27631641612,1.186386585,1.186386585,0.22240193927783233,0.22240193927783233,0.2849797009999999,0.2849797009999999,29.080704616,29.080704616,27.78990663,27.78990663,4.051638957222207,4.051638957222207,4.65786172,4.65786172,0.09693568205333333,0.09693568205333333,0.0926330221,0.0926330221,0.013505463190740688,0.013505463190740688,0.015526205733333326,0.015526205733333326,1.4574056929999997,1.4574056929999997,1.467801638,1.467801638,0.15015715062427037,0.15015715062427037,0.2965853679999999,0.2965853679999999,0.88466694608,0.88466694608,0.8966221724,0.8966221724,0.039759200608438794,0.039759200608438794,0.06887686240000002,0.06887686240000002,0.9501310696,0.9501310696,0.9625996965,0.9625996965,0.01985260561460278,0.01985260561460278,0.019382646299999973,0.019382646299999973,0.98604220692,0.98604220692,0.9880097621,0.9880097621,0.005506399612986548,0.005506399612986548,0.00413955509999997,0.00413955509999997,3.3608402954,3.3608402954,3.324672884,3.324672884,0.13425008957637985,0.13425008957637985,0.16443274099999972,0.16443274099999972,0.5892300960517567,0.5892300960517567,0.5828891439623838,0.5828891439623838,0.023537028309353916,0.023537028309353916,0.028828718789790653,0.028828718789790653,0.0046338436744,0.0046338436744,0.003654342777,0.003654342777,0.0023403346392210965,0.0023403346392210965,6.844747900000038e-05,6.844747900000038e-05,0.01937673218,0.01937673218,0.01866755122,0.01866755122,0.004413797753748154,0.004413797753748154,0.003815024739999999,0.003815024739999999,0.07125154417400001,0.07125154417400001,0.0675491273,0.0675491273,0.014559469171198415,0.014559469171198415,0.02550417069,0.02550417069,0.14833054478000002,0.14833054478000002,0.1474295952,0.1474295952,0.01572796050132638,0.01572796050132638,0.0224107657,0.0224107657,0.029405486209999998,0.029405486209999998,0.02999189496,0.02999189496,0.007662880728984969,0.007662880728984969,0.0034831948499999994,0.0034831948499999994
graphmvp_gin,lipo,scaffold,1,expanded,molecule_model.gnns.4.mlp.2,gin_mlp_out,4,dumped/n4_full_ft_splits/lipo_scaffold_seed1.json,32,regression,300,600,5,True,1.27631641612,1.27631641612,1.186386585,1.186386585,0.22240193927783233,0.22240193927783233,0.2849797009999999,0.2849797009999999,6.481415246,6.481415246,6.540182196,6.540182196,0.26660461827120296,0.26660461827120296,0.414065978,0.414065978,0.021604717486666668,0.021604717486666668,0.02180060732,0.02180060732,0.0008886820609040103,0.0008886820609040103,0.001380219926666669,0.001380219926666669,1.0433142405999998,1.0433142405999998,1.043053126,1.043053126,0.006841300022540297,0.006841300022540297,0.005864354999999932,0.005864354999999932,0.9933122651200001,0.9933122651200001,0.9931919159,0.9931919159,0.0006821341952107181,0.0006821341952107181,0.0002227257000000371,0.0002227257000000371,0.99763555794,0.99763555794,0.9976226952,0.9976226952,0.0003173017867648311,0.0003173017867648311,0.0003288603000000112,0.0003288603000000112,0.99942663476,0.99942663476,0.9994337601,0.9994337601,6.252451999829236e-05,6.252451999829236e-05,3.4683800000046006e-05,3.4683800000046006e-05,1.8680807382000002,1.8680807382000002,1.877965024,1.877965024,0.04157664295401807,0.04157664295401807,0.06347912700000014,0.06347912700000014,0.3275161257464679,0.3275161257464679,0.32924906101248114,0.32924906101248114,0.007289310758037648,0.007289310758037648,0.011129303630013798,0.011129303630013798,0.00022115810962800004,0.00022115810962800004,0.0001870285133,0.0001870285133,0.000119433558753594,0.000119433558753594,0.00013040445,0.00013040445,0.00084581843458,0.00084581843458,0.0007267444348,0.0007267444348,0.0003132356710253862,0.0003132356710253862,0.00016363426820000004,0.00016363426820000004,0.0029750803621999998,0.0029750803621999998,0.002620809051,0.002620809051,0.0009238236899928396,0.0009238236899928396,0.0003041050839999999,0.0003041050839999999,0.5237508425599999,0.5237508425599999,0.5048535279,0.5048535279,0.052954398465232325,0.052954398465232325,0.09234998440000003,0.09234998440000003,0.10413313507399999,0.10413313507399999,0.1013896018,0.1013896018,0.02897397463938184,0.02897397463938184,0.035632438929999996,0.035632438929999996
graphmvp_gin,lipo,scaffold,1,historical,molecule_model.gnns.0.mlp.0,gin_mlp_in,0,dumped/n4_full_ft_splits/lipo_scaffold_seed1.json,32,regression,600,300,5,True,1.27631641612,1.27631641612,1.186386585,1.186386585,0.22240193927783233,0.22240193927783233,0.2849797009999999,0.2849797009999999,7.1971894314,7.1971894314,7.309138571,7.309138571,0.40873170747738496,0.40873170747738496,0.21117669699999997,0.21117669699999997,0.023990631438,0.023990631438,0.024363795236666666,0.024363795236666666,0.001362439024924616,0.001362439024924616,0.0007039223233333315,0.0007039223233333315,2.3696598589999995,2.3696598589999995,2.477605484,2.477605484,0.22715998157643935,0.22715998157643935,0.35474429900000004,0.35474429900000004,0.93999522544,0.93999522544,0.9333436788,0.9333436788,0.012672906955652902,0.012672906955652902,0.02159211189999999,0.02159211189999999,0.9966337225,0.9966337225,0.9968592688,0.9968592688,0.0014850853282946709,0.0014850853282946709,0.0018783836000000331,0.0018783836000000331,1.0,1.0,1.0,1.0,0.0,0.0,0.0,0.0,1.9720197654,1.9720197654,1.989125424,1.989125424,0.05832808839173302,0.05832808839173302,0.029058146000000118,0.029058146000000118,0.34573895027770407,0.34573895027770407,0.34873795290026305,0.34873795290026305,0.010226211930574856,0.010226211930574856,0.0050945396548895405,0.0050945396548895405,0.09353574770999999,0.09353574770999999,0.1010963123,0.1010963123,0.01405672845530378,0.01405672845530378,0.00696035745000001,0.00696035745000001,0.2607290107,0.2607290107,0.2589411638,0.2589411638,0.033836815000558754,0.033836815000558754,0.03916976269999997,0.03916976269999997,0.42673034702,0.42673034702,0.4215804595,0.4215804595,0.040726111587269256,0.040726111587269256,0.01667659540000005,0.01667659540000005,0.026727155818000004,0.026727155818000004,0.0234850013,0.0234850013,0.01196613404917846,0.01196613404917846,0.009443759230000001,0.009443759230000001,0.0013992346939799998,0.0013992346939799998,0.001489691553,0.001489691553,0.00043787744683078796,0.00043787744683078796,0.0007515291799000001,0.0007515291799000001
graphmvp_gin,lipo,scaffold,1,historical,molecule_model.gnns.1.mlp.0,gin_mlp_in,1,dumped/n4_full_ft_splits/lipo_scaffold_seed1.json,32,regression,600,300,5,True,1.27631641612,1.27631641612,1.186386585,1.186386585,0.22240193927783233,0.22240193927783233,0.2849797009999999,0.2849797009999999,18.663962074,18.663962074,18.85676072,18.85676072,0.457417369278748,0.457417369278748,0.7239393700000001,0.7239393700000001,0.06221320691333333,0.06221320691333333,0.06285586906666667,0.06285586906666667,0.0015247245642624914,0.0015247245642624914,0.0024131312333333307,0.0024131312333333307,2.4632310046,2.4632310046,2.311672206,2.311672206,0.30020831637131506,0.30020831637131506,0.536917394,0.536917394,0.82634757786,0.82634757786,0.8196208519,0.8196208519,0.01033882121685515,0.01033882121685515,0.017580302100000056,0.017580302100000056,0.95364954042,0.95364954042,0.9537565381,0.9537565381,0.0020618074590388947,0.0020618074590388947,0.0018633587999999923,0.0018633587999999923,0.9929352014000001,0.9929352014000001,0.9923737433,0.9923737433,0.0009336482656635232,0.0009336482656635232,0.0014641926999999777,0.0014641926999999777,2.926293183,2.926293183,2.936871508,2.936871508,0.024568945714611958,0.024568945714611958,0.03897264499999986,0.03897264499999986,0.5130443168200212,0.5130443168200212,0.5148989326029692,0.5148989326029692,0.004307482942026634,0.004307482942026634,0.006832771967228535,0.006832771967228535,0.030839830327999994,0.030839830327999994,0.02479702013,0.02479702013,0.015929522111657372,0.015929522111657372,0.02081468197,0.02081468197,0.08226485845599998,0.08226485845599998,0.07649306727,0.07649306727,0.016826510432660764,0.016826510432660764,0.0047440230300000025,0.0047440230300000025,0.24883343106,0.24883343106,0.246686794,0.246686794,0.028552230827691177,0.028552230827691177,0.03908876720000001,0.03908876720000001,0.10302850641799999,0.10302850641799999,0.08955712953,0.08955712953,0.03794476790741257,0.03794476790741257,0.057821593680000005,0.057821593680000005,0.0054501538165999995,0.0054501538165999995,0.00481458474,0.00481458474,0.0015976487535819053,0.0015976487535819053,0.002447787672,0.002447787672
graphmvp_gin,lipo,scaffold,1,historical,molecule_model.gnns.2.mlp.0,gin_mlp_in,2,dumped/n4_full_ft_splits/lipo_scaffold_seed1.json,32,regression,600,300,5,True,1.27631641612,1.27631641612,1.186386585,1.186386585,0.22240193927783233,0.22240193927783233,0.2849797009999999,0.2849797009999999,34.802140687999994,34.802140687999994,36.15173759,36.15173759,2.469792624309635,2.469792624309635,2.8611895700000005,2.8611895700000005,0.11600713562666667,0.11600713562666667,0.12050579196666668,0.12050579196666668,0.008232642081032117,0.008232642081032117,0.009537298566666658,0.009537298566666658,2.6459943457999997,2.6459943457999997,2.64074654,2.64074654,0.5695083976041939,0.5695083976041939,0.28659490099999996,0.28659490099999996,0.7587518626799999,0.7587518626799999,0.7473855164,0.7473855164,0.053449217010626604,0.053449217010626604,0.034111192999999984,0.034111192999999984,0.9068980304400001,0.9068980304400001,0.8969974291,0.8969974291,0.01994818295118377,0.01994818295118377,0.020781274399999994,0.020781274399999994,0.9756031067800001,0.9756031067800001,0.9721693912,0.9721693912,0.004980253795641899,0.004980253795641899,0.008318243599999997,0.008318243599999997,3.5470569325999994,3.5470569325999994,3.587725014,3.587725014,0.07315045889525412,0.07315045889525412,0.0817904060000001,0.0817904060000001,0.6218780166250644,0.6218780166250644,0.6290080363235192,0.6290080363235192,0.012824903337440718,0.012824903337440718,0.014339678338615158,0.014339678338615158,0.010136264205800001,0.010136264205800001,0.007502687893,0.007502687893,0.006122214187613373,0.006122214187613373,0.005674272165,0.005674272165,0.048796973268,0.048796973268,0.05068231429,0.05068231429,0.017747369530125033,0.017747369530125033,0.008404423040000004,0.008404423040000004,0.13088423918,0.13088423918,0.1343530584,0.1343530584,0.012862712340828973,0.012862712340828973,0.011617925400000007,0.011617925400000007,0.14231960932,0.14231960932,0.1524523451,0.1524523451,0.032877677409085336,0.032877677409085336,0.04917609329999999,0.04917609329999999,0.0076481467122,0.0076481467122,0.007177331485,0.007177331485,0.0017424839780955416,0.0017424839780955416,0.001545036677,0.001545036677
graphmvp_gin,lipo,scaffold,1,historical,molecule_model.gnns.3.mlp.0,gin_mlp_in,3,dumped/n4_full_ft_splits/lipo_scaffold_seed1.json,32,regression,600,300,5,True,1.27631641612,1.27631641612,1.186386585,1.186386585,0.22240193927783233,0.22240193927783233,0.2849797009999999,0.2849797009999999,39.146084038000005,39.146084038000005,39.76862673,39.76862673,3.850762229479829,3.850762229479829,3.4345279199999936,3.4345279199999936,0.13048694679333334,0.13048694679333334,0.1325620891,0.1325620891,0.012835874098266094,0.012835874098266094,0.011448426399999989,0.011448426399999989,2.4324273875999998,2.4324273875999998,2.341606132,2.341606132,0.6409385896404286,0.6409385896404286,0.6294290070000002,0.6294290070000002,0.77756900864,0.77756900864,0.7633223646,0.7633223646,0.06417022789837866,0.06417022789837866,0.051156099499999996,0.051156099499999996,0.90086572172,0.90086572172,0.9055021391,0.9055021391,0.031661186942631155,0.031661186942631155,0.01432249699999999,0.01432249699999999,0.97095044118,0.97095044118,0.9710462215,0.9710462215,0.008223624306282994,0.008223624306282994,0.003929060200000056,0.003929060200000056,3.6624204504,3.6624204504,3.683078328,3.683078328,0.09905194768616556,0.09905194768616556,0.08865034399999994,0.08865034399999994,0.6421038085995303,0.6421038085995303,0.6457255942640063,0.6457255942640063,0.01736601073520706,0.01736601073520706,0.015542378131336965,0.015542378131336965,0.0085139534762,0.0085139534762,0.009692969363,0.009692969363,0.0032453854938717676,0.0032453854938717676,0.0031235718900000002,0.0031235718900000002,0.05323685004400001,0.05323685004400001,0.053454522,0.053454522,0.011543950729314634,0.011543950729314634,0.01258770486,0.01258770486,0.12862492406,0.12862492406,0.1202038923,0.1202038923,0.012289429601485921,0.012289429601485921,0.0231855678,0.0231855678,0.19862047868,0.19862047868,0.1906894749,0.1906894749,0.022932608261590662,0.022932608261590662,0.005560435800000013,0.005560435800000013,0.010837790836400001,0.010837790836400001,0.01106940769,0.01106940769,0.0017979121856615834,0.0017979121856615834,0.0020046103800000006,0.0020046103800000006
graphmvp_gin,lipo,scaffold,1,historical,molecule_model.gnns.4.mlp.0,gin_mlp_in,4,dumped/n4_full_ft_splits/lipo_scaffold_seed1.json,32,regression,600,300,5,True,1.27631641612,1.27631641612,1.186386585,1.186386585,0.22240193927783233,0.22240193927783233,0.2849797009999999,0.2849797009999999,29.080704616,29.080704616,27.78990663,27.78990663,4.051638957222207,4.051638957222207,4.65786172,4.65786172,0.09693568205333333,0.09693568205333333,0.0926330221,0.0926330221,0.013505463190740688,0.013505463190740688,0.015526205733333326,0.015526205733333326,1.4574056929999997,1.4574056929999997,1.467801638,1.467801638,0.15015715062427037,0.15015715062427037,0.2965853679999999,0.2965853679999999,0.88466694608,0.88466694608,0.8966221724,0.8966221724,0.039759200608438794,0.039759200608438794,0.06887686240000002,0.06887686240000002,0.9501310696,0.9501310696,0.9625996965,0.9625996965,0.01985260561460278,0.01985260561460278,0.019382646299999973,0.019382646299999973,0.98604220692,0.98604220692,0.9880097621,0.9880097621,0.005506399612986548,0.005506399612986548,0.00413955509999997,0.00413955509999997,3.3608402954,3.3608402954,3.324672884,3.324672884,0.13425008957637985,0.13425008957637985,0.16443274099999972,0.16443274099999972,0.5892300960517567,0.5892300960517567,0.5828891439623838,0.5828891439623838,0.023537028309353916,0.023537028309353916,0.028828718789790653,0.028828718789790653,0.0046338436744,0.0046338436744,0.003654342777,0.003654342777,0.0023403346392210965,0.0023403346392210965,6.844747900000038e-05,6.844747900000038e-05,0.01937673218,0.01937673218,0.01866755122,0.01866755122,0.004413797753748154,0.004413797753748154,0.003815024739999999,0.003815024739999999,0.07125154417400001,0.07125154417400001,0.0675491273,0.0675491273,0.014559469171198415,0.014559469171198415,0.02550417069,0.02550417069,0.5293042497199999,0.5293042497199999,0.5211100997,0.5211100997,0.07900093583689743,0.07900093583689743,0.10177470319999993,0.10177470319999993,0.029405486209999998,0.029405486209999998,0.02999189496,0.02999189496,0.007662880728984969,0.007662880728984969,0.0034831948499999994,0.0034831948499999994
graphmvp_gin,lipo,scaffold,2,expanded,molecule_model.gnns.0.mlp.0,gin_mlp_in,0,dumped/n4_full_ft_splits/lipo_scaffold_seed2.json,32,regression,600,300,5,True,1.0142614722999999,1.0142614722999999,1.193278074,1.193278074,0.3026560655324506,0.3026560655324506,0.4578053954000001,0.4578053954000001,7.5119441903999995,7.5119441903999995,7.146902546,7.146902546,0.51866438989688,0.51866438989688,0.9900100050000002,0.9900100050000002,0.025039813967999997,0.025039813967999997,0.023823008486666665,0.023823008486666665,0.0017288812996562662,0.0017288812996562662,0.0033000333499999986,0.0033000333499999986,2.3825768818,2.3825768818,2.380943316,2.380943316,0.4517826837172559,0.4517826837172559,0.158803743,0.158803743,0.9108136982799999,0.9108136982799999,0.9264774633,0.9264774633,0.034201857846288625,0.034201857846288625,0.05901300239999996,0.05901300239999996,0.9963567194999999,0.9963567194999999,0.9967487124,0.9967487124,0.0010561645304358674,0.0010561645304358674,0.001265578000000045,0.001265578000000045,1.0,1.0,1.0,1.0,0.0,0.0,0.0,0.0,2.014145284,2.014145284,1.966679052,1.966679052,0.06828034499549682,0.06828034499549682,0.12994359499999986,0.12994359499999986,0.35312449115118194,0.35312449115118194,0.3448026043662443,0.3448026043662443,0.01197106399111274,0.01197106399111274,0.022782003973219944,0.022782003973219944,0.075676655428,0.075676655428,0.07563461395,0.07563461395,0.03069928088922158,0.03069928088922158,0.04493124422,0.04493124422,0.24915293384000003,0.24915293384000003,0.2662374402,0.2662374402,0.03759645638165705,0.03759645638165705,0.05196570840000003,0.05196570840000003,0.46922025761999997,0.46922025761999997,0.4565792555,0.4565792555,0.03863611513826498,0.03863611513826498,0.07488789609999996,0.07488789609999996,0.008970725332399999,0.008970725332399999,0.008863668816,0.008863668816,0.002219304389461488,0.002219304389461488,0.0019762713099999996,0.0019762713099999996,0.00116713548766,0.00116713548766,0.001097707776,0.001097707776,0.00045172672807180115,0.00045172672807180115,0.00017479283299999993,0.00017479283299999993
graphmvp_gin,lipo,scaffold,2,expanded,molecule_model.gnns.0.mlp.2,gin_mlp_out,0,dumped/n4_full_ft_splits/lipo_scaffold_seed2.json,32,regression,300,600,5,True,1.0142614722999999,1.0142614722999999,1.193278074,1.193278074,0.3026560655324506,0.3026560655324506,0.4578053954000001,0.4578053954000001,15.363415358000001,15.363415358000001,15.39694634,15.39694634,1.5571220803753734,1.5571220803753734,0.41462164,0.41462164,0.05121138452666667,0.05121138452666667,0.051323154466666666,0.051323154466666666,0.005190406934584579,0.005190406934584579,0.0013820721333333355,0.0013820721333333355,2.5232545015999994,2.5232545015999994,2.27281459,2.27281459,0.6161753572542199,0.6161753572542199,0.2583044980000002,0.2583044980000002,0.8581061052799999,0.8581061052799999,0.8500006258,0.8500006258,0.04443368361557165,0.04443368361557165,0.06160192640000006,0.06160192640000006,0.97572623798,0.97572623798,0.9764399124,0.9764399124,0.007858093163684037,0.007858093163684037,0.0016537842999999608,0.0016537842999999608,0.9962756805599999,0.9962756805599999,0.9966491729,0.9966491729,0.001508013263563524,0.001508013263563524,0.00035809659999996857,0.00035809659999996857,2.72683576,2.72683576,2.7341692,2.7341692,0.10168988998229841,0.10168988998229841,0.02714761500000007,0.02714761500000007,0.4780749918350212,0.4780749918350212,0.4793607070656747,0.4793607070656747,0.017828500724587675,0.017828500724587675,0.004759581053559836,0.004759581053559836,0.04630137005,0.04630137005,0.04810115755,0.04810115755,0.01930711033410186,0.01930711033410186,0.029193662409999994,0.029193662409999994,0.118606482932,0.118606482932,0.1019637761,0.1019637761,0.025415816225111368,0.025415816225111368,0.03026444633,0.03026444633,0.26271814172,0.26271814172,0.2609210137,0.2609210137,0.035152332481537235,0.035152332481537235,0.029507891400000014,0.029507891400000014,0.021586303252,0.021586303252,0.02160130825,0.02160130825,0.0041314279416975255,0.0041314279416975255,0.0034431852000000006,0.0034431852000000006,0.0028956295224,0.0028956295224,0.002508634701,0.002508634701,0.0012412002446956381,0.0012412002446956381,0.002409664215,0.002409664215
graphmvp_gin,lipo,scaffold,2,expanded,molecule_model.gnns.1.mlp.0,gin_mlp_in,1,dumped/n4_full_ft_splits/lipo_scaffold_seed2.json,32,regression,600,300,5,True,1.0142614722999999,1.0142614722999999,1.193278074,1.193278074,0.3026560655324506,0.3026560655324506,0.4578053954000001,0.4578053954000001,18.75574722,18.75574722,19.10074762,19.10074762,1.378481201388331,1.378481201388331,1.4143044399999987,1.4143044399999987,0.0625191574,0.0625191574,0.06366915873333333,0.06366915873333333,0.004594937337961102,0.004594937337961102,0.004714348133333331,0.004714348133333331,2.2812226000000004,2.2812226000000004,2.23634636,2.23634636,0.3066841514405436,0.3066841514405436,0.29682397400000005,0.29682397400000005,0.8273156048400001,0.8273156048400001,0.8303014405,0.8303014405,0.031835761742833715,0.031835761742833715,0.020554112899999977,0.020554112899999977,0.9539520426999999,0.9539520426999999,0.9551256865,0.9551256865,0.013223299305403093,0.013223299305403093,0.011578190799999999,0.011578190799999999,0.9926919538,0.9926919538,0.9924669942,0.9924669942,0.0018249650007522427,0.0018249650007522427,0.002036241600000044,0.002036241600000044,2.9288167462,2.9288167462,2.949727477,2.949727477,0.07315406580978062,0.07315406580978062,0.07685352199999995,0.07685352199999995,0.5134867536084529,0.5134867536084529,0.5171528700658937,0.5171528700658937,0.01282553570982562,0.01282553570982562,0.013474132707810282,0.013474132707810282,0.036042409944,0.036042409944,0.03261031871,0.03261031871,0.0076880094289410875,0.0076880094289410875,0.005699787010000006,0.005699787010000006,0.092850320456,0.092850320456,0.08854124898,0.08854124898,0.008748505719077575,0.008748505719077575,0.00452607406000001,0.00452607406000001,0.26223312528000003,0.26223312528000003,0.2523323255,0.2523323255,0.025755344022615933,0.025755344022615933,0.042646544200000025,0.042646544200000025,0.030375120456,0.030375120456,0.03130802677,0.03130802677,0.0049702343607996215,0.0049702343607996215,0.008657295260000003,0.008657295260000003,0.0040230574086,0.0040230574086,0.003074407578,0.003074407578,0.0016874044339405287,0.0016874044339405287,0.0021899559070000002,0.0021899559070000002
graphmvp_gin,lipo,scaffold,2,expanded,molecule_model.gnns.1.mlp.2,gin_mlp_out,1,dumped/n4_full_ft_splits/lipo_scaffold_seed2.json,32,regression,300,600,5,True,1.0142614722999999,1.0142614722999999,1.193278074,1.193278074,0.3026560655324506,0.3026560655324506,0.4578053954000001,0.4578053954000001,33.20592044,33.20592044,32.2299576,32.2299576,3.1476791170324168,3.1476791170324168,3.2837501000000024,3.2837501000000024,0.11068640146666668,0.11068640146666668,0.107433192,0.107433192,0.010492263723441385,0.010492263723441385,0.010945833666666682,0.010945833666666682,2.0624001866,2.0624001866,2.080970447,2.080970447,0.41797422746646956,0.41797422746646956,0.7903257960000001,0.7903257960000001,0.8314664302199999,0.8314664302199999,0.8397815907,0.8397815907,0.02999592999384933,0.02999592999384933,0.047723055299999984,0.047723055299999984,0.93087184002,0.93087184002,0.9299597025,0.9299597025,0.012902896241585587,0.012902896241585587,0.020962062800000014,0.020962062800000014,0.9815982843799999,0.9815982843799999,0.9832578902,0.9832578902,0.004864077609406364,0.004864077609406364,0.006362372999999977,0.006362372999999977,3.4982226689999996,3.4982226689999996,3.47289638,3.47289638,0.09502408624907409,0.09502408624907409,0.09772246600000001,0.09772246600000001,0.6133162834564194,0.6133162834564194,0.608876021382518,0.608876021382518,0.016659836989102884,0.016659836989102884,0.01713292300928615,0.01713292300928615,0.0060983858564,0.0060983858564,0.007502325075,0.007502325075,0.002201329961241414,0.002201329961241414,0.004273418523,0.004273418523,0.032882037776,0.032882037776,0.03542993783,0.03542993783,0.010532745095166508,0.010532745095166508,0.006798542019999999,0.006798542019999999,0.107539432262,0.107539432262,0.1059729332,0.1059729332,0.020325880638776897,0.020325880638776897,0.032346178360000005,0.032346178360000005,0.062647908966,0.062647908966,0.05767186407,0.05767186407,0.0245104070614747,0.0245104070614747,0.033889075250000004,0.033889075250000004,0.0081138928428,0.0081138928428,0.006656254176,0.006656254176,0.004402114035311305,0.004402114035311305,0.002859012224,0.002859012224
graphmvp_gin,lipo,scaffold,2,expanded,molecule_model.gnns.2.mlp.0,gin_mlp_in,2,dumped/n4_full_ft_splits/lipo_scaffold_seed2.json,32,regression,600,300,5,True,1.0142614722999999,1.0142614722999999,1.193278074,1.193278074,0.3026560655324506,0.3026560655324506,0.4578053954000001,0.4578053954000001,34.207630544,34.207630544,35.14956401,35.14956401,1.9083022272528156,1.9083022272528156,2.953784050000003,2.953784050000003,0.11402543514666666,0.11402543514666666,0.11716521336666666,0.11716521336666666,0.006361007424176051,0.006361007424176051,0.009845946833333341,0.009845946833333341,2.3146794418,2.3146794418,2.144009942,2.144009942,0.3066971182409928,0.3066971182409928,0.35706197699999986,0.35706197699999986,0.76587879892,0.76587879892,0.7597111139,0.7597111139,0.03676704342977261,0.03676704342977261,0.062368121800000065,0.062368121800000065,0.9094406743799999,0.9094406743799999,0.9076593671,0.9076593671,0.01624189558952416,0.01624189558952416,0.021055052700000076,0.021055052700000076,0.97852229406,0.97852229406,0.9755766169,0.9755766169,0.003838073595058613,0.003838073595058613,0.007639230099999894,0.007639230099999894,3.5308746632,3.5308746632,3.559612214,3.559612214,0.05626821388463114,0.05626821388463114,0.08726920499999968,0.08726920499999968,0.6190409046784039,0.6190409046784039,0.6240792368601956,0.6240792368601956,0.00986507008895401,0.00986507008895401,0.015300233728716917,0.015300233728716917,0.011336208783,0.011336208783,0.00750920706,0.00750920706,0.008944214244858329,0.008944214244858329,0.004357965616999999,0.004357965616999999,0.04405630302,0.04405630302,0.04101348277,0.04101348277,0.012220541746950461,0.012220541746950461,0.007948029350000003,0.007948029350000003,0.12190675933999999,0.12190675933999999,0.1214480201,0.1214480201,0.02248487384956355,0.02248487384956355,0.02327472809999999,0.02327472809999999,0.042013302614000006,0.042013302614000006,0.0428821286,0.0428821286,0.008991190787916098,0.008991190787916098,0.01043614918,0.01043614918,0.0054691389202,0.0054691389202,0.003896897426,0.003896897426,0.00221895223577866,0.00221895223577866,0.0025511011480000003,0.0025511011480000003
graphmvp_gin,lipo,scaffold,2,expanded,molecule_model.gnns.2.mlp.2,gin_mlp_out,2,dumped/n4_full_ft_splits/lipo_scaffold_seed2.json,32,regression,300,600,5,True,1.0142614722999999,1.0142614722999999,1.193278074,1.193278074,0.3026560655324506,0.3026560655324506,0.4578053954000001,0.4578053954000001,47.296246313999994,47.296246313999994,47.25357539,47.25357539,2.734885011469268,2.734885011469268,3.847629139999995,3.847629139999995,0.15765415438,0.15765415438,0.15751191796666666,0.15751191796666666,0.00911628337156423,0.00911628337156423,0.012825430466666649,0.012825430466666649,2.3728010706,2.3728010706,2.274138202,2.274138202,0.3231903277414148,0.3231903277414148,0.3096275880000001,0.3096275880000001,0.7553496388600001,0.7553496388600001,0.7666553276,0.7666553276,0.023870615303238887,0.023870615303238887,0.023582078500000048,0.023582078500000048,0.8893480688200001,0.8893480688200001,0.8830269427,0.8830269427,0.015667288610233643,0.015667288610233643,0.02310185999999992,0.02310185999999992,0.96268011824,0.96268011824,0.9605376727,0.9605376727,0.006704185477103258,0.006704185477103258,0.010617246699999972,0.010617246699999972,3.8547822232,3.8547822232,3.855528321,3.855528321,0.05722633694621553,0.05722633694621553,0.08260981099999976,0.08260981099999976,0.6758291081975999,0.6758291081975999,0.6759599157456289,0.6759599157456289,0.010033050383756941,0.010033050383756941,0.01448333827018522,0.01448333827018522,0.006207265678800001,0.006207265678800001,0.005680147401,0.005680147401,0.0020025992855203273,0.0020025992855203273,0.0022453232610000007,0.0022453232610000007,0.03359565893199999,0.03359565893199999,0.0304075095,0.0304075095,0.007682396134904717,0.007682396134904717,0.010698549880000002,0.010698549880000002,0.08985409262399999,0.08985409262399999,0.09095877091,0.09095877091,0.009027398391563466,0.009027398391563466,0.015938982980000002,0.015938982980000002,0.043346826208,0.043346826208,0.04211571655,0.04211571655,0.009116575653257318,0.009116575653257318,0.011225111349999997,0.011225111349999997,0.0056063675322,0.0056063675322,0.004136799835,0.004136799835,0.0021255560449297637,0.0021255560449297637,0.0027800058020000006,0.0027800058020000006
graphmvp_gin,lipo,scaffold,2,expanded,molecule_model.gnns.3.mlp.0,gin_mlp_in,3,dumped/n4_full_ft_splits/lipo_scaffold_seed2.json,32,regression,600,300,5,True,1.0142614722999999,1.0142614722999999,1.193278074,1.193278074,0.3026560655324506,0.3026560655324506,0.4578053954000001,0.4578053954000001,40.668874474,40.668874474,41.21788272,41.21788272,2.6822114613580026,2.6822114613580026,3.9514468400000027,3.9514468400000027,0.13556291491333333,0.13556291491333333,0.1373929424,0.1373929424,0.008940704871193335,0.008940704871193335,0.013171489466666658,0.013171489466666658,2.4509856528,2.4509856528,2.631724234,2.631724234,0.3003681660497358,0.3003681660497358,0.49028289400000036,0.49028289400000036,0.7551836213,0.7551836213,0.7535738939,0.7535738939,0.042348674018815584,0.042348674018815584,0.04300717580000002,0.04300717580000002,0.8894673905400001,0.8894673905400001,0.8892350278,0.8892350278,0.023834186896929607,0.023834186896929607,0.005519187700000039,0.005519187700000039,0.96710276856,0.96710276856,0.9653157954,0.9653157954,0.0081432959769423,0.0081432959769423,0.008227954100000101,0.008227954100000101,3.7032624245999997,3.7032624245999997,3.718872209,3.718872209,0.06653978695354391,0.06653978695354391,0.09742700799999993,0.09742700799999993,0.649264315575642,0.649264315575642,0.6520010581616995,0.6520010581616995,0.011665905431913346,0.011665905431913346,0.017081122646752434,0.017081122646752434,0.0110005331508,0.0110005331508,0.01182288935,0.01182288935,0.0029656714009368983,0.0029656714009368983,0.0034569660049999992,0.0034569660049999992,0.056965268414,0.056965268414,0.06364907754,0.06364907754,0.01457282741267808,0.01457282741267808,0.012706087219999995,0.012706087219999995,0.13362570752,0.13362570752,0.1383654128,0.1383654128,0.017979349584714616,0.017979349584714616,0.0114934649,0.0114934649,0.04963589978,0.04963589978,0.04728419089,0.04728419089,0.003209801891457382,0.003209801891457382,0.006019802060000003,0.006019802060000003,0.006652118405400001,0.006652118405400001,0.005602925085,0.005602925085,0.002631376376772501,0.002631376376772501,0.004236787091,0.004236787091
graphmvp_gin,lipo,scaffold,2,expanded,molecule_model.gnns.3.mlp.2,gin_mlp_out,3,dumped/n4_full_ft_splits/lipo_scaffold_seed2.json,32,regression,300,600,5,True,1.0142614722999999,1.0142614722999999,1.193278074,1.193278074,0.3026560655324506,0.3026560655324506,0.4578053954000001,0.4578053954000001,46.255178464,46.255178464,46.66890926,46.66890926,2.464827424032186,2.464827424032186,3.765736690000004,3.765736690000004,0.15418392821333332,0.15418392821333332,0.15556303086666667,0.15556303086666667,0.008216091413440615,0.008216091413440615,0.012552455633333348,0.012552455633333348,1.9226679814,1.9226679814,1.871043787,1.871043787,0.1116808109979163,0.1116808109979163,0.2218966550000001,0.2218966550000001,0.78707770846,0.78707770846,0.7844985913,0.7844985913,0.0214213672050785,0.0214213672050785,0.024623440399999974,0.024623440399999974,0.8950195913,0.8950195913,0.8938989795,0.8938989795,0.012421620011086357,0.012421620011086357,0.006691480800000038,0.006691480800000038,0.9640406661800001,0.9640406661800001,0.9614413716,0.9614413716,0.005558269545208809,0.005558269545208809,0.005228239599999962,0.005228239599999962,3.8327426136,3.8327426136,3.843078188,3.843078188,0.053598585148835774,0.053598585148835774,0.08155775299999979,0.08155775299999979,0.6719650741644072,0.6719650741644072,0.6737771303649941,0.6737771303649941,0.00939702476154937,0.00939702476154937,0.014298889090246347,0.014298889090246347,0.0048066182846,0.0048066182846,0.003588166149,0.003588166149,0.0024230849797251164,0.0024230849797251164,0.0014449653650000002,0.0014449653650000002,0.023508918062000003,0.023508918062000003,0.02591052116,0.02591052116,0.007232138597748561,0.007232138597748561,0.0131715897,0.0131715897,0.06366390503,0.06366390503,0.06704927811,0.06704927811,0.008500098833976524,0.008500098833976524,0.012071794930000004,0.012071794930000004,0.075249325274,0.075249325274,0.07482672971,0.07482672971,0.005391718749732915,0.005391718749732915,0.008286892209999994,0.008286892209999994,0.0100356976506,0.0100356976506,0.008942143992,0.008942143992,0.0037954601606350826,0.0037954601606350826,0.005993618161999999,0.005993618161999999
graphmvp_gin,lipo,scaffold,2,expanded,molecule_model.gnns.4.mlp.0,gin_mlp_in,4,dumped/n4_full_ft_splits/lipo_scaffold_seed2.json,32,regression,600,300,5,True,1.0142614722999999,1.0142614722999999,1.193278074,1.193278074,0.3026560655324506,0.3026560655324506,0.4578053954000001,0.4578053954000001,29.481960368,29.481960368,29.9293223,29.9293223,2.4804747431109293,2.4804747431109293,2.1879019900000003,2.1879019900000003,0.09827320122666666,0.09827320122666666,0.09976440766666667,0.09976440766666667,0.0082682491437031,0.0082682491437031,0.007293006633333335,0.007293006633333335,1.4755334734,1.4755334734,1.477699575,1.477699575,0.03768446182884037,0.03768446182884037,0.027304490999999986,0.027304490999999986,0.88735086352,0.88735086352,0.8856513084,0.8856513084,0.016286293818891195,0.016286293818891195,0.01914047139999997,0.01914047139999997,0.95013683844,0.95013683844,0.9535192848,0.9535192848,0.01248765781443952,0.01248765781443952,0.009752281800000095,0.009752281800000095,0.98487727504,0.98487727504,0.9848570241,0.9848570241,0.0040880055688911265,0.0040880055688911265,0.0036530917999999524,0.0036530917999999524,3.3802399006000003,3.3802399006000003,3.398838679,3.398838679,0.08415100048432647,0.08415100048432647,0.07521428899999982,0.07521428899999982,0.5926312785628708,0.5926312785628708,0.5958920583143148,0.5958920583143148,0.014753543084477261,0.014753543084477261,0.013186738683356514,0.013186738683356514,0.00393429344086,0.00393429344086,0.003715036958,0.003715036958,0.002492521448485499,0.002492521448485499,0.002810746864,0.002810746864,0.020861909466,0.020861909466,0.01810410219,0.01810410219,0.009318011034402133,0.009318011034402133,0.01460001502,0.01460001502,0.065733730656,0.065733730656,0.070266342,0.070266342,0.013336170811322923,0.013336170811322923,0.022886929599999994,0.022886929599999994,0.14939882913999997,0.14939882913999997,0.1531287219,0.1531287219,0.008534198925996394,0.008534198925996394,0.013219076100000005,0.013219076100000005,0.020492352919,0.020492352919,0.01917170361,0.01917170361,0.00872704892353649,0.00872704892353649,0.01616460457,0.01616460457
graphmvp_gin,lipo,scaffold,2,expanded,molecule_model.gnns.4.mlp.2,gin_mlp_out,4,dumped/n4_full_ft_splits/lipo_scaffold_seed2.json,32,regression,300,600,5,True,1.0142614722999999,1.0142614722999999,1.193278074,1.193278074,0.3026560655324506,0.3026560655324506,0.4578053954000001,0.4578053954000001,6.584780080799999,6.584780080799999,6.82597083,6.82597083,0.4819751292566985,0.4819751292566985,0.569331247,0.569331247,0.021949266936,0.021949266936,0.0227532361,0.0227532361,0.0016065837641889957,0.0016065837641889957,0.0018977708233333355,0.0018977708233333355,1.0449293594,1.0449293594,1.046125378,1.046125378,0.00617408830449734,0.00617408830449734,0.005948707000000164,0.005948707000000164,0.99292735272,0.99292735272,0.9924564716,0.9924564716,0.0008947539753588985,0.0008947539753588985,0.0008605416000000421,0.0008605416000000421,0.9975507838800001,0.9975507838800001,0.9974730671,0.9974730671,0.00048389269477020966,0.00048389269477020966,0.0004513080000000391,0.0004513080000000391,0.9994283492399999,0.9994283492399999,0.9994024622,0.9994024622,0.00011107355356169912,0.00011107355356169912,0.00018163949999994156,0.00018163949999994156,1.8819733060000001,1.8819733060000001,1.920734577,1.920734577,0.0754162045799587,0.0754162045799587,0.08601543600000006,0.08601543600000006,0.3299518020475416,0.3299518020475416,0.33674751544864506,0.33674751544864506,0.01322213897796032,0.01322213897796032,0.015080420121593885,0.015080420121593885,0.0003826156522,0.0003826156522,0.000362215523,0.000362215523,0.0002633331767403045,0.0002633331767403045,0.00022914557120000002,0.00022914557120000002,0.00102813063176,0.00102813063176,0.0007475545801,0.0007475545801,0.0005721848613802926,0.0005721848613802926,0.0008227450229,0.0008227450229,0.0042779105913999995,0.0042779105913999995,0.004937680326,0.004937680326,0.001163968634311335,0.001163968634311335,0.0017417227820000001,0.0017417227820000001,0.51677575898,0.51677575898,0.5251280536,0.5251280536,0.04601122181365526,0.04601122181365526,0.07418190299999994,0.07418190299999994,0.07259704470999999,0.07259704470999999,0.06786762178,0.06786762178,0.034301954436841496,0.034301954436841496,0.06473581864,0.06473581864
graphmvp_gin,lipo,scaffold,2,historical,molecule_model.gnns.0.mlp.0,gin_mlp_in,0,dumped/n4_full_ft_splits/lipo_scaffold_seed2.json,32,regression,600,300,5,True,1.0142614722999999,1.0142614722999999,1.193278074,1.193278074,0.3026560655324506,0.3026560655324506,0.4578053954000001,0.4578053954000001,7.5119441903999995,7.5119441903999995,7.146902546,7.146902546,0.51866438989688,0.51866438989688,0.9900100050000002,0.9900100050000002,0.025039813967999997,0.025039813967999997,0.023823008486666665,0.023823008486666665,0.0017288812996562662,0.0017288812996562662,0.0033000333499999986,0.0033000333499999986,2.3825768818,2.3825768818,2.380943316,2.380943316,0.4517826837172559,0.4517826837172559,0.158803743,0.158803743,0.9108136982799999,0.9108136982799999,0.9264774633,0.9264774633,0.034201857846288625,0.034201857846288625,0.05901300239999996,0.05901300239999996,0.9963567194999999,0.9963567194999999,0.9967487124,0.9967487124,0.0010561645304358674,0.0010561645304358674,0.001265578000000045,0.001265578000000045,1.0,1.0,1.0,1.0,0.0,0.0,0.0,0.0,2.014145284,2.014145284,1.966679052,1.966679052,0.06828034499549682,0.06828034499549682,0.12994359499999986,0.12994359499999986,0.35312449115118194,0.35312449115118194,0.3448026043662443,0.3448026043662443,0.01197106399111274,0.01197106399111274,0.022782003973219944,0.022782003973219944,0.075676655428,0.075676655428,0.07563461395,0.07563461395,0.03069928088922158,0.03069928088922158,0.04493124422,0.04493124422,0.24915293384000003,0.24915293384000003,0.2662374402,0.2662374402,0.03759645638165705,0.03759645638165705,0.05196570840000003,0.05196570840000003,0.46922025761999997,0.46922025761999997,0.4565792555,0.4565792555,0.03863611513826498,0.03863611513826498,0.07488789609999996,0.07488789609999996,0.031856559614,0.031856559614,0.03256074448,0.03256074448,0.007168934887838221,0.007168934887838221,0.009512574020000004,0.009512574020000004,0.00116713548766,0.00116713548766,0.001097707776,0.001097707776,0.00045172672807180115,0.00045172672807180115,0.00017479283299999993,0.00017479283299999993
graphmvp_gin,lipo,scaffold,2,historical,molecule_model.gnns.1.mlp.0,gin_mlp_in,1,dumped/n4_full_ft_splits/lipo_scaffold_seed2.json,32,regression,600,300,5,True,1.0142614722999999,1.0142614722999999,1.193278074,1.193278074,0.3026560655324506,0.3026560655324506,0.4578053954000001,0.4578053954000001,18.75574722,18.75574722,19.10074762,19.10074762,1.378481201388331,1.378481201388331,1.4143044399999987,1.4143044399999987,0.0625191574,0.0625191574,0.06366915873333333,0.06366915873333333,0.004594937337961102,0.004594937337961102,0.004714348133333331,0.004714348133333331,2.2812226000000004,2.2812226000000004,2.23634636,2.23634636,0.3066841514405436,0.3066841514405436,0.29682397400000005,0.29682397400000005,0.8273156048400001,0.8273156048400001,0.8303014405,0.8303014405,0.031835761742833715,0.031835761742833715,0.020554112899999977,0.020554112899999977,0.9539520426999999,0.9539520426999999,0.9551256865,0.9551256865,0.013223299305403093,0.013223299305403093,0.011578190799999999,0.011578190799999999,0.9926919538,0.9926919538,0.9924669942,0.9924669942,0.0018249650007522427,0.0018249650007522427,0.002036241600000044,0.002036241600000044,2.9288167462,2.9288167462,2.949727477,2.949727477,0.07315406580978062,0.07315406580978062,0.07685352199999995,0.07685352199999995,0.5134867536084529,0.5134867536084529,0.5171528700658937,0.5171528700658937,0.01282553570982562,0.01282553570982562,0.013474132707810282,0.013474132707810282,0.036042409944,0.036042409944,0.03261031871,0.03261031871,0.0076880094289410875,0.0076880094289410875,0.005699787010000006,0.005699787010000006,0.092850320456,0.092850320456,0.08854124898,0.08854124898,0.008748505719077575,0.008748505719077575,0.00452607406000001,0.00452607406000001,0.26223312528000003,0.26223312528000003,0.2523323255,0.2523323255,0.025755344022615933,0.025755344022615933,0.042646544200000025,0.042646544200000025,0.10794599029600001,0.10794599029600001,0.1160669413,0.1160669413,0.01443933051240024,0.01443933051240024,0.02088060783000001,0.02088060783000001,0.0040230574086,0.0040230574086,0.003074407578,0.003074407578,0.0016874044339405287,0.0016874044339405287,0.0021899559070000002,0.0021899559070000002
graphmvp_gin,lipo,scaffold,2,historical,molecule_model.gnns.2.mlp.0,gin_mlp_in,2,dumped/n4_full_ft_splits/lipo_scaffold_seed2.json,32,regression,600,300,5,True,1.0142614722999999,1.0142614722999999,1.193278074,1.193278074,0.3026560655324506,0.3026560655324506,0.4578053954000001,0.4578053954000001,34.207630544,34.207630544,35.14956401,35.14956401,1.9083022272528156,1.9083022272528156,2.953784050000003,2.953784050000003,0.11402543514666666,0.11402543514666666,0.11716521336666666,0.11716521336666666,0.006361007424176051,0.006361007424176051,0.009845946833333341,0.009845946833333341,2.3146794418,2.3146794418,2.144009942,2.144009942,0.3066971182409928,0.3066971182409928,0.35706197699999986,0.35706197699999986,0.76587879892,0.76587879892,0.7597111139,0.7597111139,0.03676704342977261,0.03676704342977261,0.062368121800000065,0.062368121800000065,0.9094406743799999,0.9094406743799999,0.9076593671,0.9076593671,0.01624189558952416,0.01624189558952416,0.021055052700000076,0.021055052700000076,0.97852229406,0.97852229406,0.9755766169,0.9755766169,0.003838073595058613,0.003838073595058613,0.007639230099999894,0.007639230099999894,3.5308746632,3.5308746632,3.559612214,3.559612214,0.05626821388463114,0.05626821388463114,0.08726920499999968,0.08726920499999968,0.6190409046784039,0.6190409046784039,0.6240792368601956,0.6240792368601956,0.00986507008895401,0.00986507008895401,0.015300233728716917,0.015300233728716917,0.011336208783,0.011336208783,0.00750920706,0.00750920706,0.008944214244858329,0.008944214244858329,0.004357965616999999,0.004357965616999999,0.04405630302,0.04405630302,0.04101348277,0.04101348277,0.012220541746950461,0.012220541746950461,0.007948029350000003,0.007948029350000003,0.12190675933999999,0.12190675933999999,0.1214480201,0.1214480201,0.02248487384956355,0.02248487384956355,0.02327472809999999,0.02327472809999999,0.1491947237,0.1491947237,0.1471180881,0.1471180881,0.027798183570687283,0.027798183570687283,0.036401234500000004,0.036401234500000004,0.0054691389202,0.0054691389202,0.003896897426,0.003896897426,0.00221895223577866,0.00221895223577866,0.0025511011480000003,0.0025511011480000003
graphmvp_gin,lipo,scaffold,2,historical,molecule_model.gnns.3.mlp.0,gin_mlp_in,3,dumped/n4_full_ft_splits/lipo_scaffold_seed2.json,32,regression,600,300,5,True,1.0142614722999999,1.0142614722999999,1.193278074,1.193278074,0.3026560655324506,0.3026560655324506,0.4578053954000001,0.4578053954000001,40.668874474,40.668874474,41.21788272,41.21788272,2.6822114613580026,2.6822114613580026,3.9514468400000027,3.9514468400000027,0.13556291491333333,0.13556291491333333,0.1373929424,0.1373929424,0.008940704871193335,0.008940704871193335,0.013171489466666658,0.013171489466666658,2.4509856528,2.4509856528,2.631724234,2.631724234,0.3003681660497358,0.3003681660497358,0.49028289400000036,0.49028289400000036,0.7551836213,0.7551836213,0.7535738939,0.7535738939,0.042348674018815584,0.042348674018815584,0.04300717580000002,0.04300717580000002,0.8894673905400001,0.8894673905400001,0.8892350278,0.8892350278,0.023834186896929607,0.023834186896929607,0.005519187700000039,0.005519187700000039,0.96710276856,0.96710276856,0.9653157954,0.9653157954,0.0081432959769423,0.0081432959769423,0.008227954100000101,0.008227954100000101,3.7032624245999997,3.7032624245999997,3.718872209,3.718872209,0.06653978695354391,0.06653978695354391,0.09742700799999993,0.09742700799999993,0.649264315575642,0.649264315575642,0.6520010581616995,0.6520010581616995,0.011665905431913346,0.011665905431913346,0.017081122646752434,0.017081122646752434,0.0110005331508,0.0110005331508,0.01182288935,0.01182288935,0.0029656714009368983,0.0029656714009368983,0.0034569660049999992,0.0034569660049999992,0.056965268414,0.056965268414,0.06364907754,0.06364907754,0.01457282741267808,0.01457282741267808,0.012706087219999995,0.012706087219999995,0.13362570752,0.13362570752,0.1383654128,0.1383654128,0.017979349584714616,0.017979349584714616,0.0114934649,0.0114934649,0.17686998068,0.17686998068,0.1762053994,0.1762053994,0.003831972798359705,0.003831972798359705,0.007621839999999991,0.007621839999999991,0.006652118405400001,0.006652118405400001,0.005602925085,0.005602925085,0.002631376376772501,0.002631376376772501,0.004236787091,0.004236787091
graphmvp_gin,lipo,scaffold,2,historical,molecule_model.gnns.4.mlp.0,gin_mlp_in,4,dumped/n4_full_ft_splits/lipo_scaffold_seed2.json,32,regression,600,300,5,True,1.0142614722999999,1.0142614722999999,1.193278074,1.193278074,0.3026560655324506,0.3026560655324506,0.4578053954000001,0.4578053954000001,29.481960368,29.481960368,29.9293223,29.9293223,2.4804747431109293,2.4804747431109293,2.1879019900000003,2.1879019900000003,0.09827320122666666,0.09827320122666666,0.09976440766666667,0.09976440766666667,0.0082682491437031,0.0082682491437031,0.007293006633333335,0.007293006633333335,1.4755334734,1.4755334734,1.477699575,1.477699575,0.03768446182884037,0.03768446182884037,0.027304490999999986,0.027304490999999986,0.88735086352,0.88735086352,0.8856513084,0.8856513084,0.016286293818891195,0.016286293818891195,0.01914047139999997,0.01914047139999997,0.95013683844,0.95013683844,0.9535192848,0.9535192848,0.01248765781443952,0.01248765781443952,0.009752281800000095,0.009752281800000095,0.98487727504,0.98487727504,0.9848570241,0.9848570241,0.0040880055688911265,0.0040880055688911265,0.0036530917999999524,0.0036530917999999524,3.3802399006000003,3.3802399006000003,3.398838679,3.398838679,0.08415100048432647,0.08415100048432647,0.07521428899999982,0.07521428899999982,0.5926312785628708,0.5926312785628708,0.5958920583143148,0.5958920583143148,0.014753543084477261,0.014753543084477261,0.013186738683356514,0.013186738683356514,0.00393429344086,0.00393429344086,0.003715036958,0.003715036958,0.002492521448485499,0.002492521448485499,0.002810746864,0.002810746864,0.020861909466,0.020861909466,0.01810410219,0.01810410219,0.009318011034402133,0.009318011034402133,0.01460001502,0.01460001502,0.065733730656,0.065733730656,0.070266342,0.070266342,0.013336170811322923,0.013336170811322923,0.022886929599999994,0.022886929599999994,0.53413274574,0.53413274574,0.5263832519,0.5263832519,0.042136395081037475,0.042136395081037475,0.05674321700000007,0.05674321700000007,0.020492352919,0.020492352919,0.01917170361,0.01917170361,0.00872704892353649,0.00872704892353649,0.01616460457,0.01616460457
graphmvp_gin,sider,scaffold,0,expanded,molecule_model.gnns.0.mlp.0,gin_mlp_in,0,dumped/n4_full_ft_splits/sider_scaffold_seed0.json,32,classification,600,300,5,True,0.69423521758,0.69423521758,0.6950679421,0.6950679421,0.0029515792031816596,0.0029515792031816596,0.004152774800000092,0.004152774800000092,7.945156236,7.945156236,8.347203219,8.347203219,0.748136860207575,0.748136860207575,1.2430200959999995,1.2430200959999995,0.02648385412,0.02648385412,0.02782401073,0.02782401073,0.00249378953402525,0.00249378953402525,0.004143400319999997,0.004143400319999997,1.9494831823999998,1.9494831823999998,1.840468829,1.840468829,0.3539701237269837,0.3539701237269837,0.6540475390000002,0.6540475390000002,0.9099399332800001,0.9099399332800001,0.8938188921,0.8938188921,0.03451499305997718,0.03451499305997718,0.06368082080000004,0.06368082080000004,0.9909731519799999,0.9909731519799999,0.9887039509,0.9887039509,0.004352694194473796,0.004352694194473796,0.0072494551000000795,0.0072494551000000795,0.9999982017800001,0.9999982017800001,0.9999999764,0.9999999764,3.3379319767977706e-06,3.3379319767977706e-06,4.969000000354384e-07,4.969000000354384e-07,2.0679981288000002,2.0679981288000002,2.121926539,2.121926539,0.09622416079635056,0.09622416079635056,0.15848749900000003,0.15848749900000003,0.36256609328788436,0.36256609328788436,0.3720209437208421,0.3720209437208421,0.016870236763745196,0.016870236763745196,0.027786385561548443,0.027786385561548443,0.088492517214,0.088492517214,0.09909896508,0.09909896508,0.024010994569989542,0.024010994569989542,0.03215353589,0.03215353589,0.2660882408,0.2660882408,0.262662237,0.262662237,0.040392910115252846,0.040392910115252846,0.013931782800000014,0.013931782800000014,0.5140514878,0.5140514878,0.5256116571,0.5256116571,0.04522668944010486,0.04522668944010486,0.06133753310000006,0.06133753310000006,0.0088557964128,0.0088557964128,0.005867161974,0.005867161974,0.005436085605081614,0.005436085605081614,0.004432685997999999,0.004432685997999999,3.2199376392e-06,3.2199376392e-06,2.96199687e-06,2.96199687e-06,1.5923008931783082e-06,1.5923008931783082e-06,1.1686306609999999e-06,1.1686306609999999e-06
graphmvp_gin,sider,scaffold,0,expanded,molecule_model.gnns.0.mlp.2,gin_mlp_out,0,dumped/n4_full_ft_splits/sider_scaffold_seed0.json,32,classification,300,600,5,True,0.69423521758,0.69423521758,0.6950679421,0.6950679421,0.0029515792031816596,0.0029515792031816596,0.004152774800000092,0.004152774800000092,16.491340740000002,16.491340740000002,17.58107233,17.58107233,2.2645887109164633,2.2645887109164633,2.8910546200000002,2.8910546200000002,0.054971135799999994,0.054971135799999994,0.05860357443333334,0.05860357443333334,0.007548629036388209,0.007548629036388209,0.009636848733333328,0.009636848733333328,2.4541879198,2.4541879198,2.535796772,2.535796772,0.6235458549048823,0.6235458549048823,0.6681283309999997,0.6681283309999997,0.8539026630399998,0.8539026630399998,0.830016764,0.830016764,0.056097216817009694,0.056097216817009694,0.10721035209999996,0.10721035209999996,0.9689272384600001,0.9689272384600001,0.9609112473,0.9609112473,0.011726922589709537,0.011726922589709537,0.01820842729999994,0.01820842729999994,0.9957468415599999,0.9957468415599999,0.995193837,0.995193837,0.0018970888864323276,0.0018970888864323276,0.002265290599999914,0.002265290599999914,2.7928837782,2.7928837782,2.866822888,2.866822888,0.14301257438235424,0.14301257438235424,0.17752340899999997,0.17752340899999997,0.48965467926059764,0.48965467926059764,0.5026178506523077,0.5026178506523077,0.025073286896512382,0.025073286896512382,0.031123804210415718,0.031123804210415718,0.04903854196600001,0.04903854196600001,0.04399708523,0.04399708523,0.025260276820872143,0.025260276820872143,0.015312775800000001,0.015312775800000001,0.15095458552000002,0.15095458552000002,0.1396397205,0.1396397205,0.03465356610756764,0.03465356610756764,0.001276067899999983,0.001276067899999983,0.2804296125,0.2804296125,0.2571560874,0.2571560874,0.04620805159143141,0.04620805159143141,0.028869557300000015,0.028869557300000015,0.0164345484236,0.0164345484236,0.01180359287,0.01180359287,0.007386963673985831,0.007386963673985831,0.00936002018,0.00936002018,6.0422498336e-06,6.0422498336e-06,6.273129657e-06,6.273129657e-06,2.0033340565243014e-06,2.0033340565243014e-06,2.0187380869999996e-06,2.0187380869999996e-06
graphmvp_gin,sider,scaffold,0,expanded,molecule_model.gnns.1.mlp.0,gin_mlp_in,1,dumped/n4_full_ft_splits/sider_scaffold_seed0.json,32,classification,600,300,5,True,0.69423521758,0.69423521758,0.6950679421,0.6950679421,0.0029515792031816596,0.0029515792031816596,0.004152774800000092,0.004152774800000092,19.805353394,19.805353394,19.56348085,19.56348085,2.597285570720187,2.597285570720187,3.510204960000003,3.510204960000003,0.06601784464666667,0.06601784464666667,0.06521160283333334,0.06521160283333334,0.008657618569067289,0.008657618569067289,0.011700683200000006,0.011700683200000006,2.2648832708,2.2648832708,1.703668746,1.703668746,0.8015506656884475,0.8015506656884475,1.4682560300000003,1.4682560300000003,0.80541406916,0.80541406916,0.8266829254,0.8266829254,0.06886644176483388,0.06886644176483388,0.1363246039999999,0.1363246039999999,0.9414195320600001,0.9414195320600001,0.9473960673,0.9473960673,0.022843669937893236,0.022843669937893236,0.037202337600000024,0.037202337600000024,0.99188216936,0.99188216936,0.9926161445,0.9926161445,0.003812009961348075,0.003812009961348075,0.004451857399999981,0.004451857399999981,2.9774031118,2.9774031118,2.973664606,2.973664606,0.13061341550420716,0.13061341550420716,0.179249424,0.179249424,0.5220050247409662,0.5220050247409662,0.5213495814773755,0.5213495814773755,0.022899438413818553,0.022899438413818553,0.03142641305071936,0.03142641305071936,0.0194827510994,0.0194827510994,0.01720400535,0.01720400535,0.008993495614047994,0.008993495614047994,0.011625699440000001,0.011625699440000001,0.07813481106799999,0.07813481106799999,0.06982605938,0.06982605938,0.016190939010605088,0.016190939010605088,0.022893233659999998,0.022893233659999998,0.23717887778,0.23717887778,0.2389529069,0.2389529069,0.014637324665289435,0.014637324665289435,0.0184011506,0.0184011506,0.026969916032000003,0.026969916032000003,0.02278641821,0.02278641821,0.011695443350017818,0.011695443350017818,0.01499036652,0.01499036652,1.00338213082e-05,1.00338213082e-05,1.052196512e-05,1.052196512e-05,3.4678678438026855e-06,3.4678678438026855e-06,4.745435034999999e-06,4.745435034999999e-06
graphmvp_gin,sider,scaffold,0,expanded,molecule_model.gnns.1.mlp.2,gin_mlp_out,1,dumped/n4_full_ft_splits/sider_scaffold_seed0.json,32,classification,300,600,5,True,0.69423521758,0.69423521758,0.6950679421,0.6950679421,0.0029515792031816596,0.0029515792031816596,0.004152774800000092,0.004152774800000092,34.460380726,34.460380726,34.80879199,34.80879199,4.675231012602251,4.675231012602251,6.741397459999998,6.741397459999998,0.11486793575333332,0.11486793575333332,0.11602930663333334,0.11602930663333334,0.015584103375340838,0.015584103375340838,0.022471324866666656,0.022471324866666656,2.1135042727999998,2.1135042727999998,1.873639782,1.873639782,0.6642586166393458,0.6642586166393458,1.106427636,1.106427636,0.7981083324,0.7981083324,0.8284154655,0.8284154655,0.07618883547210256,0.07618883547210256,0.1212600224,0.1212600224,0.9162636709199999,0.9162636709199999,0.9234284358,0.9234284358,0.033569311495006256,0.033569311495006256,0.04838017399999994,0.04838017399999994,0.978295999,0.978295999,0.9794075507,0.9794075507,0.00815580792617748,0.00815580792617748,0.013134060900000022,0.013134060900000022,3.530404515,3.530404515,3.549869998,3.549869998,0.13794147826964098,0.13794147826964098,0.19658642700000017,0.19658642700000017,0.6189584772362479,0.6189584772362479,0.6223712095917492,0.6223712095917492,0.024184210895587394,0.024184210895587394,0.03446597549494557,0.03446597549494557,0.012729500697,0.012729500697,0.01156838821,0.01156838821,0.006361482266485499,0.006361482266485499,0.0050829197759999995,0.0050829197759999995,0.055908812659999994,0.055908812659999994,0.05665819782,0.05665819782,0.01085186348794112,0.01085186348794112,0.018196539940000006,0.018196539940000006,0.13072772987999998,0.13072772987999998,0.125550108,0.125550108,0.012749129148761092,0.012749129148761092,0.022736709099999988,0.022736709099999988,0.048940727110000005,0.048940727110000005,0.04239669054,0.04239669054,0.02384383541221681,0.02384383541221681,0.023153125600000005,0.023153125600000005,1.8730664306e-05,1.8730664306e-05,1.322544995e-05,1.322544995e-05,8.68524574197555e-06,8.68524574197555e-06,1.651831917e-05,1.651831917e-05
graphmvp_gin,sider,scaffold,0,expanded,molecule_model.gnns.2.mlp.0,gin_mlp_in,2,dumped/n4_full_ft_splits/sider_scaffold_seed0.json,32,classification,600,300,5,True,0.69423521758,0.69423521758,0.6950679421,0.6950679421,0.0029515792031816596,0.0029515792031816596,0.004152774800000092,0.004152774800000092,34.684506702,34.684506702,34.42627662,34.42627662,3.0050724176443318,3.0050724176443318,5.184023109999998,5.184023109999998,0.11561502234000001,0.11561502234000001,0.1147542554,0.1147542554,0.010016908058814443,0.010016908058814443,0.017280077033333327,0.017280077033333327,2.3795998924,2.3795998924,2.333514024,2.333514024,0.569396837455481,0.569396837455481,0.9215395710000001,0.9215395710000001,0.7501099707,0.7501099707,0.7845511358,0.7845511358,0.06888375468485378,0.06888375468485378,0.12405583510000007,0.12405583510000007,0.8973910787599999,0.8973910787599999,0.9012001484,0.9012001484,0.027226033151812254,0.027226033151812254,0.055995062799999995,0.055995062799999995,0.9756035839400001,0.9756035839400001,0.9770760695,0.9770760695,0.006512928913225808,0.006512928913225808,0.011488369900000017,0.011488369900000017,3.5425342259999995,3.5425342259999995,3.538820128,3.538820128,0.08673468236911933,0.08673468236911933,0.14950748000000003,0.14950748000000003,0.6210850855095993,0.6210850855095993,0.6204339214765207,0.6204339214765207,0.015206520016236645,0.015206520016236645,0.026211988389163055,0.026211988389163055,0.009950034479799998,0.009950034479799998,0.006290424784,0.006290424784,0.006331833469607418,0.006331833469607418,0.009533461908,0.009533461908,0.04137431448,0.04137431448,0.04813315493,0.04813315493,0.01813395721361563,0.01813395721361563,0.03228176496,0.03228176496,0.10769664476,0.10769664476,0.1016971104,0.1016971104,0.03299898990114724,0.03299898990114724,0.05413856594000001,0.05413856594000001,0.039058769630000004,0.039058769630000004,0.03745155443,0.03745155443,0.011429313400126272,0.011429313400126272,0.01367996699,0.01367996699,1.5196882850599999e-05,1.5196882850599999e-05,1.255665484e-05,1.255665484e-05,5.473419150386115e-06,5.473419150386115e-06,6.7697546999999995e-06,6.7697546999999995e-06
graphmvp_gin,sider,scaffold,0,expanded,molecule_model.gnns.2.mlp.2,gin_mlp_out,2,dumped/n4_full_ft_splits/sider_scaffold_seed0.json,32,classification,300,600,5,True,0.69423521758,0.69423521758,0.6950679421,0.6950679421,0.0029515792031816596,0.0029515792031816596,0.004152774800000092,0.004152774800000092,47.536299228,47.536299228,47.54370758,47.54370758,4.770060283235506,4.770060283235506,2.1022450399999997,2.1022450399999997,0.15845433076,0.15845433076,0.15847902526666668,0.15847902526666668,0.015900200944118356,0.015900200944118356,0.0070074834666666586,0.0070074834666666586,2.623585885,2.623585885,2.315528825,2.315528825,0.8457369816094085,0.8457369816094085,0.6674736050000001,0.6674736050000001,0.74017420228,0.74017420228,0.758282659,0.758282659,0.0748056108210075,0.0748056108210075,0.052742521699999934,0.052742521699999934,0.8760050178400001,0.8760050178400001,0.886882292,0.886882292,0.03712448592421333,0.03712448592421333,0.03637985460000004,0.03637985460000004,0.9598017133999999,0.9598017133999999,0.9601651044,0.9601651044,0.011998030136705591,0.011998030136705591,0.009977549899999993,0.009977549899999993,3.8564827718000005,3.8564827718000005,3.861649447,3.861649447,0.10006385898862831,0.10006385898862831,0.04462472700000042,0.04462472700000042,0.6761272522112532,0.6761272522112532,0.6770330853532004,0.6770330853532004,0.017543421305641505,0.017543421305641505,0.007823707723477069,0.007823707723477069,0.0072205271432000005,0.0072205271432000005,0.005473071566,0.005473071566,0.004269892631679021,0.004269892631679021,0.002638536344,0.002638536344,0.023252148044000002,0.023252148044000002,0.02392725781,0.02392725781,0.004306404601752244,0.004306404601752244,0.00451930553,0.00451930553,0.08000037934399999,0.08000037934399999,0.07748620793,0.07748620793,0.010697140294311921,0.010697140294311921,0.01936030745999999,0.01936030745999999,0.044184624866,0.044184624866,0.04230958825,0.04230958825,0.011364170440429972,0.011364170440429972,0.021339520029999996,0.021339520029999996,1.7535334518e-05,1.7535334518e-05,1.319827879e-05,1.319827879e-05,7.34876422534155e-06,7.34876422534155e-06,4.6630166300000005e-06,4.6630166300000005e-06
graphmvp_gin,sider,scaffold,0,expanded,molecule_model.gnns.3.mlp.0,gin_mlp_in,3,dumped/n4_full_ft_splits/sider_scaffold_seed0.json,32,classification,600,300,5,True,0.69423521758,0.69423521758,0.6950679421,0.6950679421,0.0029515792031816596,0.0029515792031816596,0.004152774800000092,0.004152774800000092,42.739792602,42.739792602,44.36078577,44.36078577,4.533453901056645,4.533453901056645,4.683939819999999,4.683939819999999,0.14246597534,0.14246597534,0.1478692859,0.1478692859,0.015111513003522146,0.015111513003522146,0.01561313273333334,0.01561313273333334,2.830907669,2.830907669,2.790756,2.790756,0.9715308853498539,0.9715308853498539,1.8161841170000002,1.8161841170000002,0.71663549322,0.71663549322,0.7282444151,0.7282444151,0.07326026676091853,0.07326026676091853,0.09099059279999999,0.09099059279999999,0.86651602104,0.86651602104,0.8600681037,0.8600681037,0.03309978424717601,0.03309978424717601,0.026194471399999975,0.026194471399999975,0.9599528700199998,0.9599528700199998,0.9558088529,0.9558088529,0.010889086440830363,0.010889086440830363,0.009985785600000074,0.009985785600000074,3.7491473654,3.7491473654,3.792355876,3.792355876,0.11110930392913225,0.11110930392913225,0.10832821300000006,0.10832821300000006,0.6573089668231049,0.6573089668231049,0.664884380295128,0.664884380295128,0.01947993360946489,0.01947993360946489,0.01899234647908432,0.01899234647908432,0.007233536786800001,0.007233536786800001,0.00626152363,0.00626152363,0.004061894533423515,0.004061894533423515,0.0002535069730000006,0.0002535069730000006,0.029513220777999997,0.029513220777999997,0.03407272569,0.03407272569,0.012380450325708163,0.012380450325708163,0.021587358619999997,0.021587358619999997,0.087906479654,0.087906479654,0.09075606682,0.09075606682,0.025553385504261436,0.025553385504261436,0.041038537439999995,0.041038537439999995,0.051961544978000006,0.051961544978000006,0.04556806028,0.04556806028,0.012413000692727424,0.012413000692727424,0.0030699696,0.0030699696,2.1084468608e-05,2.1084468608e-05,1.740689913e-05,1.740689913e-05,9.908080875344469e-06,9.908080875344469e-06,1.889413389999998e-06,1.889413389999998e-06
graphmvp_gin,sider,scaffold,0,expanded,molecule_model.gnns.3.mlp.2,gin_mlp_out,3,dumped/n4_full_ft_splits/sider_scaffold_seed0.json,32,classification,300,600,5,True,0.69423521758,0.69423521758,0.6950679421,0.6950679421,0.0029515792031816596,0.0029515792031816596,0.004152774800000092,0.004152774800000092,53.596149514000004,53.596149514000004,57.29263602,57.29263602,5.424579185471933,5.424579185471933,7.829993379999998,7.829993379999998,0.17865383171333332,0.17865383171333332,0.19097545340000002,0.19097545340000002,0.018081930618239785,0.018081930618239785,0.026099977933333324,0.026099977933333324,3.0485512492,3.0485512492,3.183837067,3.183837067,0.9644934395480367,0.9644934395480367,1.787535978,1.787535978,0.69954196748,0.69954196748,0.6877849151,0.6877849151,0.06929686658230909,0.06929686658230909,0.06566885659999999,0.06566885659999999,0.8479240828199999,0.8479240828199999,0.8343889213,0.8343889213,0.03348787712008819,0.03348787712008819,0.045755966299999895,0.045755966299999895,0.94330507976,0.94330507976,0.9360938401,0.9360938401,0.014905612534166675,0.014905612534166675,0.02211017780000002,0.02211017780000002,3.9760919236,3.9760919236,4.048172099,4.048172099,0.10507435623329367,0.10507435623329367,0.14634540799999973,0.14634540799999973,0.6970973983084201,0.6970973983084201,0.7097346571310131,0.7097346571310131,0.018421872976428187,0.018421872976428187,0.025657606798692112,0.025657606798692112,0.0039164663374,0.0039164663374,0.002521095487,0.002521095487,0.0023359311981090147,0.0023359311981090147,0.002078437929,0.002078437929,0.0154722353968,0.0154722353968,0.01220291869,0.01220291869,0.007955906683170493,0.007955906683170493,0.013269270032000001,0.013269270032000001,0.055052999908,0.055052999908,0.05766627598,0.05766627598,0.012500736704076329,0.012500736704076329,0.018005461339999994,0.018005461339999994,0.073340509836,0.073340509836,0.07143779548,0.07143779548,0.013759976569539024,0.013759976569539024,0.01222392001,0.01222392001,2.9616179382000006e-05,2.9616179382000006e-05,2.807460442e-05,2.807460442e-05,1.2060858708563039e-05,1.2060858708563039e-05,8.473345579999999e-06,8.473345579999999e-06
graphmvp_gin,sider,scaffold,0,expanded,molecule_model.gnns.4.mlp.0,gin_mlp_in,4,dumped/n4_full_ft_splits/sider_scaffold_seed0.json,32,classification,600,300,5,True,0.69423521758,0.69423521758,0.6950679421,0.6950679421,0.0029515792031816596,0.0029515792031816596,0.004152774800000092,0.004152774800000092,40.204116846,40.204116846,41.64829092,41.64829092,3.1960870420762424,3.1960870420762424,6.203348589999997,6.203348589999997,0.13401372282000001,0.13401372282000001,0.1388276364,0.1388276364,0.010653623473587477,0.010653623473587477,0.020677828633333326,0.020677828633333326,3.0031017334,3.0031017334,3.060746374,3.060746374,0.9693150275408096,0.9693150275408096,0.9805667649999998,0.9805667649999998,0.7364979224599999,0.7364979224599999,0.7194791493,0.7194791493,0.049108859640383085,0.049108859640383085,0.0738434282,0.0738434282,0.88032183304,0.88032183304,0.8722371853,0.8722371853,0.02442415881924846,0.02442415881924846,0.040662851200000016,0.040662851200000016,0.9617686771,0.9617686771,0.9588660351,0.9588660351,0.008884140350317858,0.008884140350317858,0.016799982400000024,0.016799982400000024,3.6907555739999998,3.6907555739999998,3.729260333,3.729260333,0.08049955672998423,0.08049955672998423,0.15736111500000005,0.15736111500000005,0.6470715863375316,0.6470715863375316,0.6538223274766073,0.6538223274766073,0.01411336373497244,0.01411336373497244,0.02758890537975589,0.02758890537975589,0.0041665230334,0.0041665230334,0.003099129199,0.003099129199,0.0034520033216975258,0.0034520033216975258,0.0021585581570000003,0.0021585581570000003,0.012229381854200002,0.012229381854200002,0.01077501562,0.01077501562,0.004360083109333569,0.004360083109333569,0.004518518589999999,0.004518518589999999,0.047883705022,0.047883705022,0.05104912291,0.05104912291,0.009988072624122917,0.009988072624122917,0.011671893100000004,0.011671893100000004,0.14619668683999998,0.14619668683999998,0.1512966942,0.1512966942,0.014096480129468804,0.014096480129468804,0.015326152999999981,0.015326152999999981,5.7465369174e-05,5.7465369174e-05,6.005267642e-05,6.005267642e-05,1.4673286442343516e-05,1.4673286442343516e-05,2.0742452770000006e-05,2.0742452770000006e-05
graphmvp_gin,sider,scaffold,0,expanded,molecule_model.gnns.4.mlp.2,gin_mlp_out,4,dumped/n4_full_ft_splits/sider_scaffold_seed0.json,32,classification,300,600,5,True,0.69423521758,0.69423521758,0.6950679421,0.6950679421,0.0029515792031816596,0.0029515792031816596,0.004152774800000092,0.004152774800000092,20.563687780000002,20.563687780000002,20.04473035,20.04473035,1.736520609743584,1.736520609743584,2.9709400299999977,2.9709400299999977,0.06854562593333333,0.06854562593333333,0.06681576783333333,0.06681576783333333,0.005788402032478614,0.005788402032478614,0.009903133433333336,0.009903133433333336,2.4077094260000003,2.4077094260000003,2.540821583,2.540821583,0.4799638650043514,0.4799638650043514,0.6619421390000002,0.6619421390000002,0.8089649761200001,0.8089649761200001,0.8217386269,0.8217386269,0.0327630234661691,0.0327630234661691,0.030403833499999977,0.030403833499999977,0.9320485234,0.9320485234,0.9339805073,0.9339805073,0.01577567430280729,0.01577567430280729,0.013582638099999933,0.013582638099999933,0.9885889890400001,0.9885889890400001,0.9902067447,0.9902067447,0.003308872906832667,0.003308872906832667,0.006263253599999907,0.006263253599999907,3.0200185874,3.0200185874,2.997966294,2.997966294,0.08341933386055879,0.08341933386055879,0.1456083880000003,0.1456083880000003,0.5294764659800658,0.5294764659800658,0.5256102081944674,0.5256102081944674,0.01462526564279382,0.01462526564279382,0.025528390791020983,0.025528390791020983,0.00132416423042,0.00132416423042,0.001122317779,0.001122317779,0.0009358551002091945,0.0009358551002091945,0.0005352779174000001,0.0005352779174000001,0.0024378314384,0.0024378314384,0.002224160224,0.002224160224,0.0012307514396391573,0.0012307514396391573,0.0016512260519999998,0.0016512260519999998,0.0065661640238,0.0065661640238,0.006343458785,0.006343458785,0.0016287003364492583,0.0016287003364492583,0.0009497210050000001,0.0009497210050000001,0.54405687586,0.54405687586,0.5722355279,0.5722355279,0.061274722500242726,0.061274722500242726,0.12679117750000002,0.12679117750000002,0.00021036732652,0.00021036732652,0.0002333856246,0.0002333856246,3.849791880559702e-05,3.849791880559702e-05,5.774096639999998e-05,5.774096639999998e-05
graphmvp_gin,sider,scaffold,0,historical,molecule_model.gnns.0.mlp.0,gin_mlp_in,0,dumped/n4_full_ft_splits/sider_scaffold_seed0.json,32,classification,600,300,5,True,0.69423521758,0.69423521758,0.6950679421,0.6950679421,0.0029515792031816596,0.0029515792031816596,0.004152774800000092,0.004152774800000092,7.945156236,7.945156236,8.347203219,8.347203219,0.748136860207575,0.748136860207575,1.2430200959999995,1.2430200959999995,0.02648385412,0.02648385412,0.02782401073,0.02782401073,0.00249378953402525,0.00249378953402525,0.004143400319999997,0.004143400319999997,1.9494831823999998,1.9494831823999998,1.840468829,1.840468829,0.3539701237269837,0.3539701237269837,0.6540475390000002,0.6540475390000002,0.9099399332800001,0.9099399332800001,0.8938188921,0.8938188921,0.03451499305997718,0.03451499305997718,0.06368082080000004,0.06368082080000004,0.9909731519799999,0.9909731519799999,0.9887039509,0.9887039509,0.004352694194473796,0.004352694194473796,0.0072494551000000795,0.0072494551000000795,0.9999982017800001,0.9999982017800001,0.9999999764,0.9999999764,3.3379319767977706e-06,3.3379319767977706e-06,4.969000000354384e-07,4.969000000354384e-07,2.0679981288000002,2.0679981288000002,2.121926539,2.121926539,0.09622416079635056,0.09622416079635056,0.15848749900000003,0.15848749900000003,0.36256609328788436,0.36256609328788436,0.3720209437208421,0.3720209437208421,0.016870236763745196,0.016870236763745196,0.027786385561548443,0.027786385561548443,0.088492517214,0.088492517214,0.09909896508,0.09909896508,0.024010994569989542,0.024010994569989542,0.03215353589,0.03215353589,0.2660882408,0.2660882408,0.262662237,0.262662237,0.040392910115252846,0.040392910115252846,0.013931782800000014,0.013931782800000014,0.5140514878,0.5140514878,0.5256116571,0.5256116571,0.04522668944010486,0.04522668944010486,0.06133753310000006,0.06133753310000006,0.03183058813800001,0.03183058813800001,0.02002966276,0.02002966276,0.017871885245651642,0.017871885245651642,0.016653515110000003,0.016653515110000003,3.2199376392e-06,3.2199376392e-06,2.96199687e-06,2.96199687e-06,1.5923008931783082e-06,1.5923008931783082e-06,1.1686306609999999e-06,1.1686306609999999e-06
graphmvp_gin,sider,scaffold,0,historical,molecule_model.gnns.1.mlp.0,gin_mlp_in,1,dumped/n4_full_ft_splits/sider_scaffold_seed0.json,32,classification,600,300,5,True,0.69423521758,0.69423521758,0.6950679421,0.6950679421,0.0029515792031816596,0.0029515792031816596,0.004152774800000092,0.004152774800000092,19.805353394,19.805353394,19.56348085,19.56348085,2.597285570720187,2.597285570720187,3.510204960000003,3.510204960000003,0.06601784464666667,0.06601784464666667,0.06521160283333334,0.06521160283333334,0.008657618569067289,0.008657618569067289,0.011700683200000006,0.011700683200000006,2.2648832708,2.2648832708,1.703668746,1.703668746,0.8015506656884475,0.8015506656884475,1.4682560300000003,1.4682560300000003,0.80541406916,0.80541406916,0.8266829254,0.8266829254,0.06886644176483388,0.06886644176483388,0.1363246039999999,0.1363246039999999,0.9414195320600001,0.9414195320600001,0.9473960673,0.9473960673,0.022843669937893236,0.022843669937893236,0.037202337600000024,0.037202337600000024,0.99188216936,0.99188216936,0.9926161445,0.9926161445,0.003812009961348075,0.003812009961348075,0.004451857399999981,0.004451857399999981,2.9774031118,2.9774031118,2.973664606,2.973664606,0.13061341550420716,0.13061341550420716,0.179249424,0.179249424,0.5220050247409662,0.5220050247409662,0.5213495814773755,0.5213495814773755,0.022899438413818553,0.022899438413818553,0.03142641305071936,0.03142641305071936,0.0194827510994,0.0194827510994,0.01720400535,0.01720400535,0.008993495614047994,0.008993495614047994,0.011625699440000001,0.011625699440000001,0.07813481106799999,0.07813481106799999,0.06982605938,0.06982605938,0.016190939010605088,0.016190939010605088,0.022893233659999998,0.022893233659999998,0.23717887778,0.23717887778,0.2389529069,0.2389529069,0.014637324665289435,0.014637324665289435,0.0184011506,0.0184011506,0.09752411761,0.09752411761,0.07539375962,0.07539375962,0.03863202242932503,0.03863202242932503,0.053892673200000005,0.053892673200000005,1.00338213082e-05,1.00338213082e-05,1.052196512e-05,1.052196512e-05,3.4678678438026855e-06,3.4678678438026855e-06,4.745435034999999e-06,4.745435034999999e-06
graphmvp_gin,sider,scaffold,0,historical,molecule_model.gnns.2.mlp.0,gin_mlp_in,2,dumped/n4_full_ft_splits/sider_scaffold_seed0.json,32,classification,600,300,5,True,0.69423521758,0.69423521758,0.6950679421,0.6950679421,0.0029515792031816596,0.0029515792031816596,0.004152774800000092,0.004152774800000092,34.684506702,34.684506702,34.42627662,34.42627662,3.0050724176443318,3.0050724176443318,5.184023109999998,5.184023109999998,0.11561502234000001,0.11561502234000001,0.1147542554,0.1147542554,0.010016908058814443,0.010016908058814443,0.017280077033333327,0.017280077033333327,2.3795998924,2.3795998924,2.333514024,2.333514024,0.569396837455481,0.569396837455481,0.9215395710000001,0.9215395710000001,0.7501099707,0.7501099707,0.7845511358,0.7845511358,0.06888375468485378,0.06888375468485378,0.12405583510000007,0.12405583510000007,0.8973910787599999,0.8973910787599999,0.9012001484,0.9012001484,0.027226033151812254,0.027226033151812254,0.055995062799999995,0.055995062799999995,0.9756035839400001,0.9756035839400001,0.9770760695,0.9770760695,0.006512928913225808,0.006512928913225808,0.011488369900000017,0.011488369900000017,3.5425342259999995,3.5425342259999995,3.538820128,3.538820128,0.08673468236911933,0.08673468236911933,0.14950748000000003,0.14950748000000003,0.6210850855095993,0.6210850855095993,0.6204339214765207,0.6204339214765207,0.015206520016236645,0.015206520016236645,0.026211988389163055,0.026211988389163055,0.009950034479799998,0.009950034479799998,0.006290424784,0.006290424784,0.006331833469607418,0.006331833469607418,0.009533461908,0.009533461908,0.04137431448,0.04137431448,0.04813315493,0.04813315493,0.01813395721361563,0.01813395721361563,0.03228176496,0.03228176496,0.10769664476,0.10769664476,0.1016971104,0.1016971104,0.03299898990114724,0.03299898990114724,0.05413856594000001,0.05413856594000001,0.141098995422,0.141098995422,0.1422542048,0.1422542048,0.03258546280178575,0.03258546280178575,0.024425096300000004,0.024425096300000004,1.5196882850599999e-05,1.5196882850599999e-05,1.255665484e-05,1.255665484e-05,5.473419150386115e-06,5.473419150386115e-06,6.7697546999999995e-06,6.7697546999999995e-06
graphmvp_gin,sider,scaffold,0,historical,molecule_model.gnns.3.mlp.0,gin_mlp_in,3,dumped/n4_full_ft_splits/sider_scaffold_seed0.json,32,classification,600,300,5,True,0.69423521758,0.69423521758,0.6950679421,0.6950679421,0.0029515792031816596,0.0029515792031816596,0.004152774800000092,0.004152774800000092,42.739792602,42.739792602,44.36078577,44.36078577,4.533453901056645,4.533453901056645,4.683939819999999,4.683939819999999,0.14246597534,0.14246597534,0.1478692859,0.1478692859,0.015111513003522146,0.015111513003522146,0.01561313273333334,0.01561313273333334,2.830907669,2.830907669,2.790756,2.790756,0.9715308853498539,0.9715308853498539,1.8161841170000002,1.8161841170000002,0.71663549322,0.71663549322,0.7282444151,0.7282444151,0.07326026676091853,0.07326026676091853,0.09099059279999999,0.09099059279999999,0.86651602104,0.86651602104,0.8600681037,0.8600681037,0.03309978424717601,0.03309978424717601,0.026194471399999975,0.026194471399999975,0.9599528700199998,0.9599528700199998,0.9558088529,0.9558088529,0.010889086440830363,0.010889086440830363,0.009985785600000074,0.009985785600000074,3.7491473654,3.7491473654,3.792355876,3.792355876,0.11110930392913225,0.11110930392913225,0.10832821300000006,0.10832821300000006,0.6573089668231049,0.6573089668231049,0.664884380295128,0.664884380295128,0.01947993360946489,0.01947993360946489,0.01899234647908432,0.01899234647908432,0.007233536786800001,0.007233536786800001,0.00626152363,0.00626152363,0.004061894533423515,0.004061894533423515,0.0002535069730000006,0.0002535069730000006,0.029513220777999997,0.029513220777999997,0.03407272569,0.03407272569,0.012380450325708163,0.012380450325708163,0.021587358619999997,0.021587358619999997,0.087906479654,0.087906479654,0.09075606682,0.09075606682,0.025553385504261436,0.025553385504261436,0.041038537439999995,0.041038537439999995,0.18886264592,0.18886264592,0.1754402348,0.1754402348,0.032834401514081686,0.032834401514081686,0.008931851399999996,0.008931851399999996,2.1084468608e-05,2.1084468608e-05,1.740689913e-05,1.740689913e-05,9.908080875344469e-06,9.908080875344469e-06,1.889413389999998e-06,1.889413389999998e-06
graphmvp_gin,sider,scaffold,0,historical,molecule_model.gnns.4.mlp.0,gin_mlp_in,4,dumped/n4_full_ft_splits/sider_scaffold_seed0.json,32,classification,600,300,5,True,0.69423521758,0.69423521758,0.6950679421,0.6950679421,0.0029515792031816596,0.0029515792031816596,0.004152774800000092,0.004152774800000092,40.204116846,40.204116846,41.64829092,41.64829092,3.1960870420762424,3.1960870420762424,6.203348589999997,6.203348589999997,0.13401372282000001,0.13401372282000001,0.1388276364,0.1388276364,0.010653623473587477,0.010653623473587477,0.020677828633333326,0.020677828633333326,3.0031017334,3.0031017334,3.060746374,3.060746374,0.9693150275408096,0.9693150275408096,0.9805667649999998,0.9805667649999998,0.7364979224599999,0.7364979224599999,0.7194791493,0.7194791493,0.049108859640383085,0.049108859640383085,0.0738434282,0.0738434282,0.88032183304,0.88032183304,0.8722371853,0.8722371853,0.02442415881924846,0.02442415881924846,0.040662851200000016,0.040662851200000016,0.9617686771,0.9617686771,0.9588660351,0.9588660351,0.008884140350317858,0.008884140350317858,0.016799982400000024,0.016799982400000024,3.6907555739999998,3.6907555739999998,3.729260333,3.729260333,0.08049955672998423,0.08049955672998423,0.15736111500000005,0.15736111500000005,0.6470715863375316,0.6470715863375316,0.6538223274766073,0.6538223274766073,0.01411336373497244,0.01411336373497244,0.02758890537975589,0.02758890537975589,0.0041665230334,0.0041665230334,0.003099129199,0.003099129199,0.0034520033216975258,0.0034520033216975258,0.0021585581570000003,0.0021585581570000003,0.012229381854200002,0.012229381854200002,0.01077501562,0.01077501562,0.004360083109333569,0.004360083109333569,0.004518518589999999,0.004518518589999999,0.047883705022,0.047883705022,0.05104912291,0.05104912291,0.009988072624122917,0.009988072624122917,0.011671893100000004,0.011671893100000004,0.5406836529,0.5406836529,0.5222054169,0.5222054169,0.08133171777205486,0.08133171777205486,0.10465985109999998,0.10465985109999998,5.7465369174e-05,5.7465369174e-05,6.005267642e-05,6.005267642e-05,1.4673286442343516e-05,1.4673286442343516e-05,2.0742452770000006e-05,2.0742452770000006e-05
graphmvp_gin,sider,scaffold,1,expanded,molecule_model.gnns.0.mlp.0,gin_mlp_in,0,dumped/n4_full_ft_splits/sider_scaffold_seed1.json,32,classification,600,300,5,True,0.6928318143000001,0.6928318143000001,0.6931587458,0.6931587458,0.0016232555928825955,0.0016232555928825955,0.0008153318999999382,0.0008153318999999382,8.7594662446,8.7594662446,8.737408606,8.737408606,0.5587505064233926,0.5587505064233926,1.020582182,1.020582182,0.029198220815333333,0.029198220815333333,0.029124695353333337,0.029124695353333337,0.001862501688077975,0.001862501688077975,0.0034019406066666674,0.0034019406066666674,2.790012571,2.790012571,2.630986417,2.630986417,0.2777797775795864,0.2777797775795864,0.49823427500000017,0.49823427500000017,0.8718316525399998,0.8718316525399998,0.8727786148,0.8727786148,0.021280720948211707,0.021280720948211707,0.04652743209999999,0.04652743209999999,0.9917370629000001,0.9917370629000001,0.9928811971,0.9928811971,0.0035543170323856163,0.0035543170323856163,0.005038442500000073,0.005038442500000073,0.9999812405,0.9999812405,0.999997395,0.999997395,2.5019053988276363e-05,2.5019053988276363e-05,2.6273000000021085e-05,2.6273000000021085e-05,2.1681106588,2.1681106588,2.167613648,2.167613648,0.06354796539184239,0.06354796539184239,0.11784837999999986,0.11784837999999986,0.38011804770494584,0.38011804770494584,0.3800309106512086,0.3800309106512086,0.01114137253203589,0.01114137253203589,0.020661443616343922,0.020661443616343922,0.056391985192000005,0.056391985192000005,0.04776031534,0.04776031534,0.01259027382141951,0.01259027382141951,0.02370989779999999,0.02370989779999999,0.2512484338,0.2512484338,0.2468346912,0.2468346912,0.06589569339494866,0.06589569339494866,0.0909721956,0.0909721956,0.43756902061999997,0.43756902061999997,0.4274690063,0.4274690063,0.03328861365698651,0.03328861365698651,0.051997143700000026,0.051997143700000026,0.0049388024822,0.0049388024822,0.004724856874,0.004724856874,0.0010100180161990908,0.0010100180161990908,0.0007953669400000002,0.0007953669400000002,1.987117662e-06,1.987117662e-06,1.732469286e-06,1.732469286e-06,5.975786190987024e-07,5.975786190987024e-07,2.998356190000002e-07,2.998356190000002e-07
graphmvp_gin,sider,scaffold,1,expanded,molecule_model.gnns.0.mlp.2,gin_mlp_out,0,dumped/n4_full_ft_splits/sider_scaffold_seed1.json,32,classification,300,600,5,True,0.6928318143000001,0.6928318143000001,0.6931587458,0.6931587458,0.0016232555928825955,0.0016232555928825955,0.0008153318999999382,0.0008153318999999382,18.142330217999998,18.142330217999998,18.29487554,18.29487554,0.7961421575595127,0.7961421575595127,0.657762850000001,0.657762850000001,0.060474434060000005,0.060474434060000005,0.06098291846666667,0.06098291846666667,0.0026538071918650427,0.0026538071918650427,0.0021925428333333385,0.0021925428333333385,2.9944270662,2.9944270662,3.177700314,3.177700314,0.619256390932592,0.619256390932592,0.7671098930000002,0.7671098930000002,0.8273259748800001,0.8273259748800001,0.8260108534,0.8260108534,0.024864626906195026,0.024864626906195026,0.04154190400000002,0.04154190400000002,0.96576262766,0.96576262766,0.9646734703,0.9646734703,0.004771613117440151,0.004771613117440151,0.0008509891000000325,0.0008509891000000325,0.99466408096,0.99466408096,0.9945496937,0.9945496937,0.0005777522930257772,0.0005777522930257772,0.0007425712999999945,0.0007425712999999945,2.8972557678,2.8972557678,2.906620996,2.906620996,0.044880689810027484,0.044880689810027484,0.03577162699999992,0.03577162699999992,0.5079534117357156,0.5079534117357156,0.5095953446533212,0.5095953446533212,0.007868583700280865,0.007868583700280865,0.0062715622762518075,0.0062715622762518075,0.034838443374,0.034838443374,0.03232593362,0.03232593362,0.009193882096910052,0.009193882096910052,0.010154478219999999,0.010154478219999999,0.13279583375999998,0.13279583375999998,0.1368058395,0.1368058395,0.01650158852967112,0.01650158852967112,0.025437306000000007,0.025437306000000007,0.2688156669,0.2688156669,0.2772782256,0.2772782256,0.02170341460049919,0.02170341460049919,0.03352779759999999,0.03352779759999999,0.0112541669784,0.0112541669784,0.01106738288,0.01106738288,0.0022920657005110834,0.0022920657005110834,0.003484847409,0.003484847409,4.6211474912e-06,4.6211474912e-06,3.77096535e-06,3.77096535e-06,1.768660061505697e-06,1.768660061505697e-06,1.3373080489999998e-06,1.3373080489999998e-06
graphmvp_gin,sider,scaffold,1,expanded,molecule_model.gnns.1.mlp.0,gin_mlp_in,1,dumped/n4_full_ft_splits/sider_scaffold_seed1.json,32,classification,600,300,5,True,0.6928318143000001,0.6928318143000001,0.6931587458,0.6931587458,0.0016232555928825955,0.0016232555928825955,0.0008153318999999382,0.0008153318999999382,22.117682882000004,22.117682882000004,22.21159656,22.21159656,0.9885407125188427,0.9885407125188427,0.8681094100000024,0.8681094100000024,0.07372560960666666,0.07372560960666666,0.0740386552,0.0740386552,0.0032951357083961415,0.0032951357083961415,0.002893698033333336,0.002893698033333336,3.0153682056,3.0153682056,2.867693419,2.867693419,0.6177380317556095,0.6177380317556095,0.7166012340000001,0.7166012340000001,0.7454392127999999,0.7454392127999999,0.7431671205,0.7431671205,0.014220378491800486,0.014220378491800486,0.015312182499999993,0.015312182499999993,0.92735153928,0.92735153928,0.924756454,0.924756454,0.012708517797622493,0.012708517797622493,0.021044274600000024,0.021044274600000024,0.9889290979600001,0.9889290979600001,0.9884207575,0.9884207575,0.002047744866991669,0.002047744866991669,0.0017861989999999883,0.0017861989999999883,3.0953479152,3.0953479152,3.10061452,3.10061452,0.045722169947144904,0.045722169947144904,0.03859031199999974,0.03859031199999974,0.5426833735251403,0.5426833735251403,0.5436067265498045,0.5436067265498045,0.008016113894648647,0.008016113894648647,0.006765740483875349,0.006765740483875349,0.018267056176,0.018267056176,0.01268727517,0.01268727517,0.011956437391231487,0.011956437391231487,0.0024121688300000003,0.0024121688300000003,0.069017361976,0.069017361976,0.06653331904,0.06653331904,0.01752757172869105,0.01752757172869105,0.004498698450000005,0.004498698450000005,0.22391278528000003,0.22391278528000003,0.220046064,0.220046064,0.026140537923854,0.026140537923854,0.040255397,0.040255397,0.01806766731,0.01806766731,0.01928216138,0.01928216138,0.002343533184433815,0.002343533184433815,0.00357496769,0.00357496769,7.615340655399999e-06,7.615340655399999e-06,5.951419553e-06,5.951419553e-06,3.2866811854857074e-06,3.2866811854857074e-06,2.0221300480000002e-06,2.0221300480000002e-06
graphmvp_gin,sider,scaffold,1,expanded,molecule_model.gnns.1.mlp.2,gin_mlp_out,1,dumped/n4_full_ft_splits/sider_scaffold_seed1.json,32,classification,300,600,5,True,0.6928318143000001,0.6928318143000001,0.6931587458,0.6931587458,0.0016232555928825955,0.0016232555928825955,0.0008153318999999382,0.0008153318999999382,38.144816823999996,38.144816823999996,39.6044515,39.6044515,2.463722751244932,2.463722751244932,1.8148520300000044,1.8148520300000044,0.1271493894133333,0.1271493894133333,0.13201483833333336,0.13201483833333336,0.00821240917081644,0.00821240917081644,0.006049506766666685,0.006049506766666685,2.6012889428,2.6012889428,2.568328536,2.568328536,0.3904832203402388,0.3904832203402388,0.19385454199999996,0.19385454199999996,0.7366115128599999,0.7366115128599999,0.7250996847,0.7250996847,0.03292108508551963,0.03292108508551963,0.022548832599999957,0.022548832599999957,0.8995639867399999,0.8995639867399999,0.8950348887,0.8950348887,0.013087829658959268,0.013087829658959268,0.00694074340000006,0.00694074340000006,0.97182189176,0.97182189176,0.9693737865,0.9693737865,0.005229544520067353,0.005229544520067353,0.002681909999999954,0.002681909999999954,3.6391831875999996,3.6391831875999996,3.678941524,3.678941524,0.06737141612685921,0.06737141612685921,0.04677458000000012,0.04677458000000012,0.6380297993077575,0.6380297993077575,0.6450003204622123,0.6450003204622123,0.011811708533102875,0.011811708533102875,0.008200624797287559,0.008200624797287559,0.0089812502384,0.0089812502384,0.008193027174,0.008193027174,0.0021746971688056086,0.0021746971688056086,0.004447670287,0.004447670287,0.0425933608,0.0425933608,0.03981041049,0.03981041049,0.011453701789642024,0.011453701789642024,0.01245836031,0.01245836031,0.12262613689999999,0.12262613689999999,0.1154326668,0.1154326668,0.017981842651911807,0.017981842651911807,0.009733359600000005,0.009733359600000005,0.033697376444,0.033697376444,0.0343843583,0.0343843583,0.003530277328308656,0.003530277328308656,0.0039366871300000016,0.0039366871300000016,1.46823371316e-05,1.46823371316e-05,1.117800184e-05,1.117800184e-05,7.38629469901658e-06,7.38629469901658e-06,6.281233254999999e-06,6.281233254999999e-06
graphmvp_gin,sider,scaffold,1,expanded,molecule_model.gnns.2.mlp.0,gin_mlp_in,2,dumped/n4_full_ft_splits/sider_scaffold_seed1.json,32,classification,600,300,5,True,0.6928318143000001,0.6928318143000001,0.6931587458,0.6931587458,0.0016232555928825955,0.0016232555928825955,0.0008153318999999382,0.0008153318999999382,37.583375440000005,37.583375440000005,39.11964445,39.11964445,3.7225919312000717,3.7225919312000717,2.340105649999998,2.340105649999998,0.12527791813333333,0.12527791813333333,0.13039881483333335,0.13039881483333335,0.01240863977066691,0.01240863977066691,0.007800352166666677,0.007800352166666677,3.4248582278,3.4248582278,3.573709995,3.573709995,0.7749110638701608,0.7749110638701608,0.5333141670000003,0.5333141670000003,0.6763245853400001,0.6763245853400001,0.6517636718,0.6517636718,0.08018332101690112,0.08018332101690112,0.031216168399999966,0.031216168399999966,0.87117346482,0.87117346482,0.8569776779,0.8569776779,0.031221223694036522,0.031221223694036522,0.017671891699999942,0.017671891699999942,0.96767902304,0.96767902304,0.9640064658,0.9640064658,0.008363322919937598,0.008363322919937598,0.004061930999999963,0.004061930999999963,3.6212174767999996,3.6212174767999996,3.666624756,3.666624756,0.10562353481343127,0.10562353481343127,0.06074340900000008,0.06074340900000008,0.634880010394904,0.634880010394904,0.6428409169339874,0.6428409169339874,0.018518156202967363,0.018518156202967363,0.010649671383841097,0.010649671383841097,0.0067052567558,0.0067052567558,0.007928596474,0.007928596474,0.0021447106884387563,0.0021447106884387563,0.0036924209539999997,0.0036924209539999997,0.035591864838,0.035591864838,0.04079961018,0.04079961018,0.01115726512636794,0.01115726512636794,0.015970975179999996,0.015970975179999996,0.11021550736599998,0.11021550736599998,0.1037696256,0.1037696256,0.0119052934604175,0.0119052934604175,0.013158187200000004,0.013158187200000004,0.031942594488,0.031942594488,0.03024488575,0.03024488575,0.0061021615916324635,0.0061021615916324635,0.0025226756200000013,0.0025226756200000013,1.4425825063400001e-05,1.4425825063400001e-05,1.029274335e-05,1.029274335e-05,8.950960952583791e-06,8.950960952583791e-06,6.006780491e-06,6.006780491e-06
graphmvp_gin,sider,scaffold,1,expanded,molecule_model.gnns.2.mlp.2,gin_mlp_out,2,dumped/n4_full_ft_splits/sider_scaffold_seed1.json,32,classification,300,600,5,True,0.6928318143000001,0.6928318143000001,0.6931587458,0.6931587458,0.0016232555928825955,0.0016232555928825955,0.0008153318999999382,0.0008153318999999382,49.948722464,49.948722464,49.96637544,49.96637544,4.407361394917392,4.407361394917392,3.0159780900000044,3.0159780900000044,0.16649574154666663,0.16649574154666663,0.1665545848,0.1665545848,0.014691204649724643,0.014691204649724643,0.010053260300000033,0.010053260300000033,3.2937527288,3.2937527288,3.281149692,3.281149692,1.000016866251053,1.000016866251053,0.7100334940000002,0.7100334940000002,0.67904308178,0.67904308178,0.6590464684,0.6590464684,0.06816359194390502,0.06816359194390502,0.04519684739999996,0.04519684739999996,0.85948373458,0.85948373458,0.8487210378,0.8487210378,0.02831121891429051,0.02831121891429051,0.018763969800000058,0.018763969800000058,0.9540645206199999,0.9540645206199999,0.9517945516,0.9517945516,0.010663614281697228,0.010663614281697228,0.008728324700000067,0.008728324700000067,3.9068743018,3.9068743018,3.911350288,3.911350288,0.09213277605673721,0.09213277605673721,0.058681525999999984,0.058681525999999984,0.6849620088352842,0.6849620088352842,0.6857467488249118,0.6857467488249118,0.016152925969058905,0.016152925969058905,0.010288177408718013,0.010288177408718013,0.0066194824299999995,0.0066194824299999995,0.006242765071,0.006242765071,0.001019719211852863,0.001019719211852863,0.0010100674210000004,0.0010100674210000004,0.02269619933,0.02269619933,0.02108158932,0.02108158932,0.0036925437991503557,0.0036925437991503557,0.004041302850000001,0.004041302850000001,0.090442636808,0.090442636808,0.08970161649,0.08970161649,0.0060334352724413995,0.0060334352724413995,0.006563823139999994,0.006563823139999994,0.038374431316000004,0.038374431316000004,0.03849387549,0.03849387549,0.00546699822514843,0.00546699822514843,0.003637308400000004,0.003637308400000004,1.68679804098e-05,1.68679804098e-05,1.411459834e-05,1.411459834e-05,9.123379992199892e-06,9.123379992199892e-06,6.343720085e-06,6.343720085e-06
graphmvp_gin,sider,scaffold,1,expanded,molecule_model.gnns.3.mlp.0,gin_mlp_in,3,dumped/n4_full_ft_splits/sider_scaffold_seed1.json,32,classification,600,300,5,True,0.6928318143000001,0.6928318143000001,0.6931587458,0.6931587458,0.0016232555928825955,0.0016232555928825955,0.0008153318999999382,0.0008153318999999382,44.323450814,44.323450814,44.34657806,44.34657806,3.9166934204841737,3.9166934204841737,3.193170710000004,3.193170710000004,0.14774483604666666,0.14774483604666666,0.14782192686666668,0.14782192686666668,0.013055644734947244,0.013055644734947244,0.01064390236666668,0.01064390236666668,3.3363409226000003,3.3363409226000003,3.150886911,3.150886911,0.7754667957474006,0.7754667957474006,1.040472191,1.040472191,0.6665372136400001,0.6665372136400001,0.654682482,0.654682482,0.0714742792110416,0.0714742792110416,0.06799909280000005,0.06799909280000005,0.84558356784,0.84558356784,0.8441239838,0.8441239838,0.03772276395642564,0.03772276395642564,0.0330211359,0.0330211359,0.9550422773799999,0.9550422773799999,0.9541371957,0.9541371957,0.010714231065442385,0.010714231065442385,0.008251031300000045,0.008251031300000045,3.7873986884000006,3.7873986884000006,3.792035548,3.792035548,0.09194333825053111,0.09194333825053111,0.07015242200000005,0.07015242200000005,0.6640152749914061,0.6640152749914061,0.6648282196681364,0.6648282196681364,0.01611971330587479,0.01611971330587479,0.012299280751275288,0.012299280751275288,0.010862022816199999,0.010862022816199999,0.008563121444,0.008563121444,0.005264369156913352,0.005264369156913352,0.0018813001450000005,0.0018813001450000005,0.034779637530000004,0.034779637530000004,0.03784035129,0.03784035129,0.011418663197973427,0.011418663197973427,0.010465598770000004,0.010465598770000004,0.090382230198,0.090382230198,0.08668000137,0.08668000137,0.017343295656447592,0.017343295656447592,0.024732576239999998,0.024732576239999998,0.048571727724,0.048571727724,0.04750897881,0.04750897881,0.00659513392150257,0.00659513392150257,0.013119584860000005,0.013119584860000005,2.1018545156e-05,2.1018545156e-05,1.742017776e-05,1.742017776e-05,1.0185530231378831e-05,1.0185530231378831e-05,7.88005946e-06,7.88005946e-06
graphmvp_gin,sider,scaffold,1,expanded,molecule_model.gnns.3.mlp.2,gin_mlp_out,3,dumped/n4_full_ft_splits/sider_scaffold_seed1.json,32,classification,300,600,5,True,0.6928318143000001,0.6928318143000001,0.6931587458,0.6931587458,0.0016232555928825955,0.0016232555928825955,0.0008153318999999382,0.0008153318999999382,53.723950402,53.723950402,54.04941183,54.04941183,4.257845201160438,4.257845201160438,5.222937899999998,5.222937899999998,0.17907983467333335,0.17907983467333335,0.1801647061,0.1801647061,0.014192817337201456,0.014192817337201456,0.01740979299999998,0.01740979299999998,3.362742078,3.362742078,3.697423465,3.697423465,0.7985448793182448,0.7985448793182448,0.7709419900000003,0.7709419900000003,0.67813625172,0.67813625172,0.6681067368,0.6681067368,0.061399836124289627,0.061399836124289627,0.03149457170000003,0.03149457170000003,0.8402955437999999,0.8402955437999999,0.8393850484,0.8393850484,0.03291858265805623,0.03291858265805623,0.02231209319999994,0.02231209319999994,0.9438086059399999,0.9438086059399999,0.9423682346,0.9423682346,0.012055851015548126,0.012055851015548126,0.015017534099999952,0.015017534099999952,3.9806048485999996,3.9806048485999996,3.989898662,3.989898662,0.08140330121489417,0.08140330121489417,0.09550334399999993,0.09550334399999993,0.6978886144917252,0.6978886144917252,0.6995180268056231,0.6995180268056231,0.014271810255141397,0.014271810255141397,0.016743861538260463,0.016743861538260463,0.005687064661000001,0.005687064661000001,0.004743746478,0.004743746478,0.003718224571373599,0.003718224571373599,0.002048362529,0.002048362529,0.0175602042434,0.0175602042434,0.01648431064,0.01648431064,0.006529234510940701,0.006529234510940701,0.00254357589,0.00254357589,0.05611459465199999,0.05611459465199999,0.05758812006,0.05758812006,0.006861175106596086,0.006861175106596086,0.0030001030900000045,0.0030001030900000045,0.076046303362,0.076046303362,0.0745203642,0.0745203642,0.008234404629389876,0.008234404629389876,0.010302964809999995,0.010302964809999995,3.2327633744e-05,3.2327633744e-05,2.732447683e-05,2.732447683e-05,1.3667886619062066e-05,1.3667886619062066e-05,1.3333175959999998e-05,1.3333175959999998e-05
graphmvp_gin,sider,scaffold,1,expanded,molecule_model.gnns.4.mlp.0,gin_mlp_in,4,dumped/n4_full_ft_splits/sider_scaffold_seed1.json,32,classification,600,300,5,True,0.6928318143000001,0.6928318143000001,0.6931587458,0.6931587458,0.0016232555928825955,0.0016232555928825955,0.0008153318999999382,0.0008153318999999382,40.78408853999999,40.78408853999999,39.98378332,39.98378332,3.9638516075631998,3.9638516075631998,4.232352949999999,4.232352949999999,0.13594696180000002,0.13594696180000002,0.13327927773333334,0.13327927773333334,0.01321283869187733,0.01321283869187733,0.014107843166666661,0.014107843166666661,3.0048588427999996,3.0048588427999996,3.035873733,3.035873733,0.8320390295981303,0.8320390295981303,1.063016788,1.063016788,0.7065048834799998,0.7065048834799998,0.6924946695,0.6924946695,0.07290043864094464,0.07290043864094464,0.04051013619999999,0.04051013619999999,0.86456431084,0.86456431084,0.8710850693,0.8710850693,0.03558330438332908,0.03558330438332908,0.03809087050000004,0.03809087050000004,0.9599358200799999,0.9599358200799999,0.9642795199,0.9642795199,0.01176589799330744,0.01176589799330744,0.014363479400000045,0.014363479400000045,3.7034757669999996,3.7034757669999996,3.688473955,3.688473955,0.09866110740653357,0.09866110740653357,0.10201697799999998,0.10201697799999998,0.6493017192460919,0.6493017192460919,0.6466715677515954,0.6466715677515954,0.017297487736413104,0.017297487736413104,0.017885846533119976,0.017885846533119976,0.0067589047324,0.0067589047324,0.004327772609,0.004327772609,0.005361779406655018,0.005361779406655018,0.000334890216,0.000334890216,0.0163986039676,0.0163986039676,0.01538873758,0.01538873758,0.006022716689249736,0.006022716689249736,0.002636824960000001,0.002636824960000001,0.052566380554,0.052566380554,0.05165336114,0.05165336114,0.008213759451131014,0.008213759451131014,0.0009476777099999972,0.0009476777099999972,0.15512853595999998,0.15512853595999998,0.1523673799,0.1523673799,0.008421462823350418,0.008421462823350418,0.014131419700000009,0.014131419700000009,6.678683058400001e-05,6.678683058400001e-05,6.154737639e-05,6.154737639e-05,2.893502162613597e-05,2.893502162613597e-05,3.685099727000001e-05,3.685099727000001e-05
graphmvp_gin,sider,scaffold,1,expanded,molecule_model.gnns.4.mlp.2,gin_mlp_out,4,dumped/n4_full_ft_splits/sider_scaffold_seed1.json,32,classification,300,600,5,True,0.6928318143000001,0.6928318143000001,0.6931587458,0.6931587458,0.0016232555928825955,0.0016232555928825955,0.0008153318999999382,0.0008153318999999382,20.715590718,20.715590718,20.88091212,20.88091212,1.3872943848982198,1.3872943848982198,1.8951382799999976,1.8951382799999976,0.06905196906,0.06905196906,0.06960304040000001,0.06960304040000001,0.004624314616327399,0.004624314616327399,0.0063171276,0.0063171276,2.3685663598,2.3685663598,2.477099805,2.477099805,0.5390891822406286,0.5390891822406286,0.8520888409999998,0.8520888409999998,0.8025350223400001,0.8025350223400001,0.7905347679,0.7905347679,0.03731959070254635,0.03731959070254635,0.01987296839999997,0.01987296839999997,0.9257824559200001,0.9257824559200001,0.9253644934,0.9253644934,0.015245448407443908,0.015245448407443908,0.014554460499999977,0.014554460499999977,0.98813825938,0.98813825938,0.9873584691,0.9873584691,0.0023207411316506703,0.0023207411316506703,0.004617674799999971,0.004617674799999971,3.02863549,3.02863549,3.038835446,3.038835446,0.06716900925946385,0.06716900925946385,0.09202530300000022,0.09202530300000022,0.530987200766725,0.530987200766725,0.532775480043735,0.532775480043735,0.0117762221048783,0.0117762221048783,0.016134083550503386,0.016134083550503386,0.00135168438822,0.00135168438822,0.001150736088,0.001150736088,0.0009454592357350433,0.0009454592357350433,0.0014595942878000002,0.0014595942878000002,0.00243448522142,0.00243448522142,0.001607715385,0.001607715385,0.0019240596910743062,0.0019240596910743062,0.001470716827,0.001470716827,0.006539946912199999,0.006539946912199999,0.00603966599,0.00603966599,0.0020265535189105074,0.0020265535189105074,0.0013049472590000001,0.0013049472590000001,0.58197839394,0.58197839394,0.5832140281,0.5832140281,0.03282126083946288,0.03282126083946288,0.05066489510000005,0.05066489510000005,0.00024769110894,0.00024769110894,0.0002138478303,0.0002138478303,9.696811838602136e-05,9.696811838602136e-05,0.00016735336980000002,0.00016735336980000002
graphmvp_gin,sider,scaffold,1,historical,molecule_model.gnns.0.mlp.0,gin_mlp_in,0,dumped/n4_full_ft_splits/sider_scaffold_seed1.json,32,classification,600,300,5,True,0.6928318143000001,0.6928318143000001,0.6931587458,0.6931587458,0.0016232555928825955,0.0016232555928825955,0.0008153318999999382,0.0008153318999999382,8.7594662446,8.7594662446,8.737408606,8.737408606,0.5587505064233926,0.5587505064233926,1.020582182,1.020582182,0.029198220815333333,0.029198220815333333,0.029124695353333337,0.029124695353333337,0.001862501688077975,0.001862501688077975,0.0034019406066666674,0.0034019406066666674,2.790012571,2.790012571,2.630986417,2.630986417,0.2777797775795864,0.2777797775795864,0.49823427500000017,0.49823427500000017,0.8718316525399998,0.8718316525399998,0.8727786148,0.8727786148,0.021280720948211707,0.021280720948211707,0.04652743209999999,0.04652743209999999,0.9917370629000001,0.9917370629000001,0.9928811971,0.9928811971,0.0035543170323856163,0.0035543170323856163,0.005038442500000073,0.005038442500000073,0.9999812405,0.9999812405,0.999997395,0.999997395,2.5019053988276363e-05,2.5019053988276363e-05,2.6273000000021085e-05,2.6273000000021085e-05,2.1681106588,2.1681106588,2.167613648,2.167613648,0.06354796539184239,0.06354796539184239,0.11784837999999986,0.11784837999999986,0.38011804770494584,0.38011804770494584,0.3800309106512086,0.3800309106512086,0.01114137253203589,0.01114137253203589,0.020661443616343922,0.020661443616343922,0.056391985192000005,0.056391985192000005,0.04776031534,0.04776031534,0.01259027382141951,0.01259027382141951,0.02370989779999999,0.02370989779999999,0.2512484338,0.2512484338,0.2468346912,0.2468346912,0.06589569339494866,0.06589569339494866,0.0909721956,0.0909721956,0.43756902061999997,0.43756902061999997,0.4274690063,0.4274690063,0.03328861365698651,0.03328861365698651,0.051997143700000026,0.051997143700000026,0.019105406306,0.019105406306,0.01787079093,0.01787079093,0.0036789970194418013,0.0036789970194418013,0.004575276739999998,0.004575276739999998,1.987117662e-06,1.987117662e-06,1.732469286e-06,1.732469286e-06,5.975786190987024e-07,5.975786190987024e-07,2.998356190000002e-07,2.998356190000002e-07
graphmvp_gin,sider,scaffold,1,historical,molecule_model.gnns.1.mlp.0,gin_mlp_in,1,dumped/n4_full_ft_splits/sider_scaffold_seed1.json,32,classification,600,300,5,True,0.6928318143000001,0.6928318143000001,0.6931587458,0.6931587458,0.0016232555928825955,0.0016232555928825955,0.0008153318999999382,0.0008153318999999382,22.117682882000004,22.117682882000004,22.21159656,22.21159656,0.9885407125188427,0.9885407125188427,0.8681094100000024,0.8681094100000024,0.07372560960666666,0.07372560960666666,0.0740386552,0.0740386552,0.0032951357083961415,0.0032951357083961415,0.002893698033333336,0.002893698033333336,3.0153682056,3.0153682056,2.867693419,2.867693419,0.6177380317556095,0.6177380317556095,0.7166012340000001,0.7166012340000001,0.7454392127999999,0.7454392127999999,0.7431671205,0.7431671205,0.014220378491800486,0.014220378491800486,0.015312182499999993,0.015312182499999993,0.92735153928,0.92735153928,0.924756454,0.924756454,0.012708517797622493,0.012708517797622493,0.021044274600000024,0.021044274600000024,0.9889290979600001,0.9889290979600001,0.9884207575,0.9884207575,0.002047744866991669,0.002047744866991669,0.0017861989999999883,0.0017861989999999883,3.0953479152,3.0953479152,3.10061452,3.10061452,0.045722169947144904,0.045722169947144904,0.03859031199999974,0.03859031199999974,0.5426833735251403,0.5426833735251403,0.5436067265498045,0.5436067265498045,0.008016113894648647,0.008016113894648647,0.006765740483875349,0.006765740483875349,0.018267056176,0.018267056176,0.01268727517,0.01268727517,0.011956437391231487,0.011956437391231487,0.0024121688300000003,0.0024121688300000003,0.069017361976,0.069017361976,0.06653331904,0.06653331904,0.01752757172869105,0.01752757172869105,0.004498698450000005,0.004498698450000005,0.22391278528000003,0.22391278528000003,0.220046064,0.220046064,0.026140537923854,0.026140537923854,0.040255397,0.040255397,0.069906409948,0.069906409948,0.0677639292,0.0677639292,0.008554666940549127,0.008554666940549127,0.012453866219999998,0.012453866219999998,7.615340655399999e-06,7.615340655399999e-06,5.951419553e-06,5.951419553e-06,3.2866811854857074e-06,3.2866811854857074e-06,2.0221300480000002e-06,2.0221300480000002e-06
graphmvp_gin,sider,scaffold,1,historical,molecule_model.gnns.2.mlp.0,gin_mlp_in,2,dumped/n4_full_ft_splits/sider_scaffold_seed1.json,32,classification,600,300,5,True,0.6928318143000001,0.6928318143000001,0.6931587458,0.6931587458,0.0016232555928825955,0.0016232555928825955,0.0008153318999999382,0.0008153318999999382,37.583375440000005,37.583375440000005,39.11964445,39.11964445,3.7225919312000717,3.7225919312000717,2.340105649999998,2.340105649999998,0.12527791813333333,0.12527791813333333,0.13039881483333335,0.13039881483333335,0.01240863977066691,0.01240863977066691,0.007800352166666677,0.007800352166666677,3.4248582278,3.4248582278,3.573709995,3.573709995,0.7749110638701608,0.7749110638701608,0.5333141670000003,0.5333141670000003,0.6763245853400001,0.6763245853400001,0.6517636718,0.6517636718,0.08018332101690112,0.08018332101690112,0.031216168399999966,0.031216168399999966,0.87117346482,0.87117346482,0.8569776779,0.8569776779,0.031221223694036522,0.031221223694036522,0.017671891699999942,0.017671891699999942,0.96767902304,0.96767902304,0.9640064658,0.9640064658,0.008363322919937598,0.008363322919937598,0.004061930999999963,0.004061930999999963,3.6212174767999996,3.6212174767999996,3.666624756,3.666624756,0.10562353481343127,0.10562353481343127,0.06074340900000008,0.06074340900000008,0.634880010394904,0.634880010394904,0.6428409169339874,0.6428409169339874,0.018518156202967363,0.018518156202967363,0.010649671383841097,0.010649671383841097,0.0067052567558,0.0067052567558,0.007928596474,0.007928596474,0.0021447106884387563,0.0021447106884387563,0.0036924209539999997,0.0036924209539999997,0.035591864838,0.035591864838,0.04079961018,0.04079961018,0.01115726512636794,0.01115726512636794,0.015970975179999996,0.015970975179999996,0.11021550736599998,0.11021550736599998,0.1037696256,0.1037696256,0.0119052934604175,0.0119052934604175,0.013158187200000004,0.013158187200000004,0.12286177025999998,0.12286177025999998,0.1155658774,0.1155658774,0.01656843192790031,0.01656843192790031,0.0089168632,0.0089168632,1.4425825063400001e-05,1.4425825063400001e-05,1.029274335e-05,1.029274335e-05,8.950960952583791e-06,8.950960952583791e-06,6.006780491e-06,6.006780491e-06
graphmvp_gin,sider,scaffold,1,historical,molecule_model.gnns.3.mlp.0,gin_mlp_in,3,dumped/n4_full_ft_splits/sider_scaffold_seed1.json,32,classification,600,300,5,True,0.6928318143000001,0.6928318143000001,0.6931587458,0.6931587458,0.0016232555928825955,0.0016232555928825955,0.0008153318999999382,0.0008153318999999382,44.323450814,44.323450814,44.34657806,44.34657806,3.9166934204841737,3.9166934204841737,3.193170710000004,3.193170710000004,0.14774483604666666,0.14774483604666666,0.14782192686666668,0.14782192686666668,0.013055644734947244,0.013055644734947244,0.01064390236666668,0.01064390236666668,3.3363409226000003,3.3363409226000003,3.150886911,3.150886911,0.7754667957474006,0.7754667957474006,1.040472191,1.040472191,0.6665372136400001,0.6665372136400001,0.654682482,0.654682482,0.0714742792110416,0.0714742792110416,0.06799909280000005,0.06799909280000005,0.84558356784,0.84558356784,0.8441239838,0.8441239838,0.03772276395642564,0.03772276395642564,0.0330211359,0.0330211359,0.9550422773799999,0.9550422773799999,0.9541371957,0.9541371957,0.010714231065442385,0.010714231065442385,0.008251031300000045,0.008251031300000045,3.7873986884000006,3.7873986884000006,3.792035548,3.792035548,0.09194333825053111,0.09194333825053111,0.07015242200000005,0.07015242200000005,0.6640152749914061,0.6640152749914061,0.6648282196681364,0.6648282196681364,0.01611971330587479,0.01611971330587479,0.012299280751275288,0.012299280751275288,0.010862022816199999,0.010862022816199999,0.008563121444,0.008563121444,0.005264369156913352,0.005264369156913352,0.0018813001450000005,0.0018813001450000005,0.034779637530000004,0.034779637530000004,0.03784035129,0.03784035129,0.011418663197973427,0.011418663197973427,0.010465598770000004,0.010465598770000004,0.090382230198,0.090382230198,0.08668000137,0.08668000137,0.017343295656447592,0.017343295656447592,0.024732576239999998,0.024732576239999998,0.18717342958,0.18717342958,0.1808043076,0.1808043076,0.015870195297036614,0.015870195297036614,0.014642199600000017,0.014642199600000017,2.1018545156e-05,2.1018545156e-05,1.742017776e-05,1.742017776e-05,1.0185530231378831e-05,1.0185530231378831e-05,7.88005946e-06,7.88005946e-06
graphmvp_gin,sider,scaffold,1,historical,molecule_model.gnns.4.mlp.0,gin_mlp_in,4,dumped/n4_full_ft_splits/sider_scaffold_seed1.json,32,classification,600,300,5,True,0.6928318143000001,0.6928318143000001,0.6931587458,0.6931587458,0.0016232555928825955,0.0016232555928825955,0.0008153318999999382,0.0008153318999999382,40.78408853999999,40.78408853999999,39.98378332,39.98378332,3.9638516075631998,3.9638516075631998,4.232352949999999,4.232352949999999,0.13594696180000002,0.13594696180000002,0.13327927773333334,0.13327927773333334,0.01321283869187733,0.01321283869187733,0.014107843166666661,0.014107843166666661,3.0048588427999996,3.0048588427999996,3.035873733,3.035873733,0.8320390295981303,0.8320390295981303,1.063016788,1.063016788,0.7065048834799998,0.7065048834799998,0.6924946695,0.6924946695,0.07290043864094464,0.07290043864094464,0.04051013619999999,0.04051013619999999,0.86456431084,0.86456431084,0.8710850693,0.8710850693,0.03558330438332908,0.03558330438332908,0.03809087050000004,0.03809087050000004,0.9599358200799999,0.9599358200799999,0.9642795199,0.9642795199,0.01176589799330744,0.01176589799330744,0.014363479400000045,0.014363479400000045,3.7034757669999996,3.7034757669999996,3.688473955,3.688473955,0.09866110740653357,0.09866110740653357,0.10201697799999998,0.10201697799999998,0.6493017192460919,0.6493017192460919,0.6466715677515954,0.6466715677515954,0.017297487736413104,0.017297487736413104,0.017885846533119976,0.017885846533119976,0.0067589047324,0.0067589047324,0.004327772609,0.004327772609,0.005361779406655018,0.005361779406655018,0.000334890216,0.000334890216,0.0163986039676,0.0163986039676,0.01538873758,0.01538873758,0.006022716689249736,0.006022716689249736,0.002636824960000001,0.002636824960000001,0.052566380554,0.052566380554,0.05165336114,0.05165336114,0.008213759451131014,0.008213759451131014,0.0009476777099999972,0.0009476777099999972,0.6009529839400001,0.6009529839400001,0.6040440101,0.6040440101,0.027057177250860088,0.027057177250860088,0.05381130980000004,0.05381130980000004,6.678683058400001e-05,6.678683058400001e-05,6.154737639e-05,6.154737639e-05,2.893502162613597e-05,2.893502162613597e-05,3.685099727000001e-05,3.685099727000001e-05
graphmvp_gin,sider,scaffold,2,expanded,molecule_model.gnns.0.mlp.0,gin_mlp_in,0,dumped/n4_full_ft_splits/sider_scaffold_seed2.json,32,classification,600,300,5,True,0.69322407246,0.69322407246,0.6930283904,0.6930283904,0.0029240875619761597,0.0029240875619761597,0.006025314299999973,0.006025314299999973,8.308728208,8.308728208,8.62638458,8.62638458,0.7760596069950878,0.7760596069950878,0.4255766879999996,0.4255766879999996,0.02769576069333333,0.02769576069333333,0.028754615266666665,0.028754615266666665,0.0025868653566502925,0.0025868653566502925,0.001418588959999998,0.001418588959999998,2.4452049324000003,2.4452049324000003,2.45427673,2.45427673,0.2799429373311735,0.2799429373311735,0.3433163800000001,0.3433163800000001,0.90885765532,0.90885765532,0.9066271367,0.9066271367,0.022730667833102396,0.022730667833102396,0.017021244599999985,0.017021244599999985,0.99158027646,0.99158027646,0.9908120383,0.9908120383,0.0034784686519719232,0.0034784686519719232,0.004353447099999963,0.004353447099999963,0.99999068696,0.99999068696,0.9999998969,0.9999998969,1.577573081673369e-05,1.577573081673369e-05,5.7598999999575184e-06,5.7598999999575184e-06,2.1126097992,2.1126097992,2.154825481,2.154825481,0.09873699504985765,0.09873699504985765,0.050317276999999994,0.050317276999999994,0.3703875118988192,0.3703875118988192,0.37778886038775233,0.37778886038775233,0.01731079252909432,0.01731079252909432,0.008821738420701775,0.008821738420701775,0.076075831052,0.076075831052,0.08767531784,0.08767531784,0.021345479824634077,0.021345479824634077,0.038468555499999994,0.038468555499999994,0.23518595126,0.23518595126,0.2374421016,0.2374421016,0.05323363872453949,0.05323363872453949,0.0824592801,0.0824592801,0.44864273662,0.44864273662,0.4425618479,0.4425618479,0.034635922823105895,0.034635922823105895,0.04443279900000002,0.04443279900000002,0.006400249895399999,0.006400249895399999,0.005718833441,0.005718833441,0.0016464848236979878,0.0016464848236979878,0.0010110944369999993,0.0010110944369999993,2.3510470782e-06,2.3510470782e-06,2.326479034e-06,2.326479034e-06,4.773158673401494e-07,4.773158673401494e-07,7.901257959999998e-07,7.901257959999998e-07
graphmvp_gin,sider,scaffold,2,expanded,molecule_model.gnns.0.mlp.2,gin_mlp_out,0,dumped/n4_full_ft_splits/sider_scaffold_seed2.json,32,classification,300,600,5,True,0.69322407246,0.69322407246,0.6930283904,0.6930283904,0.0029240875619761597,0.0029240875619761597,0.006025314299999973,0.006025314299999973,17.409993338,17.409993338,17.2076978,17.2076978,1.1022185461261034,1.1022185461261034,1.8494295900000033,1.8494295900000033,0.05803331112666667,0.05803331112666667,0.057358992666666664,0.057358992666666664,0.003674061820420345,0.003674061820420345,0.0061647653000000135,0.0061647653000000135,2.74480812,2.74480812,2.903586133,2.903586133,0.4226279088926153,0.4226279088926153,0.6870756790000003,0.6870756790000003,0.8443307851,0.8443307851,0.8468410638,0.8468410638,0.03135475779296454,0.03135475779296454,0.047392251599999935,0.047392251599999935,0.9680005104599999,0.9680005104599999,0.9707926205,0.9707926205,0.006895017992282506,0.006895017992282506,0.011935519099999903,0.011935519099999903,0.99527537974,0.99527537974,0.9947905489,0.9947905489,0.0009821842350957125,0.0009821842350957125,0.0015714621000000317,0.0015714621000000317,2.855038448,2.855038448,2.84535683,2.84535683,0.06335360098127579,0.06335360098127579,0.10556194100000038,0.10556194100000038,0.5005517760689303,0.5005517760689303,0.49885437297843405,0.49885437297843405,0.011107296125470581,0.011107296125470581,0.01850735743676185,0.01850735743676185,0.050326718294000004,0.050326718294000004,0.04247469978,0.04247469978,0.023125508050664382,0.023125508050664382,0.02610365934,0.02610365934,0.132621331684,0.132621331684,0.1350540274,0.1350540274,0.03106684250686787,0.03106684250686787,0.03790489200000001,0.03790489200000001,0.2702066863,0.2702066863,0.2598197093,0.2598197093,0.02192949726801509,0.02192949726801509,0.03798439440000001,0.03798439440000001,0.013953023099999998,0.013953023099999998,0.01364280828,0.01364280828,0.002055322322305885,0.002055322322305885,0.0036611742800000003,0.0036611742800000003,5.2193691771999996e-06,5.2193691771999996e-06,4.933843229e-06,4.933843229e-06,1.0786077862984506e-06,1.0786077862984506e-06,1.5096798049999996e-06,1.5096798049999996e-06
graphmvp_gin,sider,scaffold,2,expanded,molecule_model.gnns.1.mlp.0,gin_mlp_in,1,dumped/n4_full_ft_splits/sider_scaffold_seed2.json,32,classification,600,300,5,True,0.69322407246,0.69322407246,0.6930283904,0.6930283904,0.0029240875619761597,0.0029240875619761597,0.006025314299999973,0.006025314299999973,22.027663739999998,22.027663739999998,22.32757374,22.32757374,0.7206751991260598,0.7206751991260598,1.1062771599999977,1.1062771599999977,0.0734255458,0.0734255458,0.0744252458,0.0744252458,0.0024022506637535333,0.0024022506637535333,0.0036875905333333264,0.0036875905333333264,3.1192828759999998,3.1192828759999998,3.528128185,3.528128185,0.6425508195288642,0.6425508195288642,1.1440079820000002,1.1440079820000002,0.75097028576,0.75097028576,0.7424577146,0.7424577146,0.032380398285682815,0.032380398285682815,0.0420975911,0.0420975911,0.9326393525400001,0.9326393525400001,0.9311248108,0.9311248108,0.008743318524367178,0.008743318524367178,0.015363311999999962,0.015363311999999962,0.9892417956199999,0.9892417956199999,0.9897572045,0.9897572045,0.001597624842543442,0.001597624842543442,0.002500753800000033,0.002500753800000033,3.0917607996,3.0917607996,3.105822405,3.105822405,0.03285915086886943,0.03285915086886943,0.050467655999999916,0.050467655999999916,0.5420544723326528,0.5420544723326528,0.5445197846867759,0.5445197846867759,0.005760940396109702,0.005760940396109702,0.00884810320594176,0.00884810320594176,0.0159955572078,0.0159955572078,0.0138525666,0.0138525666,0.00658885672826881,0.00658885672826881,0.00873438175,0.00873438175,0.071365420328,0.071365420328,0.07274759482,0.07274759482,0.008904468398357398,0.008904468398357398,0.008596764500000006,0.008596764500000006,0.23593160801999996,0.23593160801999996,0.2368808716,0.2368808716,0.026420888630569645,0.026420888630569645,0.020599107599999972,0.020599107599999972,0.019998171382,0.019998171382,0.02036222761,0.02036222761,0.00124171707470003,0.00124171707470003,0.0014906039000000017,0.0014906039000000017,7.7122311276e-06,7.7122311276e-06,7.029811059e-06,7.029811059e-06,2.446127613819923e-06,2.446127613819923e-06,1.2370269359999996e-06,1.2370269359999996e-06
graphmvp_gin,sider,scaffold,2,expanded,molecule_model.gnns.1.mlp.2,gin_mlp_out,1,dumped/n4_full_ft_splits/sider_scaffold_seed2.json,32,classification,300,600,5,True,0.69322407246,0.69322407246,0.6930283904,0.6930283904,0.0029240875619761597,0.0029240875619761597,0.006025314299999973,0.006025314299999973,39.372190408,39.372190408,40.65359273,40.65359273,2.280653986915228,2.280653986915228,2.211810740000004,2.211810740000004,0.13124063469333333,0.13124063469333333,0.13551197576666665,0.13551197576666665,0.007602179956384088,0.007602179956384088,0.007372702466666686,0.007372702466666686,2.7601993012,2.7601993012,2.696305794,2.696305794,0.5149286148150136,0.5149286148150136,0.26200341500000013,0.26200341500000013,0.7295324628400001,0.7295324628400001,0.731379357,0.731379357,0.046786967858665436,0.046786967858665436,0.02215921700000001,0.02215921700000001,0.8912286867200001,0.8912286867200001,0.8908126551,0.8908126551,0.01394014965384544,0.01394014965384544,0.01717655650000005,0.01717655650000005,0.96944633984,0.96944633984,0.9667474745,0.9667474745,0.00543676987828926,0.00543676987828926,0.007807166099999985,0.007807166099999985,3.671306525,3.671306525,3.705087214,3.705087214,0.05986925772030233,0.05986925772030233,0.05545254299999991,0.05545254299999991,0.6436617352279533,0.6436617352279533,0.649584241766395,0.649584241766395,0.010496413211114096,0.010496413211114096,0.009722064830907207,0.009722064830907207,0.01155986162,0.01155986162,0.01113360543,0.01113360543,0.0010378709761597036,0.0010378709761597036,0.0016525296700000015,0.0016525296700000015,0.039165668120000004,0.039165668120000004,0.0365697701,0.0365697701,0.0120543121358909,0.0120543121358909,0.004637672180000003,0.004637672180000003,0.12114586618,0.12114586618,0.1074175933,0.1074175933,0.02103708749240114,0.02103708749240114,0.042122344199999995,0.042122344199999995,0.034862360252,0.034862360252,0.03482299859,0.03482299859,0.002035345091944915,0.002035345091944915,0.0024269848199999985,0.0024269848199999985,1.3627057707399999e-05,1.3627057707399999e-05,1.221517778e-05,1.221517778e-05,5.0157327818837505e-06,5.0157327818837505e-06,2.426903849999999e-06,2.426903849999999e-06
graphmvp_gin,sider,scaffold,2,expanded,molecule_model.gnns.2.mlp.0,gin_mlp_in,2,dumped/n4_full_ft_splits/sider_scaffold_seed2.json,32,classification,600,300,5,True,0.69322407246,0.69322407246,0.6930283904,0.6930283904,0.0029240875619761597,0.0029240875619761597,0.006025314299999973,0.006025314299999973,38.926575316000005,38.926575316000005,39.31796306,39.31796306,1.6317069249457994,1.6317069249457994,0.662689879999995,0.662689879999995,0.12975525105333333,0.12975525105333333,0.13105987686666665,0.13105987686666665,0.005439023083152666,0.005439023083152666,0.00220896626666664,0.00220896626666664,3.272627817,3.272627817,3.150752782,3.150752782,0.6703810359128046,0.6703810359128046,0.4859413739999998,0.4859413739999998,0.67084991754,0.67084991754,0.6547845572,0.6547845572,0.04325118580820462,0.04325118580820462,0.05541267920000004,0.05541267920000004,0.8656931530599999,0.8656931530599999,0.8597486432,0.8597486432,0.014308369824933657,0.014308369824933657,0.019889933800000037,0.019889933800000037,0.96593878966,0.96593878966,0.9660330638,0.9660330638,0.004909953196217249,0.004909953196217249,0.0052961792000000285,0.0052961792000000285,3.6607746874,3.6607746874,3.67168149,3.67168149,0.04277434272184424,0.04277434272184424,0.016879357999999733,0.016879357999999733,0.6418152697207576,0.6418152697207576,0.6437274749369387,0.6437274749369387,0.0074992941809939005,0.0074992941809939005,0.0029593270912766645,0.0029593270912766645,0.010482170992600001,0.010482170992600001,0.009688736449,0.009688736449,0.0024139447422373683,0.0024139447422373683,0.003483617962,0.003483617962,0.038892786894000005,0.038892786894000005,0.04282521947,0.04282521947,0.00978608738126866,0.00978608738126866,0.017583482980000002,0.017583482980000002,0.106637256296,0.106637256296,0.1196671362,0.1196671362,0.022083532068045326,0.022083532068045326,0.04232080291,0.04232080291,0.031770225386,0.031770225386,0.03207996141,0.03207996141,0.0019250241928005704,0.0019250241928005704,0.001726351329999997,0.001726351329999997,1.2168335526800001e-05,1.2168335526800001e-05,1.146598879e-05,1.146598879e-05,3.4997521253022254e-06,3.4997521253022254e-06,1.4786655800000008e-06,1.4786655800000008e-06
graphmvp_gin,sider,scaffold,2,expanded,molecule_model.gnns.2.mlp.2,gin_mlp_out,2,dumped/n4_full_ft_splits/sider_scaffold_seed2.json,32,classification,300,600,5,True,0.69322407246,0.69322407246,0.6930283904,0.6930283904,0.0029240875619761597,0.0029240875619761597,0.006025314299999973,0.006025314299999973,53.35690705200001,53.35690705200001,53.35524593,53.35524593,2.1595329347265158,2.1595329347265158,3.172518359999998,3.172518359999998,0.17785635684,0.17785635684,0.17785081976666667,0.17785081976666667,0.007198443115755058,0.007198443115755058,0.010575061199999986,0.010575061199999986,3.4204597438,3.4204597438,3.460806756,3.460806756,0.7011952265574884,0.7011952265574884,0.943256849,0.943256849,0.6559223137,0.6559223137,0.6568149896,0.6568149896,0.026392213940192644,0.026392213940192644,0.03860810650000002,0.03860810650000002,0.84100717524,0.84100717524,0.8455321575,0.8455321575,0.012615927524235593,0.012615927524235593,0.014887732600000092,0.014887732600000092,0.94655785562,0.94655785562,0.947959663,0.947959663,0.005069514160239028,0.005069514160239028,0.006086004600000083,0.006086004600000083,3.9761820385999997,3.9761820385999997,3.976972303,3.976972303,0.040561329735308745,0.040561329735308745,0.05939590500000014,0.05939590500000014,0.6971131974733428,0.6971131974733428,0.6972517484092369,0.6972517484092369,0.007111303755978813,0.007111303755978813,0.01041342394523559,0.01041342394523559,0.005061303534,0.005061303534,0.005054935945,0.005054935945,0.0011399591562903512,0.0011399591562903512,0.0019506945050000004,0.0019506945050000004,0.023872164406000002,0.023872164406000002,0.0250420389,0.0250420389,0.004184282417702506,0.004184282417702506,0.0056069382899999985,0.0056069382899999985,0.08623073239599999,0.08623073239599999,0.08823622602,0.08823622602,0.009909172599808077,0.009909172599808077,0.009870365610000001,0.009870365610000001,0.036698215638,0.036698215638,0.03689286442,0.03689286442,0.003245689117464885,0.003245689117464885,0.005443493819999999,0.005443493819999999,1.3959336686e-05,1.3959336686e-05,1.32362311e-05,1.32362311e-05,3.615080053603189e-06,3.615080053603189e-06,3.08158906e-06,3.08158906e-06
graphmvp_gin,sider,scaffold,2,expanded,molecule_model.gnns.3.mlp.0,gin_mlp_in,3,dumped/n4_full_ft_splits/sider_scaffold_seed2.json,32,classification,600,300,5,True,0.69322407246,0.69322407246,0.6930283904,0.6930283904,0.0029240875619761597,0.0029240875619761597,0.006025314299999973,0.006025314299999973,45.923168856000004,45.923168856000004,45.82456251,45.82456251,1.535192084055471,1.535192084055471,1.0729767199999998,1.0729767199999998,0.15307722952,0.15307722952,0.1527485417,0.1527485417,0.005117306946851566,0.005117306946851566,0.0035765890666666633,0.0035765890666666633,3.422673186,3.422673186,3.106520864,3.106520864,0.6113838812450773,0.6113838812450773,0.7425055789999999,0.7425055789999999,0.6539699944999999,0.6539699944999999,0.6382410526,0.6382410526,0.03006512827893805,0.03006512827893805,0.041795436099999916,0.041795436099999916,0.8374719540200001,0.8374719540200001,0.840731252,0.840731252,0.016794873187054717,0.016794873187054717,0.035227614899999926,0.035227614899999926,0.9522268877399999,0.9522268877399999,0.9526771552,0.9526771552,0.00504834700818804,0.00504834700818804,0.006253977600000016,0.006253977600000016,3.8264120004000004,3.8264120004000004,3.824820247,3.824820247,0.03338657124149193,0.03338657124149193,0.023379099000000014,0.023379099000000014,0.6708551767887396,0.6708551767887396,0.6705761069947787,0.6705761069947787,0.005853408924663493,0.005853408924663493,0.00409887633406103,0.00409887633406103,0.006505373208199999,0.006505373208199999,0.007435841379,0.007435841379,0.0032861159889241496,0.0032861159889241496,0.00434081867,0.00434081867,0.025282707189999996,0.025282707189999996,0.02377635185,0.02377635185,0.006468099583934724,0.006468099583934724,0.00788227604,0.00788227604,0.08752969848200001,0.08752969848200001,0.08838390906,0.08838390906,0.01898834139209964,0.01898834139209964,0.012217598540000013,0.012217598540000013,0.048106800384,0.048106800384,0.04835347432,0.04835347432,0.0038350406641564005,0.0038350406641564005,0.00570853399,0.00570853399,1.8169574106000002e-05,1.8169574106000002e-05,1.696138497e-05,1.696138497e-05,4.1018994942348176e-06,4.1018994942348176e-06,2.9430993899999995e-06,2.9430993899999995e-06
graphmvp_gin,sider,scaffold,2,expanded,molecule_model.gnns.3.mlp.2,gin_mlp_out,3,dumped/n4_full_ft_splits/sider_scaffold_seed2.json,32,classification,300,600,5,True,0.69322407246,0.69322407246,0.6930283904,0.6930283904,0.0029240875619761597,0.0029240875619761597,0.006025314299999973,0.006025314299999973,56.300403622,56.300403622,57.31432378,57.31432378,2.9530497293365867,2.9530497293365867,1.8110037599999984,1.8110037599999984,0.18766801207333333,0.18766801207333333,0.19104774593333335,0.19104774593333335,0.00984349909778862,0.00984349909778862,0.006036679199999978,0.006036679199999978,3.1311953752,3.1311953752,3.022634661,3.022634661,0.5759974514873252,0.5759974514873252,1.1236546330000001,1.1236546330000001,0.66898073318,0.66898073318,0.6734084586,0.6734084586,0.044841109548766245,0.044841109548766245,0.06417261460000001,0.06417261460000001,0.83174627802,0.83174627802,0.8237548597,0.8237548597,0.022481743422742714,0.022481743422742714,0.02422501350000006,0.02422501350000006,0.9378642325,0.9378642325,0.9338769597,0.9338769597,0.008879780567039896,0.008879780567039896,0.00773683149999993,0.00773683149999993,4.0292623972,4.0292623972,4.048550571,4.048550571,0.05426224975661874,0.05426224975661874,0.03160296200000001,0.03160296200000001,0.7064193655882478,0.7064193655882478,0.7098010116951433,0.7098010116951433,0.009513379936511246,0.009513379936511246,0.0055407025321217995,0.0055407025321217995,0.004609954473,0.004609954473,0.003792904213,0.003792904213,0.0025961258348218066,0.0025961258348218066,0.0008278444920000001,0.0008278444920000001,0.016559919271999998,0.016559919271999998,0.0135293731,0.0135293731,0.007125093653570386,0.007125093653570386,0.007600232680000001,0.007600232680000001,0.055771792141999996,0.055771792141999996,0.05004592914,0.05004592914,0.010616624407201137,0.010616624407201137,0.019486076440000007,0.019486076440000007,0.074670509728,0.074670509728,0.07438064331,0.07438064331,0.0020776783816021794,0.0020776783816021794,0.0015388267499999997,0.0015388267499999997,2.8731536442e-05,2.8731536442e-05,2.555546598e-05,2.555546598e-05,8.68598612821021e-06,8.68598612821021e-06,5.4351949e-06,5.4351949e-06
graphmvp_gin,sider,scaffold,2,expanded,molecule_model.gnns.4.mlp.0,gin_mlp_in,4,dumped/n4_full_ft_splits/sider_scaffold_seed2.json,32,classification,600,300,5,True,0.69322407246,0.69322407246,0.6930283904,0.6930283904,0.0029240875619761597,0.0029240875619761597,0.006025314299999973,0.006025314299999973,41.731932832,41.731932832,42.23217763,42.23217763,2.206604474618504,2.206604474618504,0.8014915299999998,0.8014915299999998,0.13910644277333334,0.13910644277333334,0.14077392543333334,0.14077392543333334,0.0073553482487283455,0.0073553482487283455,0.0026716384333333176,0.0026716384333333176,2.892548154,2.892548154,2.763896447,2.763896447,0.719010304207906,0.719010304207906,1.104117715,1.104117715,0.7236009954800001,0.7236009954800001,0.7248486589,0.7248486589,0.03890121922624503,0.03890121922624503,0.05157480020000005,0.05157480020000005,0.86891546526,0.86891546526,0.8736428794,0.8736428794,0.019939217603206588,0.019939217603206588,0.02829600259999998,0.02829600259999998,0.95828635934,0.95828635934,0.9568522233,0.9568522233,0.006461896727398005,0.006461896727398005,0.0024689761000000754,0.0024689761000000754,3.7298011342,3.7298011342,3.743182434,3.743182434,0.054779349027093645,0.054779349027093645,0.01881468499999972,0.01881468499999972,0.6539171419619778,0.6539171419619778,0.656263181604874,0.656263181604874,0.009604038946172379,0.009604038946172379,0.003298632983217642,0.003298632983217642,0.008182219687,0.008182219687,0.005022017874,0.005022017874,0.006216060141189069,0.006216060141189069,0.004134146477,0.004134146477,0.0172514525996,0.0172514525996,0.0163487778,0.0163487778,0.00610921777397857,0.00610921777397857,0.006671877980000001,0.006671877980000001,0.054094431194,0.054094431194,0.05213180606,0.05213180606,0.005358385875141452,0.005358385875141452,0.006473920449999997,0.006473920449999997,0.15548271555999998,0.15548271555999998,0.154692309,0.154692309,0.0018601534686839576,0.0018601534686839576,0.001249880299999978,0.001249880299999978,5.983953597e-05,5.983953597e-05,5.426281859e-05,5.426281859e-05,1.8134402652198746e-05,1.8134402652198746e-05,9.14000703e-06,9.14000703e-06
graphmvp_gin,sider,scaffold,2,expanded,molecule_model.gnns.4.mlp.2,gin_mlp_out,4,dumped/n4_full_ft_splits/sider_scaffold_seed2.json,32,classification,300,600,5,True,0.69322407246,0.69322407246,0.6930283904,0.6930283904,0.0029240875619761597,0.0029240875619761597,0.006025314299999973,0.006025314299999973,20.762548164,20.762548164,21.20347299,21.20347299,1.2746373933703894,1.2746373933703894,1.199733079999998,1.199733079999998,0.06920849388,0.06920849388,0.0706782433,0.0706782433,0.00424879131123463,0.00424879131123463,0.003999110266666661,0.003999110266666661,2.2996466071999997,2.2996466071999997,2.401151618,2.401151618,0.5078786369463998,0.5078786369463998,0.7724047619999999,0.7724047619999999,0.79666218008,0.79666218008,0.7764521874,0.7764521874,0.033358764878224964,0.033358764878224964,0.04704391050000001,0.04704391050000001,0.92309966342,0.92309966342,0.9184253119,0.9184253119,0.014259751175217139,0.014259751175217139,0.022337585900000012,0.022337585900000012,0.98833026746,0.98833026746,0.9879849473,0.9879849473,0.0029029209140959637,0.0029029209140959637,0.00306982340000006,0.00306982340000006,3.0312292380000003,3.0312292380000003,3.054164989,3.054164989,0.06230400580471378,0.06230400580471378,0.05789940999999965,0.05789940999999965,0.5314419425124919,0.5314419425124919,0.5354630900758697,0.5354630900758697,0.010923278733288154,0.010923278733288154,0.01015105506867875,0.01015105506867875,0.00101328845212,0.00101328845212,0.000771846244,0.000771846244,0.0003587556138254565,0.0003587556138254565,0.0004581342342,0.0004581342342,0.0022868817362000004,0.0022868817362000004,0.00205452719,0.00205452719,0.0009081608310285281,0.0009081608310285281,0.001880062248,0.001880062248,0.006741821626800001,0.006741821626800001,0.006849722233,0.006849722233,0.0016762859701249233,0.0016762859701249233,0.002324187715999999,0.002324187715999999,0.57805772868,0.57805772868,0.5714877898,0.5714877898,0.009231880112520175,0.009231880112520175,0.01717843590000001,0.01717843590000001,0.0002227898105,0.0002227898105,0.0002002569381,0.0002002569381,6.939237165094125e-05,6.939237165094125e-05,2.0124862200000007e-05,2.0124862200000007e-05
graphmvp_gin,sider,scaffold,2,historical,molecule_model.gnns.0.mlp.0,gin_mlp_in,0,dumped/n4_full_ft_splits/sider_scaffold_seed2.json,32,classification,600,300,5,True,0.69322407246,0.69322407246,0.6930283904,0.6930283904,0.0029240875619761597,0.0029240875619761597,0.006025314299999973,0.006025314299999973,8.308728208,8.308728208,8.62638458,8.62638458,0.7760596069950878,0.7760596069950878,0.4255766879999996,0.4255766879999996,0.02769576069333333,0.02769576069333333,0.028754615266666665,0.028754615266666665,0.0025868653566502925,0.0025868653566502925,0.001418588959999998,0.001418588959999998,2.4452049324000003,2.4452049324000003,2.45427673,2.45427673,0.2799429373311735,0.2799429373311735,0.3433163800000001,0.3433163800000001,0.90885765532,0.90885765532,0.9066271367,0.9066271367,0.022730667833102396,0.022730667833102396,0.017021244599999985,0.017021244599999985,0.99158027646,0.99158027646,0.9908120383,0.9908120383,0.0034784686519719232,0.0034784686519719232,0.004353447099999963,0.004353447099999963,0.99999068696,0.99999068696,0.9999998969,0.9999998969,1.577573081673369e-05,1.577573081673369e-05,5.7598999999575184e-06,5.7598999999575184e-06,2.1126097992,2.1126097992,2.154825481,2.154825481,0.09873699504985765,0.09873699504985765,0.050317276999999994,0.050317276999999994,0.3703875118988192,0.3703875118988192,0.37778886038775233,0.37778886038775233,0.01731079252909432,0.01731079252909432,0.008821738420701775,0.008821738420701775,0.076075831052,0.076075831052,0.08767531784,0.08767531784,0.021345479824634077,0.021345479824634077,0.038468555499999994,0.038468555499999994,0.23518595126,0.23518595126,0.2374421016,0.2374421016,0.05323363872453949,0.05323363872453949,0.0824592801,0.0824592801,0.44864273662,0.44864273662,0.4425618479,0.4425618479,0.034635922823105895,0.034635922823105895,0.04443279900000002,0.04443279900000002,0.02451012524,0.02451012524,0.02126936147,0.02126936147,0.006632698998530143,0.006632698998530143,0.00415772155,0.00415772155,2.3510470782e-06,2.3510470782e-06,2.326479034e-06,2.326479034e-06,4.773158673401494e-07,4.773158673401494e-07,7.901257959999998e-07,7.901257959999998e-07
graphmvp_gin,sider,scaffold,2,historical,molecule_model.gnns.1.mlp.0,gin_mlp_in,1,dumped/n4_full_ft_splits/sider_scaffold_seed2.json,32,classification,600,300,5,True,0.69322407246,0.69322407246,0.6930283904,0.6930283904,0.0029240875619761597,0.0029240875619761597,0.006025314299999973,0.006025314299999973,22.027663739999998,22.027663739999998,22.32757374,22.32757374,0.7206751991260598,0.7206751991260598,1.1062771599999977,1.1062771599999977,0.0734255458,0.0734255458,0.0744252458,0.0744252458,0.0024022506637535333,0.0024022506637535333,0.0036875905333333264,0.0036875905333333264,3.1192828759999998,3.1192828759999998,3.528128185,3.528128185,0.6425508195288642,0.6425508195288642,1.1440079820000002,1.1440079820000002,0.75097028576,0.75097028576,0.7424577146,0.7424577146,0.032380398285682815,0.032380398285682815,0.0420975911,0.0420975911,0.9326393525400001,0.9326393525400001,0.9311248108,0.9311248108,0.008743318524367178,0.008743318524367178,0.015363311999999962,0.015363311999999962,0.9892417956199999,0.9892417956199999,0.9897572045,0.9897572045,0.001597624842543442,0.001597624842543442,0.002500753800000033,0.002500753800000033,3.0917607996,3.0917607996,3.105822405,3.105822405,0.03285915086886943,0.03285915086886943,0.050467655999999916,0.050467655999999916,0.5420544723326528,0.5420544723326528,0.5445197846867759,0.5445197846867759,0.005760940396109702,0.005760940396109702,0.00884810320594176,0.00884810320594176,0.0159955572078,0.0159955572078,0.0138525666,0.0138525666,0.00658885672826881,0.00658885672826881,0.00873438175,0.00873438175,0.071365420328,0.071365420328,0.07274759482,0.07274759482,0.008904468398357398,0.008904468398357398,0.008596764500000006,0.008596764500000006,0.23593160801999996,0.23593160801999996,0.2368808716,0.2368808716,0.026420888630569645,0.026420888630569645,0.020599107599999972,0.020599107599999972,0.076383504904,0.076383504904,0.07870221393,0.07870221393,0.004155189973807408,0.004155189973807408,0.006772817970000011,0.006772817970000011,7.7122311276e-06,7.7122311276e-06,7.029811059e-06,7.029811059e-06,2.446127613819923e-06,2.446127613819923e-06,1.2370269359999996e-06,1.2370269359999996e-06
graphmvp_gin,sider,scaffold,2,historical,molecule_model.gnns.2.mlp.0,gin_mlp_in,2,dumped/n4_full_ft_splits/sider_scaffold_seed2.json,32,classification,600,300,5,True,0.69322407246,0.69322407246,0.6930283904,0.6930283904,0.0029240875619761597,0.0029240875619761597,0.006025314299999973,0.006025314299999973,38.926575316000005,38.926575316000005,39.31796306,39.31796306,1.6317069249457994,1.6317069249457994,0.662689879999995,0.662689879999995,0.12975525105333333,0.12975525105333333,0.13105987686666665,0.13105987686666665,0.005439023083152666,0.005439023083152666,0.00220896626666664,0.00220896626666664,3.272627817,3.272627817,3.150752782,3.150752782,0.6703810359128046,0.6703810359128046,0.4859413739999998,0.4859413739999998,0.67084991754,0.67084991754,0.6547845572,0.6547845572,0.04325118580820462,0.04325118580820462,0.05541267920000004,0.05541267920000004,0.8656931530599999,0.8656931530599999,0.8597486432,0.8597486432,0.014308369824933657,0.014308369824933657,0.019889933800000037,0.019889933800000037,0.96593878966,0.96593878966,0.9660330638,0.9660330638,0.004909953196217249,0.004909953196217249,0.0052961792000000285,0.0052961792000000285,3.6607746874,3.6607746874,3.67168149,3.67168149,0.04277434272184424,0.04277434272184424,0.016879357999999733,0.016879357999999733,0.6418152697207576,0.6418152697207576,0.6437274749369387,0.6437274749369387,0.0074992941809939005,0.0074992941809939005,0.0029593270912766645,0.0029593270912766645,0.010482170992600001,0.010482170992600001,0.009688736449,0.009688736449,0.0024139447422373683,0.0024139447422373683,0.003483617962,0.003483617962,0.038892786894000005,0.038892786894000005,0.04282521947,0.04282521947,0.00978608738126866,0.00978608738126866,0.017583482980000002,0.017583482980000002,0.106637256296,0.106637256296,0.1196671362,0.1196671362,0.022083532068045326,0.022083532068045326,0.04232080291,0.04232080291,0.12129446458,0.12129446458,0.1218681319,0.1218681319,0.005219564910602079,0.005219564910602079,0.0041301918999999965,0.0041301918999999965,1.2168335526800001e-05,1.2168335526800001e-05,1.146598879e-05,1.146598879e-05,3.4997521253022254e-06,3.4997521253022254e-06,1.4786655800000008e-06,1.4786655800000008e-06
graphmvp_gin,sider,scaffold,2,historical,molecule_model.gnns.3.mlp.0,gin_mlp_in,3,dumped/n4_full_ft_splits/sider_scaffold_seed2.json,32,classification,600,300,5,True,0.69322407246,0.69322407246,0.6930283904,0.6930283904,0.0029240875619761597,0.0029240875619761597,0.006025314299999973,0.006025314299999973,45.923168856000004,45.923168856000004,45.82456251,45.82456251,1.535192084055471,1.535192084055471,1.0729767199999998,1.0729767199999998,0.15307722952,0.15307722952,0.1527485417,0.1527485417,0.005117306946851566,0.005117306946851566,0.0035765890666666633,0.0035765890666666633,3.422673186,3.422673186,3.106520864,3.106520864,0.6113838812450773,0.6113838812450773,0.7425055789999999,0.7425055789999999,0.6539699944999999,0.6539699944999999,0.6382410526,0.6382410526,0.03006512827893805,0.03006512827893805,0.041795436099999916,0.041795436099999916,0.8374719540200001,0.8374719540200001,0.840731252,0.840731252,0.016794873187054717,0.016794873187054717,0.035227614899999926,0.035227614899999926,0.9522268877399999,0.9522268877399999,0.9526771552,0.9526771552,0.00504834700818804,0.00504834700818804,0.006253977600000016,0.006253977600000016,3.8264120004000004,3.8264120004000004,3.824820247,3.824820247,0.03338657124149193,0.03338657124149193,0.023379099000000014,0.023379099000000014,0.6708551767887396,0.6708551767887396,0.6705761069947787,0.6705761069947787,0.005853408924663493,0.005853408924663493,0.00409887633406103,0.00409887633406103,0.006505373208199999,0.006505373208199999,0.007435841379,0.007435841379,0.0032861159889241496,0.0032861159889241496,0.00434081867,0.00434081867,0.025282707189999996,0.025282707189999996,0.02377635185,0.02377635185,0.006468099583934724,0.006468099583934724,0.00788227604,0.00788227604,0.08752969848200001,0.08752969848200001,0.08838390906,0.08838390906,0.01898834139209964,0.01898834139209964,0.012217598540000013,0.012217598540000013,0.1835496453,0.1835496453,0.1835395736,0.1835395736,0.010544880443181116,0.010544880443181116,0.012995194399999993,0.012995194399999993,1.8169574106000002e-05,1.8169574106000002e-05,1.696138497e-05,1.696138497e-05,4.1018994942348176e-06,4.1018994942348176e-06,2.9430993899999995e-06,2.9430993899999995e-06
graphmvp_gin,sider,scaffold,2,historical,molecule_model.gnns.4.mlp.0,gin_mlp_in,4,dumped/n4_full_ft_splits/sider_scaffold_seed2.json,32,classification,600,300,5,True,0.69322407246,0.69322407246,0.6930283904,0.6930283904,0.0029240875619761597,0.0029240875619761597,0.006025314299999973,0.006025314299999973,41.731932832,41.731932832,42.23217763,42.23217763,2.206604474618504,2.206604474618504,0.8014915299999998,0.8014915299999998,0.13910644277333334,0.13910644277333334,0.14077392543333334,0.14077392543333334,0.0073553482487283455,0.0073553482487283455,0.0026716384333333176,0.0026716384333333176,2.892548154,2.892548154,2.763896447,2.763896447,0.719010304207906,0.719010304207906,1.104117715,1.104117715,0.7236009954800001,0.7236009954800001,0.7248486589,0.7248486589,0.03890121922624503,0.03890121922624503,0.05157480020000005,0.05157480020000005,0.86891546526,0.86891546526,0.8736428794,0.8736428794,0.019939217603206588,0.019939217603206588,0.02829600259999998,0.02829600259999998,0.95828635934,0.95828635934,0.9568522233,0.9568522233,0.006461896727398005,0.006461896727398005,0.0024689761000000754,0.0024689761000000754,3.7298011342,3.7298011342,3.743182434,3.743182434,0.054779349027093645,0.054779349027093645,0.01881468499999972,0.01881468499999972,0.6539171419619778,0.6539171419619778,0.656263181604874,0.656263181604874,0.009604038946172379,0.009604038946172379,0.003298632983217642,0.003298632983217642,0.008182219687,0.008182219687,0.005022017874,0.005022017874,0.006216060141189069,0.006216060141189069,0.004134146477,0.004134146477,0.0172514525996,0.0172514525996,0.0163487778,0.0163487778,0.00610921777397857,0.00610921777397857,0.006671877980000001,0.006671877980000001,0.054094431194,0.054094431194,0.05213180606,0.05213180606,0.005358385875141452,0.005358385875141452,0.006473920449999997,0.006473920449999997,0.59426225998,0.59426225998,0.5942331142,0.5942331142,0.01306861107222018,0.01306861107222018,0.015097953600000102,0.015097953600000102,5.983953597e-05,5.983953597e-05,5.426281859e-05,5.426281859e-05,1.8134402652198746e-05,1.8134402652198746e-05,9.14000703e-06,9.14000703e-06
